-- phpMyAdmin SQL Dump
-- version 5.2.1
-- https://www.phpmyadmin.net/
--
-- Host: 127.0.0.1
-- Generation Time: Jan 13, 2025 at 01:44 PM
-- Server version: 10.4.32-MariaDB
-- PHP Version: 8.2.12

SET SQL_MODE = "NO_AUTO_VALUE_ON_ZERO";
START TRANSACTION;
SET time_zone = "+00:00";


/*!40101 SET @OLD_CHARACTER_SET_CLIENT=@@CHARACTER_SET_CLIENT */;
/*!40101 SET @OLD_CHARACTER_SET_RESULTS=@@CHARACTER_SET_RESULTS */;
/*!40101 SET @OLD_COLLATION_CONNECTION=@@COLLATION_CONNECTION */;
/*!40101 SET NAMES utf8mb4 */;

--
-- Database: `timemasterdb`
--

-- --------------------------------------------------------

--
-- Table structure for table `authority`
--

CREATE TABLE `authority` (
  `id` bigint(20) NOT NULL,
  `authority` varchar(255) NOT NULL,
  `username` varchar(255) NOT NULL
) ENGINE=InnoDB DEFAULT CHARSET=utf8mb4 COLLATE=utf8mb4_general_ci;

--
-- Dumping data for table `authority`
--

INSERT INTO `authority` (`id`, `authority`, `username`) VALUES
(1, 'ROLE_STUDENT', 'A22EC0069'),
(2, 'ROLE_STAFF', 'FC0001'),
(3, 'ROLE_STUDENT', 'A22EC0099'),
(4, 'ROLE_STUDENT', 'A23EC0001'),
(5, 'ROLE_STUDENT', 'A240001'),
(6, 'ROLE_STAFF', 'FC0002'),
(7, 'ROLE_STAFF', 'FC0003'),
(8, 'ROLE_STUDENT', 'A21EC0001'),
(9, 'ROLE_STUDENT', 'A22EC0067');

-- --------------------------------------------------------

--
-- Table structure for table `classroom`
--

CREATE TABLE `classroom` (
  `classroom_id` varchar(255) NOT NULL,
  `abbreviation` varchar(255) NOT NULL,
  `block` varchar(255) NOT NULL,
  `capacity` int(11) NOT NULL,
  `name` varchar(255) NOT NULL,
  `faculty` varchar(255) NOT NULL,
  `floor` varchar(255) NOT NULL,
  `type` varchar(255) NOT NULL
) ENGINE=InnoDB DEFAULT CHARSET=utf8mb4 COLLATE=utf8mb4_general_ci;

--
-- Dumping data for table `classroom`
--

INSERT INTO `classroom` (`classroom_id`, `abbreviation`, `block`, `capacity`, `name`, `faculty`, `floor`, `type`) VALUES
('Block L50', 'L50-DK3', 'Block L50', 250, 'Dewan Kuliah 3', 'Centre Point', '1', ''),
('Block P19-DK4', 'P19-DK4', 'Block P19', 250, 'Dewan Kuliah 4', 'FKE', '1', ''),
('Block P19-DK5', 'P19-DK5', 'Block P19', 250, 'Dewan Kuliah 5', 'FKE', '1', ''),
('Block P19-DK6', 'P19-DK6', 'Block P19', 250, 'Dewan Kuliah 6', 'FKE', '1', ''),
('N28-105-01', 'BK1', 'N28', 120, 'Bilik Kuliah 1', 'Faculty of Computing', '1', ''),
('N28-106-01', 'BK5', 'N28', 120, 'Bilik Kuliah 5', 'Faculty of Computing', '1', ''),
('N28-107-01', 'BK6', 'N28', 120, 'Bilik Kuliah 6', 'Faculty of Computing', '1', ''),
('N28-108-01', 'BK7', 'N28', 120, 'Bilik Kuliah 7', 'Faculty of Computing', '1', ''),
('N28-111-01', 'BK4', 'N28', 120, 'Bilik Kuliah 4', 'Faculty of Computing', '1', ''),
('N28-112-02', 'BK3', 'N28', 120, 'Bilik Kuliah 3', 'Faculty of Computing', '1', ''),
('N28-116-02', 'BK2', 'N28', 120, 'Bilik Kuliah 2', 'Faculty of Computing', '1', ''),
('N28-202-01', 'VETL', 'N28', 25, 'Virtual Environment Teaching Lab', 'Faculty of Computing', '2', ''),
('N28-203-01', 'CVTL', 'N28', 28, 'Computer Vision Teaching Lab', 'Faculty of Computing', '2', ''),
('N28-204-01', 'CVL', 'N28', 30, 'Computer Vision Lab', 'Faculty of Computing', '2', ''),
('N28-223-02', 'CGMTL', 'N28', 40, 'Computer Graphic & Multimedia Teaching Lab', 'Faculty of Computing', '2', ''),
('N28-301-01', 'PMO', 'N28', 36, 'PMO', 'Faculty of Computing', '3', ''),
('N28-321-02', 'MCASE', 'N28', 28, 'Makmal CASE', 'Faculty of Computing', '3', ''),
('N28-322-02', 'SIL', 'N28', 30, 'Software Innovation Lab', 'Faculty of Computing', '3', ''),
('N28-329-01', 'ISTL', 'N28', 26, 'Makmal Pengajaran Sistem Maklumat /\r\nInformation System Teaching Lab', 'Faculty of Computing', '3', ''),
('N28-330-01', 'CSL', 'N28', 30, 'Computer Security Lab', 'Faculty of Computing', '3', ''),
('N28-350-03', 'DAL', 'N28', 23, 'Data-Analytics Lab', 'Faculty of Computing', '3', ''),
('N28-351-02', 'ALL', 'N28', 36, 'Active Learning Lab', 'Faculty of Computing', '3', ''),
('N28-352-01', 'CCNA', 'N28', 30, 'CCNA Teaching Lab', 'Faculty of Computing', '3', ''),
('N28-422-01', 'CCNP', 'N28', 36, 'CCNP Lab', 'Faculty of Computing', '4', ''),
('N28-423-01', 'IDAL', 'N28', 32, 'Intelligence Data Analysis Lab', 'Faculty of Computing', '4', ''),
('N28-502-01', 'MPK 1', 'N28', 60, 'Makmal Pengaturcaraan Komputer 1', 'Faculty of Computing', '5', ''),
('N28-505-01', 'MPK 2', 'N28', 60, 'Makmal Pengaturcaraan Komputer 2', 'Faculty of Computing', '5', ''),
('N28-506-01', 'MPK 3', 'N28', 60, 'Makmal Pengaturcaraan Komputer 3', 'Faculty of Computing', '5', ''),
('N28-512-01', 'MPK 4', 'N28', 60, 'Makmal Pengaturcaraan Komputer 4', 'Faculty of Computing', '5', ''),
('N28-516-01', 'MPK 5', 'N28', 25, 'Makmal Pengaturcaraan Komputer 5', 'Faculty of Computing', '5', ''),
('N28-517-02', 'MPK 6', 'N28', 60, 'Makmal Pengaturcaraan Komputer 6', 'Faculty of Computing', '5', ''),
('N28-518-02', 'MPK 7', 'N28', 60, 'Makmal Pengaturcaraan Komputer 7', 'Faculty of Computing', '5', ''),
('N28-524-02', 'MPK 8', 'N28', 60, 'Makmal Pengaturcaraan Komputer 8', 'Faculty of Computing', '5', ''),
('N28-525-01', 'MPK 9', 'N28', 60, 'Makmal Pengaturcaraan Komputer 9', 'Faculty of Computing', '5', ''),
('N28-527-02', 'MPK 10', 'N28', 60, 'Makmal Pengaturcaraan Komputer 10', 'Faculty of Computing', '5', ''),
('N28a-01-01', 'N28a-BT4', 'N28a', 40, 'Bilik Tutorial 4', 'Faculty of Computing', '1', ''),
('N28a-01-02', 'N28a-BT3', 'N28a', 40, 'Bilik Tutorial 3', 'Faculty of Computing', '1', ''),
('N28a-01-04', 'N28a-BT2', 'N28a', 27, 'Bilik Tutorial 2', 'Faculty of Computing', '1', ''),
('N28a-01-05', 'N28a-BT1', 'N28a', 24, 'Bilik Tutorial 1', 'Faculty of Computing', '1', ''),
('N28a-01-07', 'N28a-BT5', 'N28a', 40, 'Bilik Tutorial 5', 'Faculty of Computing', '1', ''),
('N28a-01-15', 'N28a-BK6', 'N28a', 36, 'Bilik Kuliah 6', 'Faculty of Computing', '1', ''),
('N28a-01-16', 'N28a-BK5', 'N28a', 28, 'Bilik Kuliah 5', 'Faculty of Computing', '1', ''),
('N28a-01-19', 'N28a-BK2', 'N28a', 36, 'Bilik Kuliah 2', 'Faculty of Computing', '1', ''),
('N28a-01-20', 'N28a-BK1', 'N28a', 28, 'Bilik Kuliah 1', 'Faculty of Computing', '1', ''),
('N28A-02-33', 'N28A-MP1', 'N28A', 48, 'Makmal Pengajaran 1', 'Faculty of Computing', '2', ''),
('N28A-02-34', 'N28A-MP2', 'N28A', 48, 'Makmal Pengajaran 2', 'Faculty of Computing', '2', '');

-- --------------------------------------------------------

--
-- Table structure for table `course`
--

CREATE TABLE `course` (
  `course_code` varchar(255) NOT NULL,
  `course_credit` int(11) NOT NULL,
  `course_name` varchar(255) NOT NULL,
  `year` int(11) NOT NULL
) ENGINE=InnoDB DEFAULT CHARSET=utf8mb4 COLLATE=utf8mb4_general_ci;

--
-- Dumping data for table `course`
--

INSERT INTO `course` (`course_code`, `course_credit`, `course_name`, `year`) VALUES
('SCSE1013', 3, 'Fundamental Programming Concept', 1),
('SCSR1013', 3, 'Digital Logic', 1),
('SCST1143', 3, 'Database Engineering', 1),
('SEBB4173', 3, 'Cell & Molecular Biology for Bioinformatics', 4),
('SECB2103', 3, 'Bioinformatics I', 2),
('SECB3032', 2, 'Bioinformatics Project I', 3),
('SECB3103', 3, 'Bioinformatics II', 3),
('SECB3104', 4, 'Application Development', 3),
('SECB3203', 3, 'Programming for Bioinformatics', 3),
('SECB3213', 3, 'Bioinformatics Database', 3),
('SECB4114', 4, 'Practical Training Report', 4),
('SECB4118', 8, 'Practical Training (HW)', 4),
('SECB4134', 4, 'Bioinformatics Project II', 4),
('SECD2523', 3, 'Database', 2),
('SECD3761', 1, 'Technopreneurship Seminar', 3),
('SECI1013', 3, 'Discrete Structure', 1),
('SECI1113', 3, 'Computational Mathematics', 1),
('SECJ1013', 3, 'Programming Technique I', 1),
('SECJ1023', 3, 'Programming Technique II', 1),
('SECJ2013', 3, 'Data Structure and Algorithm', 2),
('SECJ2203', 3, 'Software Engineering', 2),
('SECJ3032', 2, 'Software Engineering Project I', 3),
('SECJ3104', 4, 'Application Development', 3),
('SECJ3203', 3, 'Theory of Computer Science', 3),
('SECJ3303', 3, 'Internet Programming', 3),
('SECJ3323', 3, 'Software Design and Architecture', 3),
('SECJ3553', 3, 'Artificial Intelligence', 3),
('SECJ3623', 3, 'Mobile Application Programming', 3),
('SECJ4114', 4, 'Practical Training Report', 4),
('SECJ4118', 8, 'Practical Training (HW)', 4),
('SECJ4134', 4, 'Software Engineering Project II', 4),
('SECP1103', 3, 'Programming Technique C', 1),
('SECP1513', 3, 'Technology & Information System', 1),
('SECP2523', 3, 'Database WBL', 2),
('SECP2753', 3, 'Data Mining', 2),
('SECP3204', 4, 'Software Engineering WBL', 3),
('SECP3223', 3, 'Data Analytics Programming', 3),
('SECP3723', 3, 'System Development Technology WBL', 3),
('SECP3744', 4, 'Enterprise System Design & Modeling', 3),
('SECP4112', 2, 'Initial Industry Project Proposal', 4),
('SECP4114', 4, 'Professional Development', 4),
('SECP4124', 4, 'Professional Practice', 4),
('SECP4134', 4, 'Professional Development and Practice Report', 4),
('SECR1013', 3, 'Digital Logic', 1),
('SECR1213', 3, 'Network Communications', 1),
('SECR2043', 3, 'Operating System', 2),
('SECR3032', 2, 'Computer Network and Security Project I', 3),
('SECR3104', 4, 'Application Development', 3),
('SECR3242', 2, 'Internetworking Technology', 3),
('SECR3443', 3, 'Introduction to Cryptography', 3),
('SECR3941', 1, 'Internetworking Technology Lab', 3),
('SECR4114', 4, 'Practical Training Report', 4),
('SECR4118', 8, 'Practical Training (HW)', 4),
('SECR4134', 4, 'Computer Network and Security Project II', 4),
('SECV1113', 3, 'Mathematics for Computer Graphics', 1),
('SECV2113', 3, 'Human Computer Interaction', 2),
('SECV3032', 2, 'Project I (Graphics and Multimedia Software)', 3),
('SECV3104', 4, 'Application Development', 3),
('SECV3113', 3, 'Geometric Modelling', 3),
('SECV3213', 3, 'Fundamental of Image Processing', 3),
('SECV4114', 4, 'Practical Training Report', 4),
('SECV4118', 8, 'Practical Training (HW)', 4),
('SECV4134', 4, 'Graphics and Multimedia Software Project II', 4);

-- --------------------------------------------------------

--
-- Table structure for table `faculty_timetable`
--

CREATE TABLE `faculty_timetable` (
  `faculty_timetable_id` varchar(255) NOT NULL,
  `semester` int(11) NOT NULL,
  `year` int(11) NOT NULL
) ENGINE=InnoDB DEFAULT CHARSET=utf8mb4 COLLATE=utf8mb4_general_ci;

--
-- Dumping data for table `faculty_timetable`
--

INSERT INTO `faculty_timetable` (`faculty_timetable_id`, `semester`, `year`) VALUES
('Y1/S1', 1, 1),
('Y2/S1', 1, 2),
('Y3/S1', 1, 3),
('Y4/S1', 1, 4);

-- --------------------------------------------------------

--
-- Table structure for table `lecturer`
--

CREATE TABLE `lecturer` (
  `lecturer_id` varchar(255) NOT NULL,
  `email` varchar(255) NOT NULL,
  `faculty` varchar(255) NOT NULL,
  `name` varchar(255) NOT NULL,
  `office` varchar(255) NOT NULL,
  `phone_num` varchar(255) NOT NULL
) ENGINE=InnoDB DEFAULT CHARSET=utf8mb4 COLLATE=utf8mb4_general_ci;

--
-- Dumping data for table `lecturer`
--

INSERT INTO `lecturer` (`lecturer_id`, `email`, `faculty`, `name`, `office`, `phone_num`) VALUES
('LC001', 'noraini_ib@utm.my', 'Faculty of Computing', 'Dr. Noraini binti Ibrahim', 'N28A-01-03', '01383344978'),
('LC002', 'khatibsyarbini@utm.my', 'Faculty of Computing', 'Dr. Muhammad Khatibsyarbini Abd Rahim', 'N28A-02-10', '01122920462'),
('LC003', 'azizahsaadon@utm.my', 'Faculty of Computing', 'Dr. Nor Azizah binti Sa’adon', 'N28A-02-09', '01250031385'),
('LC004', 'hiewmoi@utm.my', 'Faculty of Computing', 'Dr. Sim Hiew Moi', 'N28A-02-08', '01163961726'),
('LC005', 'haizan@utm.my', 'Faculty of Computing', 'Dr. Nor Haizan binti Mohamed Radzi', 'N28A-02-07', '01754280513'),
('LC006', 'nzah@utm.my', 'Faculty of Computing', 'Dr. Nor Azizah binti Ali', 'N28A-02-10', '01153385893'),
('LC007', 'shukor@utm.my', 'Faculty of Computing', 'Dr. Mohamad Shukor bin Talib', 'N28A-02-02', '01181791418'),
('LC008', 'zuriahati@utm.my', 'Faculty of Computing', 'Dr. Zuriahati binti Mohd Yunos', 'N28A-01-01', '01253781933'),
('LC009', 'foad@utm.my', 'Faculty of Computing', 'Dr. Mohd Fo\'ad bin Rohani', 'N28A-01-05', '01066431621'),
('LC010', 'afida@utm.my', 'Faculty of Computing', 'Assoc. Prof. Dr. Norafida binti Ithnin', 'N28A-01-05', '01031318692'),
('LC011', 'ahmadfariz@utm.my', 'Faculty of Computing', 'Mr. Ahmad Fariz bin Ali', 'N28A-02-10', '01335640193'),
('LC012', 'sharin@utm.my', 'Faculty of Computing', 'Dr. Sharin Hazlin binti Huspi', 'N28A-02-02', '01116624904'),
('LC013', 'rozilawati@utm.my', 'Faculty of Computing', 'Ms. Rozilawati binti Dollah', 'N28A-02-02', '01332704639'),
('LC014', 'noorhidayah.z@utm.my', 'Faculty of Computing', 'Dr. Noor Hidayah binti Zakaria', 'N28A-03-04', '01223222213'),
('LC015', 'mirapanadi@utm.my', 'Faculty of Computing', 'Dr. Mira Panadi', 'N28A-02-05', '01853690218'),
('LC016', 'minshah@utm.my', 'Faculty of Computing', 'Dr. Noorminsah binti Iahad', 'N28A-03-08', '01630939483'),
('LC017', 'erne@utm.my', 'Faculty of Computing', 'Dr. Nor Erne Nazira binti Bazin', 'N28A-03-06', '01956861484'),
('LC018', 'noorfa@utm.my', 'Faculty of Computing', 'Dr. Noorfa Haszlinna binti Mustaffa', 'N28A-03-10', '01266831003'),
('LC019', 'muhammadaliif@utm.my', 'Faculty of Computing', 'Dr. Muhammad Aliif bin Ahmad', 'N28A-03-02', '01675822424'),
('LC020', 'seahcs@utm.my', 'Faculty of Computing', 'Dr. Seah Choon Sen', 'N28A-01-10', '01676342370'),
('LC021', 'azlanmz@utm.my', 'Faculty of Computing', 'Prof. Dr. Azlan bin Mohd Zain', 'N28A-02-03', '01083241411'),
('LC022', 'tarmizi@utm.my', 'Faculty of Computing', 'Dr. Tarmizi bin Adam', 'N28A-03-02', '01154267435'),
('LC023', 'eg.su@utm.my', 'Faculty of Computing', 'Ts. Dr. Goh Eg Su', 'N28A-02-04', '01636628606'),
('LC024', 'mohdkufaisal@gmail.com', 'Faculty of Computing', 'Dr. Mohd Kufaisal bin Mohd Sidik', 'N28A-02-07', '01725958242'),
('LC025', 'izyanizzati@utm.my', 'Faculty of Computing', 'Dr. Izyan Izzati binti Kamsani', 'N28A-02-08', '01166718140'),
('LC026', 'jamilah.mahmood@utm.my', 'Faculty of Computing', 'Dr. Jamilah binti Mahmood', 'N28A-02-07', '01355323987'),
('LC027', 'alifridzuan@utm.my', 'Faculty of Computing', 'Dr. Alif Ridzuan bin Khairuddin', 'N28A-03-05', '01544192964'),
('LC028', 'lizawati@utm.my', 'Faculty of Computing', 'Ms. Lizawati binti Mi Yusuf', 'N28A-02-08', '01488466645'),
('LC029', 'jumail@utm.my', 'Faculty of Computing', 'Dr. Jumail bin Taliba', 'N28A-01-04', '01248752318'),
('LC030', 'azurah@utm.my', 'Faculty of Computing', 'Assoc. Prof. Dr. Azurah binti Abu Samah', 'N28A-03-08', '01592125209'),
('LC031', 'aryati@utm.my', 'Faculty of Computing', 'Dr. Aryati binti Bakri', 'N28A-02-06', '01393350711'),
('LC032', 'miqbaltariq@utm.my', 'Faculty of Computing', 'Ts. Dr. Muhammad Iqbal Tariq bin Idris', 'N28A-01-01', '01142010237'),
('LC033', 'haswadi@utm.my', 'Faculty of Computing', 'Dr. Haswadi bin Hasan', 'N28A-02-03', '01078650683'),
('LC034', 'suriati@utm.my', 'Faculty of Computing', 'Dr. Suriati binti Sadimon', 'N28A-02-08', '01711861550'),
('LC035', 'yeeyongpang@utm.my', 'Faculty of Computing', 'Dr. Pang Yee Yong', 'N28A-02-04', '01959553181'),
('LC036', 'farkhana@utm.my', 'Faculty of Computing', 'Dr. Farkhana Binti Muchtar', 'N28A-03-10', '01116796238'),
('LC037', 'nur. haliza@utm.my', 'Faculty of Computing', 'Ts. Dr. Nur Haliza binti Abdul Wahab', 'N28A-02-08', '01293949684'),
('LC038', 'sitinurhadis.arahman@utm.my', 'Faculty of Computing', 'Dr. Siti Nur Hadis bin A Rahman', 'N28A-03-03', '01262643676'),
('LC039', 'mohdsharial@utm.my', 'Faculty of Computing', 'Dr. Mohd Sharial bin Bungsu', 'N28A-02-03', '01784486497'),
('LC040', 'm-nasir@utm.my', 'Faculty of Computing', 'Dr. Mohd Nasir bin Markom', 'N28A-01-06', '01969596774'),
('LC041', 'radhiahtulraehan@utm.my', 'Faculty of Computing', 'Dr. Radhiahtul Raehan binti Mustafa', 'N28A-02-08', '01942775485'),
('LC042', 'norhidayu_mz@utm.my', 'Faculty of Computing', 'Dr. Norhidayu binti Muhamad Zain', 'N28A-02-02', '01225100470'),
('LC043', 'sulaimankadikon@utm.my', 'Faculty of Computing', 'Assoc. Prof. Dr. Sulaiman bin Kadikon', 'N28A-01-06', '01829108126'),
('LC044', 'shakib@utm.my', 'Faculty of Computing', 'Assoc. Prof. Dr. Sulaiman Shakib bin Mohd Noor', 'N28A-02-05', '01715417995'),
('LC045', 'bushrah@utm.my', 'Faculty of Computing', 'Assoc. Prof. Dr. Bushrah bin Basiron', 'N28A-01-05', '01085209716'),
('LC046', 'qamar@utm.my', 'Faculty of Computing', 'Assoc. Prof. Dr. Kamarul Azmi bin Jasmi', 'N28A-01-01', '01842234636'),
('LC047', 'muhammadluqman.ms@utm.my', 'Faculty of Computing', 'Dr. Muhammad Luqman bin Mohd Shafie', 'N28A-03-02', '01191431560'),
('LC048', 'm.zafran@utm.my', 'Faculty of Computing', 'Dr. Muhammad Zafran bin Muhammad Zaly Shah', 'N28A-02-01', '01932310391'),
('LC049', 'ismailfauzi@utm.my', 'Faculty of Computing', 'Assoc. Prof. Ts. Dr. Ismail Fauzi bin Isnin', 'N28A-01-03', '01485041518'),
('LC050', 'hazinah@utm.my', 'Faculty of Computing', 'Ts. Ms. Hazinah binti Kutty Mammi', 'N28A-03-03', '01720933420'),
('LC051', 'firoz@utm.my', 'Faculty of Computing', 'Mr. Firoz bin Yusuf Patel Dawoodi', 'N28A-02-02', '01044638732'),
('LC052', 'zahilah@utm.my', 'Faculty of Computing', 'Dr. Raja Zahilah binti Raja Mohd Radzi', 'N28A-02-05', '01162593627'),
('LC053', 'nurfazrina.mz@utm.my', 'Faculty of Computing', 'Dr. Nurfazrina binti Mohd Zamry', 'N28A-01-05', '01357547863'),
('LC054', 'haslinah@utm.my', 'Faculty of Computing', 'Dr. Haslina binti Hashim', 'N28A-01-09', '01724406607'),
('LC055', 'huiwennies@utm.my', 'Faculty of Computing', 'Dr. Nies Hui Wen', 'N28A-02-09', '01723630641'),
('LC056', 'ahmadnajmi.an@utm.my', 'Faculty of Computing', 'Dr. Ahmad Najmi bin Amerhaider Nuar', 'N28A-02-04', '01339731970'),
('LC057', 'layla.hasan@utm.my', 'Faculty of Computing', 'Dr. Layla Rasheed Abdallah Hasan', 'N28A-01-02', '01765748353'),
('LC058', 'shahliza@utm.my', 'Faculty of Computing', 'Dr. Shahliza binti Abd. Halim', 'N28A-02-04', '01622472139'),
('LC059', 'johanna@utm.my', 'Faculty of Computing', 'Ts. Dr. Johanna binti Ahmad', 'N28A-02-07', '01222160056'),
('LC060', 'noranita@utm.my', 'Faculty of Computing', 'Ms. Nor Anita Fairos binti Ismail', 'N28A-03-09', '01039929347'),
('LC061', 'nureiliyah@utm.my', 'Faculty of Computing', 'Dr. Nur Eiliyah', 'N28A-03-06', '01828257150'),
('LC062', 'aszuraini@utm.my', 'Faculty of Computing', 'Dr. Zuraini binti Ali Shah', 'N28A-02-01', '01898011086'),
('LC063', 'mrazak@utm.my', 'Faculty of Computing', 'Dr. Mohd Razak bin Samingan', 'N28A-02-06', '01920997441'),
('LC064', 'rizam@utm.my', 'Faculty of Computing', 'Mr. Norizam bin Katmon', 'N28A-02-10', '01144522050'),
('LC065', 'ruhaidah@utm.my', 'Faculty of Computing', 'Dr. Ruhaidah binti Samsudin', 'N28A-01-05', '01663935185'),
('LC066', 'fazliaty.edora@utm.my', 'Faculty of Computing', 'Dr. Fazliaty Edora binti Fadzli', 'N28A-02-07', '01353771963'),
('LC067', 'zuraifah@utm.my', 'Faculty of Computing', 'Dr. Nur Zuraifah Syazrah binti Othman', 'N28A-03-07', '01576439051'),
('LC068', 'suhaimi@utm.my', 'Faculty of Computing', 'Dr. Cik Suhaimi bin Yusof', 'N28A-02-09', '01847684572'),
('LC069', 'azman@utm.my', 'Faculty of Computing', 'Assoc. Prof. Dr. Nor Azman bin Ismail', 'N28A-03-07', '01968793249'),
('LC070', 'aida@utm.my', 'Faculty of Computing', 'Dr. Aida binti Ali', 'N28A-01-02', '01054317866'),
('LC071', 'sarina@utm.my', 'Faculty of Computing', 'Dr. Sarina binti Sulaiman', 'N28A-03-05', '01333090563'),
('LC072', 'haza@utm.my', 'Faculty of Computing', 'Assoc. Prof. Dr. Haza Nuzly bin Abdull Hamed', 'N28A-03-09', '01780881423'),
('LC073', 'mohdadham@utm.my', 'Faculty of Computing', 'Assoc. Prof. Dr. Mohd Adham bin Isa', 'N28A-01-09', '01980765864'),
('LC074', 'shafaatunnur@utm.my', 'Faculty of Computing', 'Dr. Shafaatunnur binti Hassan', 'N28A-02-07', '01891376407'),
('LC075', 'sitizaiton@utm.my', 'Faculty of Computing', 'Assoc. Prof. Dr. Siti Zaiton binti Mohd Hashim', 'N28A-01-08', '01140257644'),
('LC076', 'rohayanti@utm.my', 'Faculty of Computing', 'Assoc. Prof. Ts. Dr. Rohayanti binti Hassan', 'N28A-03-04', '01286490036'),
('LC077', 'razib@utm.my', 'Faculty of Computing', 'Dr. Muhamad Razib bin Othman', 'N28A-03-01', '01994408178'),
('LC078', 'yazid@utm.my', 'Faculty of Computing', 'Assoc. Prof. Dr. Mohd. Yazid bin Idris', 'N28A-01-05', '01229068311'),
('LC079', 'hishamudin@utm.my', 'Faculty of Computing', 'Assoc. Prof. Dr. Hishamuddin bin Asmuni ', 'N28A-02-04', '01698970940'),
('LC080', 'shahidasulaiman@utm.my', 'Faculty of Computing', 'Assoc. Prof. Dr. Shahida binti Sulaiman', 'N28A-02-10', '01830560198'),
('LC081', 'mrazak@utm.my', 'Faculty of Computing', 'Dr. Mohd. Razak bin Samingan', 'N28A-02-07', '01075071652'),
('LC082', 'adilafirdaus@utm.my', 'Faculty of Computing', 'Dr. Adila Firdaus binti Arbain', 'N28A-01-06', '01788783344'),
('LC083', 'cwenghowe@utm.my', 'Faculty of Computing', 'Dr. Chan Weng Howe', 'N28A-03-05', '01693429001'),
('LC084', 'roliana@utm.my', 'Faculty of Computing', 'Assoc. Prof. Dr. Roliana binti Ibrahim', 'N28A-02-05', '01357283141'),
('LC085', 'johan@utm.my', 'Faculty of Computing', 'Dr. Johan bin Mohamad Sharif', 'N28A-02-10', '01827347969'),
('LC086', 'knizam@utm.my', 'Faculty of Computing', 'Prof. Ts. Dr. Kamalrulnizam bin Abu Bakar', 'N28A-01-06', '01868985411'),
('LC087', 'rashidah@utm.my', 'Faculty of Computing', 'Ms. Rashidah binti Kadir', 'N28A-03-04', '01476908674'),
('LC088', 'muhalim@utm.my', 'Faculty of Computing', 'Dr. Muhalim bin Mohamed Amin', 'N28A-02-03', '01959704917'),
('LC089', 'wnasir@utm.my', 'Faculty of Computing', 'Prof. Ts. Dr. Wan Mohd Nasir bin Wan Kadir', 'N28A-02-06', '01357802067'),
('LC090', 'sah@utm.my', 'Faculty of Computing', 'Dr. Md. Sah bin Hj. Salam', 'N28A-01-04', '01925230721'),
('LC091', 'haida@utm.my', 'Faculty of Computing', 'Dr. Norhaida binti Mohd Suaib', 'N28A-02-10', '01254214406'),
('LC092', 'nurizzati.mn@utm.my', 'Faculty of Computing', 'Dr. Nur Izzati binti Mohamad Norzilan', 'N28A-01-06', '01834161957'),
('LC093', 'muhammadtalhah@utm.my', 'Faculty of Computing', 'Dr. Muhammad Talhah bin Jima\'ain', 'N28A-01-09', '01472296808'),
('LC094', 'sitinurhadis.arahman@utm.my', 'Faculty of Computing', 'Dr. Siti Nur Hadis binti Ab Rahman', 'N28A-02-06', '01794523278'),
('LC095', 'norhidayu_mz@utm.my', 'Faculty of Computing', 'Dr. Norhidayu bin Muhamad Zain', 'N28A-02-03', '01736524051'),
('LC096', 'muhammadsobri@utm.my', 'Faculty of Computing', 'Dr. Muhammad Sobri bin Faisal', 'N28A-02-07', '01294011218'),
('LC097', 'azlah@utm.my', 'Faculty of Computing', 'Dr. Azlah bin Md. Ali', 'N28A-01-08', '01152182196'),
('LC098', 'kohar@utm.my', 'Faculty of Computing', 'Dr. Mohd. Koharuddin bin Mohd. Balwi', 'N28A-03-09', '01029612431'),
('LC099', 'hazinah@utm.my', 'Faculty of Computing', 'Ms. Hazinah Kutty Mammi', 'N28A-03-04', '01362702036'),
('LC100', 'zalmiyah@utm.my', 'Faculty of Computing', 'Dr. Zalmiyah binti Zakaria', 'N28A-03-04', '01833755252'),
('LC101', 'hairudin@utm.my', 'Faculty of Computing', 'En. Hairudin Abdul Majid', 'N28A-01-10', '01473491310'),
('LC102', 'haslinah@utm.my', 'Faculty of Computing', 'Dr. Haslina Hashim', 'N28A-02-09', '01457498032'),
('LC103', 'hazinah@utm.my', 'Faculty of Computing', 'Ts. Ms. Hazinah Kutty Mammi', 'N28A-03-02', '01732066883');

-- --------------------------------------------------------

--
-- Table structure for table `login`
--

CREATE TABLE `login` (
  `username` varchar(255) NOT NULL,
  `enabled` bit(1) NOT NULL,
  `password` varchar(255) NOT NULL,
  `role` varchar(255) NOT NULL
) ENGINE=InnoDB DEFAULT CHARSET=utf8mb4 COLLATE=utf8mb4_general_ci;

--
-- Dumping data for table `login`
--

INSERT INTO `login` (`username`, `enabled`, `password`, `role`) VALUES
('A21EC0001', b'1', '$2a$10$CJl6K6CyHI.9AnwS5F9Pied/R4e0s7VMqrZxo6eKAejeJhtff2Z0W', 'ROLE_STUDENT'),
('A22EC0067', b'1', '$2a$10$2LbxrQXeZk.5.5OzcDmX3.9y3ye3jIDl0FUK5gv4g6T8MUNxy1AbG', 'ROLE_STUDENT'),
('A22EC0069', b'1', '$2a$12$3zrgzBRSrWraa1QlDOU/ruh6KRNr4jrbQfWyHrufOQf8kGrCES0Gu', 'ROLE_STUDENT'),
('A22EC0099', b'1', '$2a$10$gCIvoRJFkA1oCGIB2JwY3uZf34eGEoJEgDgm8KoCsmEbPMRYe0YFq', 'ROLE_STUDENT'),
('A23EC0001', b'1', '$2a$10$BDvbZNkG73ePI37nKwW9aOmnO2zRQ9xci2/A9Omo7QyoWS.eT0GG6', 'ROLE_STUDENT'),
('A240001', b'1', '$2a$10$Jm0hn95/mgwkgofl0RX2V.K/mWjbKlXpKq9HXiDRmhDwBvHgQ7VIK', 'ROLE_STUDENT'),
('FC0001', b'1', '$2a$10$uKv6Tkg2KA91S3vUKOkwh.gna0pah9GsCL43gkDxkVpe3IB9nIWJ.', 'ROLE_STAFF'),
('FC0002', b'1', '$2a$10$qOS92crAaK7Dhkutt6HWJu.hQocbo/R/xgeYk5PQ2hSDHBBsJotQa', 'ROLE_STAFF'),
('FC0003', b'1', '$2a$10$PvNKDr9npG6ngmBssFySWOzWL5rfQIrXefZIodfKP7fq/h7VH5UQq', 'ROLE_STAFF');

-- --------------------------------------------------------

--
-- Table structure for table `published_schedule`
--

CREATE TABLE `published_schedule` (
  `schedule_id` varchar(255) NOT NULL,
  `classroom_id` varchar(255) NOT NULL,
  `faculty_timetable_id` varchar(255) DEFAULT NULL,
  `lecturer_id` varchar(255) DEFAULT NULL,
  `section_id` varchar(255) DEFAULT NULL,
  `time_slot_id` varchar(255) NOT NULL
) ENGINE=InnoDB DEFAULT CHARSET=utf8mb4 COLLATE=utf8mb4_general_ci;

--
-- Dumping data for table `published_schedule`
--

INSERT INTO `published_schedule` (`schedule_id`, `classroom_id`, `faculty_timetable_id`, `lecturer_id`, `section_id`, `time_slot_id`) VALUES
('MON_10.00-10.50_1', 'Block L50', NULL, NULL, NULL, 'MON_10.00-10.50'),
('MON_10.00-10.50_10', 'N28-112-02', NULL, NULL, NULL, 'MON_10.00-10.50'),
('MON_10.00-10.50_11', 'N28-116-02', NULL, NULL, NULL, 'MON_10.00-10.50'),
('MON_10.00-10.50_12', 'N28-202-01', NULL, NULL, NULL, 'MON_10.00-10.50'),
('MON_10.00-10.50_13', 'N28-203-01', NULL, NULL, NULL, 'MON_10.00-10.50'),
('MON_10.00-10.50_14', 'N28-204-01', NULL, NULL, NULL, 'MON_10.00-10.50'),
('MON_10.00-10.50_15', 'N28-223-02', NULL, NULL, NULL, 'MON_10.00-10.50'),
('MON_10.00-10.50_16', 'N28-301-01', NULL, NULL, NULL, 'MON_10.00-10.50'),
('MON_10.00-10.50_17', 'N28-321-02', NULL, NULL, NULL, 'MON_10.00-10.50'),
('MON_10.00-10.50_18', 'N28-322-02', NULL, NULL, NULL, 'MON_10.00-10.50'),
('MON_10.00-10.50_19', 'N28-329-01', NULL, NULL, NULL, 'MON_10.00-10.50'),
('MON_10.00-10.50_2', 'Block P19-DK4', NULL, NULL, NULL, 'MON_10.00-10.50'),
('MON_10.00-10.50_20', 'N28-330-01', NULL, NULL, NULL, 'MON_10.00-10.50'),
('MON_10.00-10.50_21', 'N28-350-03', NULL, NULL, NULL, 'MON_10.00-10.50'),
('MON_10.00-10.50_22', 'N28-351-02', 'Y3/S1', 'LC064', 'SECJ3303_04', 'MON_10.00-10.50'),
('MON_10.00-10.50_23', 'N28-352-01', NULL, NULL, NULL, 'MON_10.00-10.50'),
('MON_10.00-10.50_24', 'N28-422-01', NULL, NULL, NULL, 'MON_10.00-10.50'),
('MON_10.00-10.50_25', 'N28-423-01', NULL, NULL, NULL, 'MON_10.00-10.50'),
('MON_10.00-10.50_26', 'N28-502-01', NULL, NULL, NULL, 'MON_10.00-10.50'),
('MON_10.00-10.50_27', 'N28-505-01', NULL, NULL, NULL, 'MON_10.00-10.50'),
('MON_10.00-10.50_28', 'N28-506-01', NULL, NULL, NULL, 'MON_10.00-10.50'),
('MON_10.00-10.50_29', 'N28-512-01', NULL, NULL, NULL, 'MON_10.00-10.50'),
('MON_10.00-10.50_3', 'Block P19-DK5', NULL, NULL, NULL, 'MON_10.00-10.50'),
('MON_10.00-10.50_30', 'N28-516-01', NULL, NULL, NULL, 'MON_10.00-10.50'),
('MON_10.00-10.50_31', 'N28-517-02', NULL, NULL, NULL, 'MON_10.00-10.50'),
('MON_10.00-10.50_32', 'N28-518-02', NULL, NULL, NULL, 'MON_10.00-10.50'),
('MON_10.00-10.50_33', 'N28-524-02', NULL, NULL, NULL, 'MON_10.00-10.50'),
('MON_10.00-10.50_34', 'N28-525-01', NULL, NULL, NULL, 'MON_10.00-10.50'),
('MON_10.00-10.50_35', 'N28-527-02', NULL, NULL, NULL, 'MON_10.00-10.50'),
('MON_10.00-10.50_36', 'N28a-01-01', NULL, NULL, NULL, 'MON_10.00-10.50'),
('MON_10.00-10.50_37', 'N28a-01-02', NULL, NULL, NULL, 'MON_10.00-10.50'),
('MON_10.00-10.50_38', 'N28a-01-04', NULL, NULL, NULL, 'MON_10.00-10.50'),
('MON_10.00-10.50_39', 'N28a-01-05', NULL, NULL, NULL, 'MON_10.00-10.50'),
('MON_10.00-10.50_4', 'Block P19-DK6', NULL, NULL, NULL, 'MON_10.00-10.50'),
('MON_10.00-10.50_40', 'N28a-01-07', NULL, NULL, NULL, 'MON_10.00-10.50'),
('MON_10.00-10.50_41', 'N28a-01-15', NULL, NULL, NULL, 'MON_10.00-10.50'),
('MON_10.00-10.50_42', 'N28a-01-16', NULL, NULL, NULL, 'MON_10.00-10.50'),
('MON_10.00-10.50_43', 'N28a-01-19', NULL, NULL, NULL, 'MON_10.00-10.50'),
('MON_10.00-10.50_44', 'N28a-01-20', NULL, NULL, NULL, 'MON_10.00-10.50'),
('MON_10.00-10.50_45', 'N28A-02-33', NULL, NULL, NULL, 'MON_10.00-10.50'),
('MON_10.00-10.50_46', 'N28A-02-34', NULL, NULL, NULL, 'MON_10.00-10.50'),
('MON_10.00-10.50_5', 'N28-105-01', NULL, NULL, NULL, 'MON_10.00-10.50'),
('MON_10.00-10.50_6', 'N28-106-01', NULL, NULL, NULL, 'MON_10.00-10.50'),
('MON_10.00-10.50_7', 'N28-107-01', NULL, NULL, NULL, 'MON_10.00-10.50'),
('MON_10.00-10.50_8', 'N28-108-01', NULL, NULL, NULL, 'MON_10.00-10.50'),
('MON_10.00-10.50_9', 'N28-111-01', NULL, NULL, NULL, 'MON_10.00-10.50'),
('MON_11.00-11.50_1', 'Block L50', NULL, NULL, NULL, 'MON_11.00-11.50'),
('MON_11.00-11.50_10', 'N28-112-02', NULL, NULL, NULL, 'MON_11.00-11.50'),
('MON_11.00-11.50_11', 'N28-116-02', NULL, NULL, NULL, 'MON_11.00-11.50'),
('MON_11.00-11.50_12', 'N28-202-01', NULL, NULL, NULL, 'MON_11.00-11.50'),
('MON_11.00-11.50_13', 'N28-203-01', NULL, NULL, NULL, 'MON_11.00-11.50'),
('MON_11.00-11.50_14', 'N28-204-01', NULL, NULL, NULL, 'MON_11.00-11.50'),
('MON_11.00-11.50_15', 'N28-223-02', NULL, NULL, NULL, 'MON_11.00-11.50'),
('MON_11.00-11.50_16', 'N28-301-01', NULL, NULL, NULL, 'MON_11.00-11.50'),
('MON_11.00-11.50_17', 'N28-321-02', NULL, NULL, NULL, 'MON_11.00-11.50'),
('MON_11.00-11.50_18', 'N28-322-02', NULL, NULL, NULL, 'MON_11.00-11.50'),
('MON_11.00-11.50_19', 'N28-329-01', NULL, NULL, NULL, 'MON_11.00-11.50'),
('MON_11.00-11.50_2', 'Block P19-DK4', NULL, NULL, NULL, 'MON_11.00-11.50'),
('MON_11.00-11.50_20', 'N28-330-01', NULL, NULL, NULL, 'MON_11.00-11.50'),
('MON_11.00-11.50_21', 'N28-350-03', NULL, NULL, NULL, 'MON_11.00-11.50'),
('MON_11.00-11.50_22', 'N28-351-02', 'Y3/S1', 'LC064', 'SECJ3303_04', 'MON_11.00-11.50'),
('MON_11.00-11.50_23', 'N28-352-01', NULL, NULL, NULL, 'MON_11.00-11.50'),
('MON_11.00-11.50_24', 'N28-422-01', NULL, NULL, NULL, 'MON_11.00-11.50'),
('MON_11.00-11.50_25', 'N28-423-01', NULL, NULL, NULL, 'MON_11.00-11.50'),
('MON_11.00-11.50_26', 'N28-502-01', NULL, NULL, NULL, 'MON_11.00-11.50'),
('MON_11.00-11.50_27', 'N28-505-01', NULL, NULL, NULL, 'MON_11.00-11.50'),
('MON_11.00-11.50_28', 'N28-506-01', NULL, NULL, NULL, 'MON_11.00-11.50'),
('MON_11.00-11.50_29', 'N28-512-01', NULL, NULL, NULL, 'MON_11.00-11.50'),
('MON_11.00-11.50_3', 'Block P19-DK5', NULL, NULL, NULL, 'MON_11.00-11.50'),
('MON_11.00-11.50_30', 'N28-516-01', NULL, NULL, NULL, 'MON_11.00-11.50'),
('MON_11.00-11.50_31', 'N28-517-02', NULL, NULL, NULL, 'MON_11.00-11.50'),
('MON_11.00-11.50_32', 'N28-518-02', NULL, NULL, NULL, 'MON_11.00-11.50'),
('MON_11.00-11.50_33', 'N28-524-02', NULL, NULL, NULL, 'MON_11.00-11.50'),
('MON_11.00-11.50_34', 'N28-525-01', NULL, NULL, NULL, 'MON_11.00-11.50'),
('MON_11.00-11.50_35', 'N28-527-02', NULL, NULL, NULL, 'MON_11.00-11.50'),
('MON_11.00-11.50_36', 'N28a-01-01', NULL, NULL, NULL, 'MON_11.00-11.50'),
('MON_11.00-11.50_37', 'N28a-01-02', NULL, NULL, NULL, 'MON_11.00-11.50'),
('MON_11.00-11.50_38', 'N28a-01-04', NULL, NULL, NULL, 'MON_11.00-11.50'),
('MON_11.00-11.50_39', 'N28a-01-05', NULL, NULL, NULL, 'MON_11.00-11.50'),
('MON_11.00-11.50_4', 'Block P19-DK6', NULL, NULL, NULL, 'MON_11.00-11.50'),
('MON_11.00-11.50_40', 'N28a-01-07', NULL, NULL, NULL, 'MON_11.00-11.50'),
('MON_11.00-11.50_41', 'N28a-01-15', NULL, NULL, NULL, 'MON_11.00-11.50'),
('MON_11.00-11.50_42', 'N28a-01-16', NULL, NULL, NULL, 'MON_11.00-11.50'),
('MON_11.00-11.50_43', 'N28a-01-19', NULL, NULL, NULL, 'MON_11.00-11.50'),
('MON_11.00-11.50_44', 'N28a-01-20', NULL, NULL, NULL, 'MON_11.00-11.50'),
('MON_11.00-11.50_45', 'N28A-02-33', NULL, NULL, NULL, 'MON_11.00-11.50'),
('MON_11.00-11.50_46', 'N28A-02-34', NULL, NULL, NULL, 'MON_11.00-11.50'),
('MON_11.00-11.50_5', 'N28-105-01', NULL, NULL, NULL, 'MON_11.00-11.50'),
('MON_11.00-11.50_6', 'N28-106-01', NULL, NULL, NULL, 'MON_11.00-11.50'),
('MON_11.00-11.50_7', 'N28-107-01', NULL, NULL, NULL, 'MON_11.00-11.50'),
('MON_11.00-11.50_8', 'N28-108-01', NULL, NULL, NULL, 'MON_11.00-11.50'),
('MON_11.00-11.50_9', 'N28-111-01', NULL, NULL, NULL, 'MON_11.00-11.50'),
('MON_12.00-12.50_1', 'Block L50', NULL, NULL, NULL, 'MON_12.00-12.50'),
('MON_12.00-12.50_10', 'N28-112-02', NULL, NULL, NULL, 'MON_12.00-12.50'),
('MON_12.00-12.50_11', 'N28-116-02', NULL, NULL, NULL, 'MON_12.00-12.50'),
('MON_12.00-12.50_12', 'N28-202-01', NULL, NULL, NULL, 'MON_12.00-12.50'),
('MON_12.00-12.50_13', 'N28-203-01', NULL, NULL, NULL, 'MON_12.00-12.50'),
('MON_12.00-12.50_14', 'N28-204-01', NULL, NULL, NULL, 'MON_12.00-12.50'),
('MON_12.00-12.50_15', 'N28-223-02', NULL, NULL, NULL, 'MON_12.00-12.50'),
('MON_12.00-12.50_16', 'N28-301-01', NULL, NULL, NULL, 'MON_12.00-12.50'),
('MON_12.00-12.50_17', 'N28-321-02', NULL, NULL, NULL, 'MON_12.00-12.50'),
('MON_12.00-12.50_18', 'N28-322-02', NULL, NULL, NULL, 'MON_12.00-12.50'),
('MON_12.00-12.50_19', 'N28-329-01', NULL, NULL, NULL, 'MON_12.00-12.50'),
('MON_12.00-12.50_2', 'Block P19-DK4', NULL, NULL, NULL, 'MON_12.00-12.50'),
('MON_12.00-12.50_20', 'N28-330-01', NULL, NULL, NULL, 'MON_12.00-12.50'),
('MON_12.00-12.50_21', 'N28-350-03', NULL, NULL, NULL, 'MON_12.00-12.50'),
('MON_12.00-12.50_22', 'N28-351-02', NULL, NULL, NULL, 'MON_12.00-12.50'),
('MON_12.00-12.50_23', 'N28-352-01', NULL, NULL, NULL, 'MON_12.00-12.50'),
('MON_12.00-12.50_24', 'N28-422-01', NULL, NULL, NULL, 'MON_12.00-12.50'),
('MON_12.00-12.50_25', 'N28-423-01', NULL, NULL, NULL, 'MON_12.00-12.50'),
('MON_12.00-12.50_26', 'N28-502-01', NULL, NULL, NULL, 'MON_12.00-12.50'),
('MON_12.00-12.50_27', 'N28-505-01', NULL, NULL, NULL, 'MON_12.00-12.50'),
('MON_12.00-12.50_28', 'N28-506-01', NULL, NULL, NULL, 'MON_12.00-12.50'),
('MON_12.00-12.50_29', 'N28-512-01', NULL, NULL, NULL, 'MON_12.00-12.50'),
('MON_12.00-12.50_3', 'Block P19-DK5', NULL, NULL, NULL, 'MON_12.00-12.50'),
('MON_12.00-12.50_30', 'N28-516-01', NULL, NULL, NULL, 'MON_12.00-12.50'),
('MON_12.00-12.50_31', 'N28-517-02', NULL, NULL, NULL, 'MON_12.00-12.50'),
('MON_12.00-12.50_32', 'N28-518-02', NULL, NULL, NULL, 'MON_12.00-12.50'),
('MON_12.00-12.50_33', 'N28-524-02', NULL, NULL, NULL, 'MON_12.00-12.50'),
('MON_12.00-12.50_34', 'N28-525-01', NULL, NULL, NULL, 'MON_12.00-12.50'),
('MON_12.00-12.50_35', 'N28-527-02', NULL, NULL, NULL, 'MON_12.00-12.50'),
('MON_12.00-12.50_36', 'N28a-01-01', NULL, NULL, NULL, 'MON_12.00-12.50'),
('MON_12.00-12.50_37', 'N28a-01-02', NULL, NULL, NULL, 'MON_12.00-12.50'),
('MON_12.00-12.50_38', 'N28a-01-04', NULL, NULL, NULL, 'MON_12.00-12.50'),
('MON_12.00-12.50_39', 'N28a-01-05', NULL, NULL, NULL, 'MON_12.00-12.50'),
('MON_12.00-12.50_4', 'Block P19-DK6', NULL, NULL, NULL, 'MON_12.00-12.50'),
('MON_12.00-12.50_40', 'N28a-01-07', NULL, NULL, NULL, 'MON_12.00-12.50'),
('MON_12.00-12.50_41', 'N28a-01-15', NULL, NULL, NULL, 'MON_12.00-12.50'),
('MON_12.00-12.50_42', 'N28a-01-16', NULL, NULL, NULL, 'MON_12.00-12.50'),
('MON_12.00-12.50_43', 'N28a-01-19', NULL, NULL, NULL, 'MON_12.00-12.50'),
('MON_12.00-12.50_44', 'N28a-01-20', NULL, NULL, NULL, 'MON_12.00-12.50'),
('MON_12.00-12.50_45', 'N28A-02-33', NULL, NULL, NULL, 'MON_12.00-12.50'),
('MON_12.00-12.50_46', 'N28A-02-34', NULL, NULL, NULL, 'MON_12.00-12.50'),
('MON_12.00-12.50_5', 'N28-105-01', NULL, NULL, NULL, 'MON_12.00-12.50'),
('MON_12.00-12.50_6', 'N28-106-01', NULL, NULL, NULL, 'MON_12.00-12.50'),
('MON_12.00-12.50_7', 'N28-107-01', NULL, NULL, NULL, 'MON_12.00-12.50'),
('MON_12.00-12.50_8', 'N28-108-01', NULL, NULL, NULL, 'MON_12.00-12.50'),
('MON_12.00-12.50_9', 'N28-111-01', NULL, NULL, NULL, 'MON_12.00-12.50'),
('MON_2.00-2.50_1', 'Block L50', NULL, NULL, NULL, 'MON_2.00-2.50'),
('MON_2.00-2.50_10', 'N28-112-02', NULL, NULL, NULL, 'MON_2.00-2.50'),
('MON_2.00-2.50_11', 'N28-116-02', NULL, NULL, NULL, 'MON_2.00-2.50'),
('MON_2.00-2.50_12', 'N28-202-01', NULL, NULL, NULL, 'MON_2.00-2.50'),
('MON_2.00-2.50_13', 'N28-203-01', NULL, NULL, NULL, 'MON_2.00-2.50'),
('MON_2.00-2.50_14', 'N28-204-01', NULL, NULL, NULL, 'MON_2.00-2.50'),
('MON_2.00-2.50_15', 'N28-223-02', NULL, NULL, NULL, 'MON_2.00-2.50'),
('MON_2.00-2.50_16', 'N28-301-01', NULL, NULL, NULL, 'MON_2.00-2.50'),
('MON_2.00-2.50_17', 'N28-321-02', NULL, NULL, NULL, 'MON_2.00-2.50'),
('MON_2.00-2.50_18', 'N28-322-02', NULL, NULL, NULL, 'MON_2.00-2.50'),
('MON_2.00-2.50_19', 'N28-329-01', NULL, NULL, NULL, 'MON_2.00-2.50'),
('MON_2.00-2.50_2', 'Block P19-DK4', NULL, NULL, NULL, 'MON_2.00-2.50'),
('MON_2.00-2.50_20', 'N28-330-01', NULL, NULL, NULL, 'MON_2.00-2.50'),
('MON_2.00-2.50_21', 'N28-350-03', NULL, NULL, NULL, 'MON_2.00-2.50'),
('MON_2.00-2.50_22', 'N28-351-02', NULL, NULL, NULL, 'MON_2.00-2.50'),
('MON_2.00-2.50_23', 'N28-352-01', NULL, NULL, NULL, 'MON_2.00-2.50'),
('MON_2.00-2.50_24', 'N28-422-01', NULL, NULL, NULL, 'MON_2.00-2.50'),
('MON_2.00-2.50_25', 'N28-423-01', NULL, NULL, NULL, 'MON_2.00-2.50'),
('MON_2.00-2.50_26', 'N28-502-01', NULL, NULL, NULL, 'MON_2.00-2.50'),
('MON_2.00-2.50_27', 'N28-505-01', NULL, NULL, NULL, 'MON_2.00-2.50'),
('MON_2.00-2.50_28', 'N28-506-01', NULL, NULL, NULL, 'MON_2.00-2.50'),
('MON_2.00-2.50_29', 'N28-512-01', NULL, NULL, NULL, 'MON_2.00-2.50'),
('MON_2.00-2.50_3', 'Block P19-DK5', NULL, NULL, NULL, 'MON_2.00-2.50'),
('MON_2.00-2.50_30', 'N28-516-01', 'Y3/S1', 'LC080', 'SECJ3104_01', 'MON_2.00-2.50'),
('MON_2.00-2.50_31', 'N28-517-02', NULL, NULL, NULL, 'MON_2.00-2.50'),
('MON_2.00-2.50_32', 'N28-518-02', NULL, NULL, NULL, 'MON_2.00-2.50'),
('MON_2.00-2.50_33', 'N28-524-02', NULL, NULL, NULL, 'MON_2.00-2.50'),
('MON_2.00-2.50_34', 'N28-525-01', NULL, NULL, NULL, 'MON_2.00-2.50'),
('MON_2.00-2.50_35', 'N28-527-02', NULL, NULL, NULL, 'MON_2.00-2.50'),
('MON_2.00-2.50_36', 'N28a-01-01', NULL, NULL, NULL, 'MON_2.00-2.50'),
('MON_2.00-2.50_37', 'N28a-01-02', NULL, NULL, NULL, 'MON_2.00-2.50'),
('MON_2.00-2.50_38', 'N28a-01-04', NULL, NULL, NULL, 'MON_2.00-2.50'),
('MON_2.00-2.50_39', 'N28a-01-05', NULL, NULL, NULL, 'MON_2.00-2.50'),
('MON_2.00-2.50_4', 'Block P19-DK6', NULL, NULL, NULL, 'MON_2.00-2.50'),
('MON_2.00-2.50_40', 'N28a-01-07', NULL, NULL, NULL, 'MON_2.00-2.50'),
('MON_2.00-2.50_41', 'N28a-01-15', NULL, NULL, NULL, 'MON_2.00-2.50'),
('MON_2.00-2.50_42', 'N28a-01-16', NULL, NULL, NULL, 'MON_2.00-2.50'),
('MON_2.00-2.50_43', 'N28a-01-19', NULL, NULL, NULL, 'MON_2.00-2.50'),
('MON_2.00-2.50_44', 'N28a-01-20', NULL, NULL, NULL, 'MON_2.00-2.50'),
('MON_2.00-2.50_45', 'N28A-02-33', NULL, NULL, NULL, 'MON_2.00-2.50'),
('MON_2.00-2.50_46', 'N28A-02-34', NULL, NULL, NULL, 'MON_2.00-2.50'),
('MON_2.00-2.50_5', 'N28-105-01', NULL, NULL, NULL, 'MON_2.00-2.50'),
('MON_2.00-2.50_6', 'N28-106-01', NULL, NULL, NULL, 'MON_2.00-2.50'),
('MON_2.00-2.50_7', 'N28-107-01', NULL, NULL, NULL, 'MON_2.00-2.50'),
('MON_2.00-2.50_8', 'N28-108-01', NULL, NULL, NULL, 'MON_2.00-2.50'),
('MON_2.00-2.50_9', 'N28-111-01', NULL, NULL, NULL, 'MON_2.00-2.50'),
('MON_3.00-3.50_1', 'Block L50', NULL, NULL, NULL, 'MON_3.00-3.50'),
('MON_3.00-3.50_10', 'N28-112-02', NULL, NULL, NULL, 'MON_3.00-3.50'),
('MON_3.00-3.50_11', 'N28-116-02', NULL, NULL, NULL, 'MON_3.00-3.50'),
('MON_3.00-3.50_12', 'N28-202-01', NULL, NULL, NULL, 'MON_3.00-3.50'),
('MON_3.00-3.50_13', 'N28-203-01', NULL, NULL, NULL, 'MON_3.00-3.50'),
('MON_3.00-3.50_14', 'N28-204-01', NULL, NULL, NULL, 'MON_3.00-3.50'),
('MON_3.00-3.50_15', 'N28-223-02', NULL, NULL, NULL, 'MON_3.00-3.50'),
('MON_3.00-3.50_16', 'N28-301-01', NULL, NULL, NULL, 'MON_3.00-3.50'),
('MON_3.00-3.50_17', 'N28-321-02', NULL, NULL, NULL, 'MON_3.00-3.50'),
('MON_3.00-3.50_18', 'N28-322-02', NULL, NULL, NULL, 'MON_3.00-3.50'),
('MON_3.00-3.50_19', 'N28-329-01', NULL, NULL, NULL, 'MON_3.00-3.50'),
('MON_3.00-3.50_2', 'Block P19-DK4', NULL, NULL, NULL, 'MON_3.00-3.50'),
('MON_3.00-3.50_20', 'N28-330-01', NULL, NULL, NULL, 'MON_3.00-3.50'),
('MON_3.00-3.50_21', 'N28-350-03', NULL, NULL, NULL, 'MON_3.00-3.50'),
('MON_3.00-3.50_22', 'N28-351-02', NULL, NULL, NULL, 'MON_3.00-3.50'),
('MON_3.00-3.50_23', 'N28-352-01', NULL, NULL, NULL, 'MON_3.00-3.50'),
('MON_3.00-3.50_24', 'N28-422-01', NULL, NULL, NULL, 'MON_3.00-3.50'),
('MON_3.00-3.50_25', 'N28-423-01', NULL, NULL, NULL, 'MON_3.00-3.50'),
('MON_3.00-3.50_26', 'N28-502-01', NULL, NULL, NULL, 'MON_3.00-3.50'),
('MON_3.00-3.50_27', 'N28-505-01', NULL, NULL, NULL, 'MON_3.00-3.50'),
('MON_3.00-3.50_28', 'N28-506-01', NULL, NULL, NULL, 'MON_3.00-3.50'),
('MON_3.00-3.50_29', 'N28-512-01', NULL, NULL, NULL, 'MON_3.00-3.50'),
('MON_3.00-3.50_3', 'Block P19-DK5', NULL, NULL, NULL, 'MON_3.00-3.50'),
('MON_3.00-3.50_30', 'N28-516-01', 'Y3/S1', 'LC080', 'SECJ3104_01', 'MON_3.00-3.50'),
('MON_3.00-3.50_31', 'N28-517-02', NULL, NULL, NULL, 'MON_3.00-3.50'),
('MON_3.00-3.50_32', 'N28-518-02', NULL, NULL, NULL, 'MON_3.00-3.50'),
('MON_3.00-3.50_33', 'N28-524-02', NULL, NULL, NULL, 'MON_3.00-3.50'),
('MON_3.00-3.50_34', 'N28-525-01', NULL, NULL, NULL, 'MON_3.00-3.50'),
('MON_3.00-3.50_35', 'N28-527-02', NULL, NULL, NULL, 'MON_3.00-3.50'),
('MON_3.00-3.50_36', 'N28a-01-01', NULL, NULL, NULL, 'MON_3.00-3.50'),
('MON_3.00-3.50_37', 'N28a-01-02', NULL, NULL, NULL, 'MON_3.00-3.50'),
('MON_3.00-3.50_38', 'N28a-01-04', NULL, NULL, NULL, 'MON_3.00-3.50'),
('MON_3.00-3.50_39', 'N28a-01-05', NULL, NULL, NULL, 'MON_3.00-3.50'),
('MON_3.00-3.50_4', 'Block P19-DK6', NULL, NULL, NULL, 'MON_3.00-3.50'),
('MON_3.00-3.50_40', 'N28a-01-07', NULL, NULL, NULL, 'MON_3.00-3.50'),
('MON_3.00-3.50_41', 'N28a-01-15', NULL, NULL, NULL, 'MON_3.00-3.50'),
('MON_3.00-3.50_42', 'N28a-01-16', NULL, NULL, NULL, 'MON_3.00-3.50'),
('MON_3.00-3.50_43', 'N28a-01-19', NULL, NULL, NULL, 'MON_3.00-3.50'),
('MON_3.00-3.50_44', 'N28a-01-20', NULL, NULL, NULL, 'MON_3.00-3.50'),
('MON_3.00-3.50_45', 'N28A-02-33', NULL, NULL, NULL, 'MON_3.00-3.50'),
('MON_3.00-3.50_46', 'N28A-02-34', NULL, NULL, NULL, 'MON_3.00-3.50'),
('MON_3.00-3.50_5', 'N28-105-01', NULL, NULL, NULL, 'MON_3.00-3.50'),
('MON_3.00-3.50_6', 'N28-106-01', NULL, NULL, NULL, 'MON_3.00-3.50'),
('MON_3.00-3.50_7', 'N28-107-01', NULL, NULL, NULL, 'MON_3.00-3.50'),
('MON_3.00-3.50_8', 'N28-108-01', NULL, NULL, NULL, 'MON_3.00-3.50'),
('MON_3.00-3.50_9', 'N28-111-01', NULL, NULL, NULL, 'MON_3.00-3.50'),
('MON_4.00-4.50_1', 'Block L50', NULL, NULL, NULL, 'MON_4.00-4.50'),
('MON_4.00-4.50_10', 'N28-112-02', NULL, NULL, NULL, 'MON_4.00-4.50'),
('MON_4.00-4.50_11', 'N28-116-02', NULL, NULL, NULL, 'MON_4.00-4.50'),
('MON_4.00-4.50_12', 'N28-202-01', NULL, NULL, NULL, 'MON_4.00-4.50'),
('MON_4.00-4.50_13', 'N28-203-01', NULL, NULL, NULL, 'MON_4.00-4.50'),
('MON_4.00-4.50_14', 'N28-204-01', NULL, NULL, NULL, 'MON_4.00-4.50'),
('MON_4.00-4.50_15', 'N28-223-02', NULL, NULL, NULL, 'MON_4.00-4.50'),
('MON_4.00-4.50_16', 'N28-301-01', NULL, NULL, NULL, 'MON_4.00-4.50'),
('MON_4.00-4.50_17', 'N28-321-02', NULL, NULL, NULL, 'MON_4.00-4.50'),
('MON_4.00-4.50_18', 'N28-322-02', NULL, NULL, NULL, 'MON_4.00-4.50'),
('MON_4.00-4.50_19', 'N28-329-01', NULL, NULL, NULL, 'MON_4.00-4.50'),
('MON_4.00-4.50_2', 'Block P19-DK4', NULL, NULL, NULL, 'MON_4.00-4.50'),
('MON_4.00-4.50_20', 'N28-330-01', NULL, NULL, NULL, 'MON_4.00-4.50'),
('MON_4.00-4.50_21', 'N28-350-03', NULL, NULL, NULL, 'MON_4.00-4.50'),
('MON_4.00-4.50_22', 'N28-351-02', NULL, NULL, NULL, 'MON_4.00-4.50'),
('MON_4.00-4.50_23', 'N28-352-01', NULL, NULL, NULL, 'MON_4.00-4.50'),
('MON_4.00-4.50_24', 'N28-422-01', NULL, NULL, NULL, 'MON_4.00-4.50'),
('MON_4.00-4.50_25', 'N28-423-01', NULL, NULL, NULL, 'MON_4.00-4.50'),
('MON_4.00-4.50_26', 'N28-502-01', NULL, NULL, NULL, 'MON_4.00-4.50'),
('MON_4.00-4.50_27', 'N28-505-01', NULL, NULL, NULL, 'MON_4.00-4.50'),
('MON_4.00-4.50_28', 'N28-506-01', NULL, NULL, NULL, 'MON_4.00-4.50'),
('MON_4.00-4.50_29', 'N28-512-01', NULL, NULL, NULL, 'MON_4.00-4.50'),
('MON_4.00-4.50_3', 'Block P19-DK5', NULL, NULL, NULL, 'MON_4.00-4.50'),
('MON_4.00-4.50_30', 'N28-516-01', NULL, NULL, NULL, 'MON_4.00-4.50'),
('MON_4.00-4.50_31', 'N28-517-02', NULL, NULL, NULL, 'MON_4.00-4.50'),
('MON_4.00-4.50_32', 'N28-518-02', NULL, NULL, NULL, 'MON_4.00-4.50'),
('MON_4.00-4.50_33', 'N28-524-02', NULL, NULL, NULL, 'MON_4.00-4.50'),
('MON_4.00-4.50_34', 'N28-525-01', NULL, NULL, NULL, 'MON_4.00-4.50'),
('MON_4.00-4.50_35', 'N28-527-02', NULL, NULL, NULL, 'MON_4.00-4.50'),
('MON_4.00-4.50_36', 'N28a-01-01', NULL, NULL, NULL, 'MON_4.00-4.50'),
('MON_4.00-4.50_37', 'N28a-01-02', NULL, NULL, NULL, 'MON_4.00-4.50'),
('MON_4.00-4.50_38', 'N28a-01-04', NULL, NULL, NULL, 'MON_4.00-4.50'),
('MON_4.00-4.50_39', 'N28a-01-05', NULL, NULL, NULL, 'MON_4.00-4.50'),
('MON_4.00-4.50_4', 'Block P19-DK6', NULL, NULL, NULL, 'MON_4.00-4.50'),
('MON_4.00-4.50_40', 'N28a-01-07', NULL, NULL, NULL, 'MON_4.00-4.50'),
('MON_4.00-4.50_41', 'N28a-01-15', NULL, NULL, NULL, 'MON_4.00-4.50'),
('MON_4.00-4.50_42', 'N28a-01-16', NULL, NULL, NULL, 'MON_4.00-4.50'),
('MON_4.00-4.50_43', 'N28a-01-19', NULL, NULL, NULL, 'MON_4.00-4.50'),
('MON_4.00-4.50_44', 'N28a-01-20', NULL, NULL, NULL, 'MON_4.00-4.50'),
('MON_4.00-4.50_45', 'N28A-02-33', NULL, NULL, NULL, 'MON_4.00-4.50'),
('MON_4.00-4.50_46', 'N28A-02-34', NULL, NULL, NULL, 'MON_4.00-4.50'),
('MON_4.00-4.50_5', 'N28-105-01', NULL, NULL, NULL, 'MON_4.00-4.50'),
('MON_4.00-4.50_6', 'N28-106-01', NULL, NULL, NULL, 'MON_4.00-4.50'),
('MON_4.00-4.50_7', 'N28-107-01', NULL, NULL, NULL, 'MON_4.00-4.50'),
('MON_4.00-4.50_8', 'N28-108-01', NULL, NULL, NULL, 'MON_4.00-4.50'),
('MON_4.00-4.50_9', 'N28-111-01', NULL, NULL, NULL, 'MON_4.00-4.50'),
('MON_8.00-8.50_1', 'Block L50', NULL, NULL, NULL, 'MON_8.00-8.50'),
('MON_8.00-8.50_10', 'N28-112-02', NULL, NULL, NULL, 'MON_8.00-8.50'),
('MON_8.00-8.50_11', 'N28-116-02', NULL, NULL, NULL, 'MON_8.00-8.50'),
('MON_8.00-8.50_12', 'N28-202-01', NULL, NULL, NULL, 'MON_8.00-8.50'),
('MON_8.00-8.50_13', 'N28-203-01', NULL, NULL, NULL, 'MON_8.00-8.50'),
('MON_8.00-8.50_14', 'N28-204-01', NULL, NULL, NULL, 'MON_8.00-8.50'),
('MON_8.00-8.50_15', 'N28-223-02', NULL, NULL, NULL, 'MON_8.00-8.50'),
('MON_8.00-8.50_16', 'N28-301-01', NULL, NULL, NULL, 'MON_8.00-8.50'),
('MON_8.00-8.50_17', 'N28-321-02', NULL, NULL, NULL, 'MON_8.00-8.50'),
('MON_8.00-8.50_18', 'N28-322-02', NULL, NULL, NULL, 'MON_8.00-8.50'),
('MON_8.00-8.50_19', 'N28-329-01', NULL, NULL, NULL, 'MON_8.00-8.50'),
('MON_8.00-8.50_2', 'Block P19-DK4', NULL, NULL, NULL, 'MON_8.00-8.50'),
('MON_8.00-8.50_20', 'N28-330-01', NULL, NULL, NULL, 'MON_8.00-8.50'),
('MON_8.00-8.50_21', 'N28-350-03', NULL, NULL, NULL, 'MON_8.00-8.50'),
('MON_8.00-8.50_22', 'N28-351-02', NULL, NULL, NULL, 'MON_8.00-8.50'),
('MON_8.00-8.50_23', 'N28-352-01', NULL, NULL, NULL, 'MON_8.00-8.50'),
('MON_8.00-8.50_24', 'N28-422-01', NULL, NULL, NULL, 'MON_8.00-8.50'),
('MON_8.00-8.50_25', 'N28-423-01', NULL, NULL, NULL, 'MON_8.00-8.50'),
('MON_8.00-8.50_26', 'N28-502-01', NULL, NULL, NULL, 'MON_8.00-8.50'),
('MON_8.00-8.50_27', 'N28-505-01', NULL, NULL, NULL, 'MON_8.00-8.50'),
('MON_8.00-8.50_28', 'N28-506-01', NULL, NULL, NULL, 'MON_8.00-8.50'),
('MON_8.00-8.50_29', 'N28-512-01', NULL, NULL, NULL, 'MON_8.00-8.50'),
('MON_8.00-8.50_3', 'Block P19-DK5', NULL, NULL, NULL, 'MON_8.00-8.50'),
('MON_8.00-8.50_30', 'N28-516-01', NULL, NULL, NULL, 'MON_8.00-8.50'),
('MON_8.00-8.50_31', 'N28-517-02', NULL, NULL, NULL, 'MON_8.00-8.50'),
('MON_8.00-8.50_32', 'N28-518-02', NULL, NULL, NULL, 'MON_8.00-8.50'),
('MON_8.00-8.50_33', 'N28-524-02', NULL, NULL, NULL, 'MON_8.00-8.50'),
('MON_8.00-8.50_34', 'N28-525-01', NULL, NULL, NULL, 'MON_8.00-8.50'),
('MON_8.00-8.50_35', 'N28-527-02', NULL, NULL, NULL, 'MON_8.00-8.50'),
('MON_8.00-8.50_36', 'N28a-01-01', NULL, NULL, NULL, 'MON_8.00-8.50'),
('MON_8.00-8.50_37', 'N28a-01-02', NULL, NULL, NULL, 'MON_8.00-8.50'),
('MON_8.00-8.50_38', 'N28a-01-04', NULL, NULL, NULL, 'MON_8.00-8.50'),
('MON_8.00-8.50_39', 'N28a-01-05', NULL, NULL, NULL, 'MON_8.00-8.50'),
('MON_8.00-8.50_4', 'Block P19-DK6', NULL, NULL, NULL, 'MON_8.00-8.50'),
('MON_8.00-8.50_40', 'N28a-01-07', NULL, NULL, NULL, 'MON_8.00-8.50'),
('MON_8.00-8.50_41', 'N28a-01-15', NULL, NULL, NULL, 'MON_8.00-8.50'),
('MON_8.00-8.50_42', 'N28a-01-16', NULL, NULL, NULL, 'MON_8.00-8.50'),
('MON_8.00-8.50_43', 'N28a-01-19', NULL, NULL, NULL, 'MON_8.00-8.50'),
('MON_8.00-8.50_44', 'N28a-01-20', NULL, NULL, NULL, 'MON_8.00-8.50'),
('MON_8.00-8.50_45', 'N28A-02-33', NULL, NULL, NULL, 'MON_8.00-8.50'),
('MON_8.00-8.50_46', 'N28A-02-34', NULL, NULL, NULL, 'MON_8.00-8.50'),
('MON_8.00-8.50_5', 'N28-105-01', NULL, NULL, NULL, 'MON_8.00-8.50'),
('MON_8.00-8.50_6', 'N28-106-01', NULL, NULL, NULL, 'MON_8.00-8.50'),
('MON_8.00-8.50_7', 'N28-107-01', NULL, NULL, NULL, 'MON_8.00-8.50'),
('MON_8.00-8.50_8', 'N28-108-01', NULL, NULL, NULL, 'MON_8.00-8.50'),
('MON_8.00-8.50_9', 'N28-111-01', NULL, NULL, NULL, 'MON_8.00-8.50'),
('MON_9.00-9.50_1', 'Block L50', NULL, NULL, NULL, 'MON_9.00-9.50'),
('MON_9.00-9.50_10', 'N28-112-02', NULL, NULL, NULL, 'MON_9.00-9.50'),
('MON_9.00-9.50_11', 'N28-116-02', NULL, NULL, NULL, 'MON_9.00-9.50'),
('MON_9.00-9.50_12', 'N28-202-01', NULL, NULL, NULL, 'MON_9.00-9.50'),
('MON_9.00-9.50_13', 'N28-203-01', NULL, NULL, NULL, 'MON_9.00-9.50'),
('MON_9.00-9.50_14', 'N28-204-01', NULL, NULL, NULL, 'MON_9.00-9.50'),
('MON_9.00-9.50_15', 'N28-223-02', NULL, NULL, NULL, 'MON_9.00-9.50'),
('MON_9.00-9.50_16', 'N28-301-01', NULL, NULL, NULL, 'MON_9.00-9.50'),
('MON_9.00-9.50_17', 'N28-321-02', NULL, NULL, NULL, 'MON_9.00-9.50'),
('MON_9.00-9.50_18', 'N28-322-02', NULL, NULL, NULL, 'MON_9.00-9.50'),
('MON_9.00-9.50_19', 'N28-329-01', NULL, NULL, NULL, 'MON_9.00-9.50'),
('MON_9.00-9.50_2', 'Block P19-DK4', NULL, NULL, NULL, 'MON_9.00-9.50'),
('MON_9.00-9.50_20', 'N28-330-01', NULL, NULL, NULL, 'MON_9.00-9.50'),
('MON_9.00-9.50_21', 'N28-350-03', NULL, NULL, NULL, 'MON_9.00-9.50'),
('MON_9.00-9.50_22', 'N28-351-02', NULL, NULL, NULL, 'MON_9.00-9.50'),
('MON_9.00-9.50_23', 'N28-352-01', NULL, NULL, NULL, 'MON_9.00-9.50'),
('MON_9.00-9.50_24', 'N28-422-01', NULL, NULL, NULL, 'MON_9.00-9.50'),
('MON_9.00-9.50_25', 'N28-423-01', NULL, NULL, NULL, 'MON_9.00-9.50'),
('MON_9.00-9.50_26', 'N28-502-01', NULL, NULL, NULL, 'MON_9.00-9.50'),
('MON_9.00-9.50_27', 'N28-505-01', NULL, NULL, NULL, 'MON_9.00-9.50'),
('MON_9.00-9.50_28', 'N28-506-01', NULL, NULL, NULL, 'MON_9.00-9.50'),
('MON_9.00-9.50_29', 'N28-512-01', NULL, NULL, NULL, 'MON_9.00-9.50'),
('MON_9.00-9.50_3', 'Block P19-DK5', NULL, NULL, NULL, 'MON_9.00-9.50'),
('MON_9.00-9.50_30', 'N28-516-01', NULL, NULL, NULL, 'MON_9.00-9.50'),
('MON_9.00-9.50_31', 'N28-517-02', NULL, NULL, NULL, 'MON_9.00-9.50'),
('MON_9.00-9.50_32', 'N28-518-02', NULL, NULL, NULL, 'MON_9.00-9.50'),
('MON_9.00-9.50_33', 'N28-524-02', NULL, NULL, NULL, 'MON_9.00-9.50'),
('MON_9.00-9.50_34', 'N28-525-01', NULL, NULL, NULL, 'MON_9.00-9.50'),
('MON_9.00-9.50_35', 'N28-527-02', NULL, NULL, NULL, 'MON_9.00-9.50'),
('MON_9.00-9.50_36', 'N28a-01-01', NULL, NULL, NULL, 'MON_9.00-9.50'),
('MON_9.00-9.50_37', 'N28a-01-02', NULL, NULL, NULL, 'MON_9.00-9.50'),
('MON_9.00-9.50_38', 'N28a-01-04', NULL, NULL, NULL, 'MON_9.00-9.50'),
('MON_9.00-9.50_39', 'N28a-01-05', NULL, NULL, NULL, 'MON_9.00-9.50'),
('MON_9.00-9.50_4', 'Block P19-DK6', NULL, NULL, NULL, 'MON_9.00-9.50'),
('MON_9.00-9.50_40', 'N28a-01-07', NULL, NULL, NULL, 'MON_9.00-9.50'),
('MON_9.00-9.50_41', 'N28a-01-15', NULL, NULL, NULL, 'MON_9.00-9.50'),
('MON_9.00-9.50_42', 'N28a-01-16', NULL, NULL, NULL, 'MON_9.00-9.50'),
('MON_9.00-9.50_43', 'N28a-01-19', NULL, NULL, NULL, 'MON_9.00-9.50'),
('MON_9.00-9.50_44', 'N28a-01-20', NULL, NULL, NULL, 'MON_9.00-9.50'),
('MON_9.00-9.50_45', 'N28A-02-33', NULL, NULL, NULL, 'MON_9.00-9.50'),
('MON_9.00-9.50_46', 'N28A-02-34', NULL, NULL, NULL, 'MON_9.00-9.50'),
('MON_9.00-9.50_5', 'N28-105-01', NULL, NULL, NULL, 'MON_9.00-9.50'),
('MON_9.00-9.50_6', 'N28-106-01', NULL, NULL, NULL, 'MON_9.00-9.50'),
('MON_9.00-9.50_7', 'N28-107-01', NULL, NULL, NULL, 'MON_9.00-9.50'),
('MON_9.00-9.50_8', 'N28-108-01', NULL, NULL, NULL, 'MON_9.00-9.50'),
('MON_9.00-9.50_9', 'N28-111-01', NULL, NULL, NULL, 'MON_9.00-9.50'),
('SUN_10.00-10.50_1', 'Block L50', NULL, NULL, NULL, 'SUN_10.00-10.50'),
('SUN_10.00-10.50_10', 'N28-112-02', NULL, NULL, NULL, 'SUN_10.00-10.50'),
('SUN_10.00-10.50_11', 'N28-116-02', NULL, NULL, NULL, 'SUN_10.00-10.50'),
('SUN_10.00-10.50_12', 'N28-202-01', NULL, NULL, NULL, 'SUN_10.00-10.50'),
('SUN_10.00-10.50_13', 'N28-203-01', NULL, NULL, NULL, 'SUN_10.00-10.50'),
('SUN_10.00-10.50_14', 'N28-204-01', NULL, NULL, NULL, 'SUN_10.00-10.50'),
('SUN_10.00-10.50_15', 'N28-223-02', NULL, NULL, NULL, 'SUN_10.00-10.50'),
('SUN_10.00-10.50_16', 'N28-301-01', NULL, NULL, NULL, 'SUN_10.00-10.50'),
('SUN_10.00-10.50_17', 'N28-321-02', NULL, NULL, NULL, 'SUN_10.00-10.50'),
('SUN_10.00-10.50_18', 'N28-322-02', NULL, NULL, NULL, 'SUN_10.00-10.50'),
('SUN_10.00-10.50_19', 'N28-329-01', NULL, NULL, NULL, 'SUN_10.00-10.50'),
('SUN_10.00-10.50_2', 'Block P19-DK4', NULL, NULL, NULL, 'SUN_10.00-10.50'),
('SUN_10.00-10.50_20', 'N28-330-01', NULL, NULL, NULL, 'SUN_10.00-10.50'),
('SUN_10.00-10.50_21', 'N28-350-03', NULL, NULL, NULL, 'SUN_10.00-10.50'),
('SUN_10.00-10.50_22', 'N28-351-02', NULL, NULL, NULL, 'SUN_10.00-10.50'),
('SUN_10.00-10.50_23', 'N28-352-01', NULL, NULL, NULL, 'SUN_10.00-10.50'),
('SUN_10.00-10.50_24', 'N28-422-01', NULL, NULL, NULL, 'SUN_10.00-10.50'),
('SUN_10.00-10.50_25', 'N28-423-01', NULL, NULL, NULL, 'SUN_10.00-10.50'),
('SUN_10.00-10.50_26', 'N28-502-01', NULL, NULL, NULL, 'SUN_10.00-10.50'),
('SUN_10.00-10.50_27', 'N28-505-01', NULL, NULL, NULL, 'SUN_10.00-10.50'),
('SUN_10.00-10.50_28', 'N28-506-01', NULL, NULL, NULL, 'SUN_10.00-10.50'),
('SUN_10.00-10.50_29', 'N28-512-01', NULL, NULL, NULL, 'SUN_10.00-10.50'),
('SUN_10.00-10.50_3', 'Block P19-DK5', NULL, NULL, NULL, 'SUN_10.00-10.50'),
('SUN_10.00-10.50_30', 'N28-516-01', NULL, NULL, NULL, 'SUN_10.00-10.50'),
('SUN_10.00-10.50_31', 'N28-517-02', NULL, NULL, NULL, 'SUN_10.00-10.50'),
('SUN_10.00-10.50_32', 'N28-518-02', NULL, NULL, NULL, 'SUN_10.00-10.50'),
('SUN_10.00-10.50_33', 'N28-524-02', NULL, NULL, NULL, 'SUN_10.00-10.50'),
('SUN_10.00-10.50_34', 'N28-525-01', NULL, NULL, NULL, 'SUN_10.00-10.50'),
('SUN_10.00-10.50_35', 'N28-527-02', NULL, NULL, NULL, 'SUN_10.00-10.50'),
('SUN_10.00-10.50_36', 'N28a-01-01', NULL, NULL, NULL, 'SUN_10.00-10.50'),
('SUN_10.00-10.50_37', 'N28a-01-02', NULL, NULL, NULL, 'SUN_10.00-10.50'),
('SUN_10.00-10.50_38', 'N28a-01-04', NULL, NULL, NULL, 'SUN_10.00-10.50'),
('SUN_10.00-10.50_39', 'N28a-01-05', NULL, NULL, NULL, 'SUN_10.00-10.50'),
('SUN_10.00-10.50_4', 'Block P19-DK6', NULL, NULL, NULL, 'SUN_10.00-10.50'),
('SUN_10.00-10.50_40', 'N28a-01-07', NULL, NULL, NULL, 'SUN_10.00-10.50'),
('SUN_10.00-10.50_41', 'N28a-01-15', NULL, NULL, NULL, 'SUN_10.00-10.50'),
('SUN_10.00-10.50_42', 'N28a-01-16', NULL, NULL, NULL, 'SUN_10.00-10.50'),
('SUN_10.00-10.50_43', 'N28a-01-19', NULL, NULL, NULL, 'SUN_10.00-10.50'),
('SUN_10.00-10.50_44', 'N28a-01-20', NULL, NULL, NULL, 'SUN_10.00-10.50'),
('SUN_10.00-10.50_45', 'N28A-02-33', NULL, NULL, NULL, 'SUN_10.00-10.50'),
('SUN_10.00-10.50_46', 'N28A-02-34', NULL, NULL, NULL, 'SUN_10.00-10.50'),
('SUN_10.00-10.50_5', 'N28-105-01', NULL, NULL, NULL, 'SUN_10.00-10.50'),
('SUN_10.00-10.50_6', 'N28-106-01', NULL, NULL, NULL, 'SUN_10.00-10.50'),
('SUN_10.00-10.50_7', 'N28-107-01', NULL, NULL, NULL, 'SUN_10.00-10.50'),
('SUN_10.00-10.50_8', 'N28-108-01', NULL, NULL, NULL, 'SUN_10.00-10.50'),
('SUN_10.00-10.50_9', 'N28-111-01', NULL, NULL, NULL, 'SUN_10.00-10.50'),
('SUN_11.00-11.50_1', 'Block L50', NULL, NULL, NULL, 'SUN_11.00-11.50'),
('SUN_11.00-11.50_10', 'N28-112-02', NULL, NULL, NULL, 'SUN_11.00-11.50'),
('SUN_11.00-11.50_11', 'N28-116-02', NULL, NULL, NULL, 'SUN_11.00-11.50'),
('SUN_11.00-11.50_12', 'N28-202-01', NULL, NULL, NULL, 'SUN_11.00-11.50'),
('SUN_11.00-11.50_13', 'N28-203-01', NULL, NULL, NULL, 'SUN_11.00-11.50'),
('SUN_11.00-11.50_14', 'N28-204-01', NULL, NULL, NULL, 'SUN_11.00-11.50'),
('SUN_11.00-11.50_15', 'N28-223-02', NULL, NULL, NULL, 'SUN_11.00-11.50'),
('SUN_11.00-11.50_16', 'N28-301-01', NULL, NULL, NULL, 'SUN_11.00-11.50'),
('SUN_11.00-11.50_17', 'N28-321-02', NULL, NULL, NULL, 'SUN_11.00-11.50'),
('SUN_11.00-11.50_18', 'N28-322-02', NULL, NULL, NULL, 'SUN_11.00-11.50'),
('SUN_11.00-11.50_19', 'N28-329-01', NULL, NULL, NULL, 'SUN_11.00-11.50'),
('SUN_11.00-11.50_2', 'Block P19-DK4', NULL, NULL, NULL, 'SUN_11.00-11.50'),
('SUN_11.00-11.50_20', 'N28-330-01', NULL, NULL, NULL, 'SUN_11.00-11.50'),
('SUN_11.00-11.50_21', 'N28-350-03', NULL, NULL, NULL, 'SUN_11.00-11.50'),
('SUN_11.00-11.50_22', 'N28-351-02', NULL, NULL, NULL, 'SUN_11.00-11.50'),
('SUN_11.00-11.50_23', 'N28-352-01', NULL, NULL, NULL, 'SUN_11.00-11.50'),
('SUN_11.00-11.50_24', 'N28-422-01', NULL, NULL, NULL, 'SUN_11.00-11.50'),
('SUN_11.00-11.50_25', 'N28-423-01', NULL, NULL, NULL, 'SUN_11.00-11.50'),
('SUN_11.00-11.50_26', 'N28-502-01', NULL, NULL, NULL, 'SUN_11.00-11.50'),
('SUN_11.00-11.50_27', 'N28-505-01', NULL, NULL, NULL, 'SUN_11.00-11.50'),
('SUN_11.00-11.50_28', 'N28-506-01', NULL, NULL, NULL, 'SUN_11.00-11.50'),
('SUN_11.00-11.50_29', 'N28-512-01', NULL, NULL, NULL, 'SUN_11.00-11.50'),
('SUN_11.00-11.50_3', 'Block P19-DK5', NULL, NULL, NULL, 'SUN_11.00-11.50'),
('SUN_11.00-11.50_30', 'N28-516-01', NULL, NULL, NULL, 'SUN_11.00-11.50'),
('SUN_11.00-11.50_31', 'N28-517-02', NULL, NULL, NULL, 'SUN_11.00-11.50'),
('SUN_11.00-11.50_32', 'N28-518-02', NULL, NULL, NULL, 'SUN_11.00-11.50'),
('SUN_11.00-11.50_33', 'N28-524-02', NULL, NULL, NULL, 'SUN_11.00-11.50'),
('SUN_11.00-11.50_34', 'N28-525-01', NULL, NULL, NULL, 'SUN_11.00-11.50'),
('SUN_11.00-11.50_35', 'N28-527-02', NULL, NULL, NULL, 'SUN_11.00-11.50'),
('SUN_11.00-11.50_36', 'N28a-01-01', NULL, NULL, NULL, 'SUN_11.00-11.50'),
('SUN_11.00-11.50_37', 'N28a-01-02', NULL, NULL, NULL, 'SUN_11.00-11.50'),
('SUN_11.00-11.50_38', 'N28a-01-04', NULL, NULL, NULL, 'SUN_11.00-11.50'),
('SUN_11.00-11.50_39', 'N28a-01-05', NULL, NULL, NULL, 'SUN_11.00-11.50'),
('SUN_11.00-11.50_4', 'Block P19-DK6', NULL, NULL, NULL, 'SUN_11.00-11.50'),
('SUN_11.00-11.50_40', 'N28a-01-07', NULL, NULL, NULL, 'SUN_11.00-11.50'),
('SUN_11.00-11.50_41', 'N28a-01-15', NULL, NULL, NULL, 'SUN_11.00-11.50'),
('SUN_11.00-11.50_42', 'N28a-01-16', NULL, NULL, NULL, 'SUN_11.00-11.50'),
('SUN_11.00-11.50_43', 'N28a-01-19', NULL, NULL, NULL, 'SUN_11.00-11.50'),
('SUN_11.00-11.50_44', 'N28a-01-20', NULL, NULL, NULL, 'SUN_11.00-11.50'),
('SUN_11.00-11.50_45', 'N28A-02-33', NULL, NULL, NULL, 'SUN_11.00-11.50'),
('SUN_11.00-11.50_46', 'N28A-02-34', NULL, NULL, NULL, 'SUN_11.00-11.50'),
('SUN_11.00-11.50_5', 'N28-105-01', NULL, NULL, NULL, 'SUN_11.00-11.50'),
('SUN_11.00-11.50_6', 'N28-106-01', NULL, NULL, NULL, 'SUN_11.00-11.50'),
('SUN_11.00-11.50_7', 'N28-107-01', NULL, NULL, NULL, 'SUN_11.00-11.50'),
('SUN_11.00-11.50_8', 'N28-108-01', NULL, NULL, NULL, 'SUN_11.00-11.50'),
('SUN_11.00-11.50_9', 'N28-111-01', NULL, NULL, NULL, 'SUN_11.00-11.50'),
('SUN_12.00-12.50_1', 'Block L50', NULL, NULL, NULL, 'SUN_12.00-12.50'),
('SUN_12.00-12.50_10', 'N28-112-02', NULL, NULL, NULL, 'SUN_12.00-12.50'),
('SUN_12.00-12.50_11', 'N28-116-02', NULL, NULL, NULL, 'SUN_12.00-12.50'),
('SUN_12.00-12.50_12', 'N28-202-01', NULL, NULL, NULL, 'SUN_12.00-12.50'),
('SUN_12.00-12.50_13', 'N28-203-01', NULL, NULL, NULL, 'SUN_12.00-12.50'),
('SUN_12.00-12.50_14', 'N28-204-01', NULL, NULL, NULL, 'SUN_12.00-12.50'),
('SUN_12.00-12.50_15', 'N28-223-02', NULL, NULL, NULL, 'SUN_12.00-12.50'),
('SUN_12.00-12.50_16', 'N28-301-01', NULL, NULL, NULL, 'SUN_12.00-12.50'),
('SUN_12.00-12.50_17', 'N28-321-02', NULL, NULL, NULL, 'SUN_12.00-12.50'),
('SUN_12.00-12.50_18', 'N28-322-02', NULL, NULL, NULL, 'SUN_12.00-12.50'),
('SUN_12.00-12.50_19', 'N28-329-01', NULL, NULL, NULL, 'SUN_12.00-12.50'),
('SUN_12.00-12.50_2', 'Block P19-DK4', NULL, NULL, NULL, 'SUN_12.00-12.50'),
('SUN_12.00-12.50_20', 'N28-330-01', NULL, NULL, NULL, 'SUN_12.00-12.50'),
('SUN_12.00-12.50_21', 'N28-350-03', NULL, NULL, NULL, 'SUN_12.00-12.50'),
('SUN_12.00-12.50_22', 'N28-351-02', NULL, NULL, NULL, 'SUN_12.00-12.50'),
('SUN_12.00-12.50_23', 'N28-352-01', NULL, NULL, NULL, 'SUN_12.00-12.50'),
('SUN_12.00-12.50_24', 'N28-422-01', NULL, NULL, NULL, 'SUN_12.00-12.50'),
('SUN_12.00-12.50_25', 'N28-423-01', NULL, NULL, NULL, 'SUN_12.00-12.50'),
('SUN_12.00-12.50_26', 'N28-502-01', NULL, NULL, NULL, 'SUN_12.00-12.50'),
('SUN_12.00-12.50_27', 'N28-505-01', NULL, NULL, NULL, 'SUN_12.00-12.50'),
('SUN_12.00-12.50_28', 'N28-506-01', NULL, NULL, NULL, 'SUN_12.00-12.50'),
('SUN_12.00-12.50_29', 'N28-512-01', NULL, NULL, NULL, 'SUN_12.00-12.50'),
('SUN_12.00-12.50_3', 'Block P19-DK5', NULL, NULL, NULL, 'SUN_12.00-12.50'),
('SUN_12.00-12.50_30', 'N28-516-01', NULL, NULL, NULL, 'SUN_12.00-12.50'),
('SUN_12.00-12.50_31', 'N28-517-02', NULL, NULL, NULL, 'SUN_12.00-12.50'),
('SUN_12.00-12.50_32', 'N28-518-02', NULL, NULL, NULL, 'SUN_12.00-12.50'),
('SUN_12.00-12.50_33', 'N28-524-02', NULL, NULL, NULL, 'SUN_12.00-12.50'),
('SUN_12.00-12.50_34', 'N28-525-01', NULL, NULL, NULL, 'SUN_12.00-12.50'),
('SUN_12.00-12.50_35', 'N28-527-02', NULL, NULL, NULL, 'SUN_12.00-12.50'),
('SUN_12.00-12.50_36', 'N28a-01-01', NULL, NULL, NULL, 'SUN_12.00-12.50'),
('SUN_12.00-12.50_37', 'N28a-01-02', NULL, NULL, NULL, 'SUN_12.00-12.50'),
('SUN_12.00-12.50_38', 'N28a-01-04', NULL, NULL, NULL, 'SUN_12.00-12.50'),
('SUN_12.00-12.50_39', 'N28a-01-05', NULL, NULL, NULL, 'SUN_12.00-12.50'),
('SUN_12.00-12.50_4', 'Block P19-DK6', NULL, NULL, NULL, 'SUN_12.00-12.50'),
('SUN_12.00-12.50_40', 'N28a-01-07', NULL, NULL, NULL, 'SUN_12.00-12.50'),
('SUN_12.00-12.50_41', 'N28a-01-15', NULL, NULL, NULL, 'SUN_12.00-12.50'),
('SUN_12.00-12.50_42', 'N28a-01-16', NULL, NULL, NULL, 'SUN_12.00-12.50'),
('SUN_12.00-12.50_43', 'N28a-01-19', NULL, NULL, NULL, 'SUN_12.00-12.50'),
('SUN_12.00-12.50_44', 'N28a-01-20', NULL, NULL, NULL, 'SUN_12.00-12.50'),
('SUN_12.00-12.50_45', 'N28A-02-33', NULL, NULL, NULL, 'SUN_12.00-12.50'),
('SUN_12.00-12.50_46', 'N28A-02-34', NULL, NULL, NULL, 'SUN_12.00-12.50'),
('SUN_12.00-12.50_5', 'N28-105-01', NULL, NULL, NULL, 'SUN_12.00-12.50'),
('SUN_12.00-12.50_6', 'N28-106-01', NULL, NULL, NULL, 'SUN_12.00-12.50'),
('SUN_12.00-12.50_7', 'N28-107-01', NULL, NULL, NULL, 'SUN_12.00-12.50'),
('SUN_12.00-12.50_8', 'N28-108-01', NULL, NULL, NULL, 'SUN_12.00-12.50'),
('SUN_12.00-12.50_9', 'N28-111-01', NULL, NULL, NULL, 'SUN_12.00-12.50'),
('SUN_2.00-2.50_1', 'Block L50', NULL, NULL, NULL, 'SUN_2.00-2.50'),
('SUN_2.00-2.50_10', 'N28-112-02', NULL, NULL, NULL, 'SUN_2.00-2.50'),
('SUN_2.00-2.50_11', 'N28-116-02', NULL, NULL, NULL, 'SUN_2.00-2.50'),
('SUN_2.00-2.50_12', 'N28-202-01', NULL, NULL, NULL, 'SUN_2.00-2.50'),
('SUN_2.00-2.50_13', 'N28-203-01', NULL, NULL, NULL, 'SUN_2.00-2.50'),
('SUN_2.00-2.50_14', 'N28-204-01', NULL, NULL, NULL, 'SUN_2.00-2.50'),
('SUN_2.00-2.50_15', 'N28-223-02', NULL, NULL, NULL, 'SUN_2.00-2.50'),
('SUN_2.00-2.50_16', 'N28-301-01', NULL, NULL, NULL, 'SUN_2.00-2.50'),
('SUN_2.00-2.50_17', 'N28-321-02', NULL, NULL, NULL, 'SUN_2.00-2.50'),
('SUN_2.00-2.50_18', 'N28-322-02', NULL, NULL, NULL, 'SUN_2.00-2.50'),
('SUN_2.00-2.50_19', 'N28-329-01', NULL, NULL, NULL, 'SUN_2.00-2.50'),
('SUN_2.00-2.50_2', 'Block P19-DK4', NULL, NULL, NULL, 'SUN_2.00-2.50'),
('SUN_2.00-2.50_20', 'N28-330-01', NULL, NULL, NULL, 'SUN_2.00-2.50'),
('SUN_2.00-2.50_21', 'N28-350-03', NULL, NULL, NULL, 'SUN_2.00-2.50'),
('SUN_2.00-2.50_22', 'N28-351-02', NULL, NULL, NULL, 'SUN_2.00-2.50'),
('SUN_2.00-2.50_23', 'N28-352-01', NULL, NULL, NULL, 'SUN_2.00-2.50'),
('SUN_2.00-2.50_24', 'N28-422-01', NULL, NULL, NULL, 'SUN_2.00-2.50'),
('SUN_2.00-2.50_25', 'N28-423-01', NULL, NULL, NULL, 'SUN_2.00-2.50'),
('SUN_2.00-2.50_26', 'N28-502-01', NULL, NULL, NULL, 'SUN_2.00-2.50'),
('SUN_2.00-2.50_27', 'N28-505-01', NULL, NULL, NULL, 'SUN_2.00-2.50'),
('SUN_2.00-2.50_28', 'N28-506-01', NULL, NULL, NULL, 'SUN_2.00-2.50'),
('SUN_2.00-2.50_29', 'N28-512-01', NULL, NULL, NULL, 'SUN_2.00-2.50'),
('SUN_2.00-2.50_3', 'Block P19-DK5', NULL, NULL, NULL, 'SUN_2.00-2.50'),
('SUN_2.00-2.50_30', 'N28-516-01', NULL, NULL, NULL, 'SUN_2.00-2.50'),
('SUN_2.00-2.50_31', 'N28-517-02', NULL, NULL, NULL, 'SUN_2.00-2.50'),
('SUN_2.00-2.50_32', 'N28-518-02', NULL, NULL, NULL, 'SUN_2.00-2.50'),
('SUN_2.00-2.50_33', 'N28-524-02', NULL, NULL, NULL, 'SUN_2.00-2.50'),
('SUN_2.00-2.50_34', 'N28-525-01', NULL, NULL, NULL, 'SUN_2.00-2.50'),
('SUN_2.00-2.50_35', 'N28-527-02', NULL, NULL, NULL, 'SUN_2.00-2.50'),
('SUN_2.00-2.50_36', 'N28a-01-01', NULL, NULL, NULL, 'SUN_2.00-2.50'),
('SUN_2.00-2.50_37', 'N28a-01-02', NULL, NULL, NULL, 'SUN_2.00-2.50'),
('SUN_2.00-2.50_38', 'N28a-01-04', NULL, NULL, NULL, 'SUN_2.00-2.50'),
('SUN_2.00-2.50_39', 'N28a-01-05', NULL, NULL, NULL, 'SUN_2.00-2.50'),
('SUN_2.00-2.50_4', 'Block P19-DK6', NULL, NULL, NULL, 'SUN_2.00-2.50'),
('SUN_2.00-2.50_40', 'N28a-01-07', NULL, NULL, NULL, 'SUN_2.00-2.50'),
('SUN_2.00-2.50_41', 'N28a-01-15', NULL, NULL, NULL, 'SUN_2.00-2.50'),
('SUN_2.00-2.50_42', 'N28a-01-16', NULL, NULL, NULL, 'SUN_2.00-2.50'),
('SUN_2.00-2.50_43', 'N28a-01-19', NULL, NULL, NULL, 'SUN_2.00-2.50'),
('SUN_2.00-2.50_44', 'N28a-01-20', NULL, NULL, NULL, 'SUN_2.00-2.50'),
('SUN_2.00-2.50_45', 'N28A-02-33', NULL, NULL, NULL, 'SUN_2.00-2.50'),
('SUN_2.00-2.50_46', 'N28A-02-34', NULL, NULL, NULL, 'SUN_2.00-2.50'),
('SUN_2.00-2.50_5', 'N28-105-01', 'Y3/S1', 'LC001', 'SECJ3303_03', 'SUN_2.00-2.50'),
('SUN_2.00-2.50_6', 'N28-106-01', NULL, NULL, NULL, 'SUN_2.00-2.50'),
('SUN_2.00-2.50_7', 'N28-107-01', NULL, NULL, NULL, 'SUN_2.00-2.50'),
('SUN_2.00-2.50_8', 'N28-108-01', NULL, NULL, NULL, 'SUN_2.00-2.50'),
('SUN_2.00-2.50_9', 'N28-111-01', NULL, NULL, NULL, 'SUN_2.00-2.50'),
('SUN_3.00-3.50_1', 'Block L50', NULL, NULL, NULL, 'SUN_3.00-3.50'),
('SUN_3.00-3.50_10', 'N28-112-02', NULL, NULL, NULL, 'SUN_3.00-3.50'),
('SUN_3.00-3.50_11', 'N28-116-02', NULL, NULL, NULL, 'SUN_3.00-3.50'),
('SUN_3.00-3.50_12', 'N28-202-01', NULL, NULL, NULL, 'SUN_3.00-3.50'),
('SUN_3.00-3.50_13', 'N28-203-01', NULL, NULL, NULL, 'SUN_3.00-3.50'),
('SUN_3.00-3.50_14', 'N28-204-01', NULL, NULL, NULL, 'SUN_3.00-3.50'),
('SUN_3.00-3.50_15', 'N28-223-02', NULL, NULL, NULL, 'SUN_3.00-3.50'),
('SUN_3.00-3.50_16', 'N28-301-01', NULL, NULL, NULL, 'SUN_3.00-3.50'),
('SUN_3.00-3.50_17', 'N28-321-02', NULL, NULL, NULL, 'SUN_3.00-3.50'),
('SUN_3.00-3.50_18', 'N28-322-02', NULL, NULL, NULL, 'SUN_3.00-3.50'),
('SUN_3.00-3.50_19', 'N28-329-01', NULL, NULL, NULL, 'SUN_3.00-3.50'),
('SUN_3.00-3.50_2', 'Block P19-DK4', NULL, NULL, NULL, 'SUN_3.00-3.50'),
('SUN_3.00-3.50_20', 'N28-330-01', NULL, NULL, NULL, 'SUN_3.00-3.50'),
('SUN_3.00-3.50_21', 'N28-350-03', NULL, NULL, NULL, 'SUN_3.00-3.50'),
('SUN_3.00-3.50_22', 'N28-351-02', NULL, NULL, NULL, 'SUN_3.00-3.50'),
('SUN_3.00-3.50_23', 'N28-352-01', NULL, NULL, NULL, 'SUN_3.00-3.50'),
('SUN_3.00-3.50_24', 'N28-422-01', NULL, NULL, NULL, 'SUN_3.00-3.50'),
('SUN_3.00-3.50_25', 'N28-423-01', NULL, NULL, NULL, 'SUN_3.00-3.50'),
('SUN_3.00-3.50_26', 'N28-502-01', NULL, NULL, NULL, 'SUN_3.00-3.50'),
('SUN_3.00-3.50_27', 'N28-505-01', NULL, NULL, NULL, 'SUN_3.00-3.50'),
('SUN_3.00-3.50_28', 'N28-506-01', NULL, NULL, NULL, 'SUN_3.00-3.50'),
('SUN_3.00-3.50_29', 'N28-512-01', NULL, NULL, NULL, 'SUN_3.00-3.50'),
('SUN_3.00-3.50_3', 'Block P19-DK5', NULL, NULL, NULL, 'SUN_3.00-3.50'),
('SUN_3.00-3.50_30', 'N28-516-01', NULL, NULL, NULL, 'SUN_3.00-3.50'),
('SUN_3.00-3.50_31', 'N28-517-02', NULL, NULL, NULL, 'SUN_3.00-3.50'),
('SUN_3.00-3.50_32', 'N28-518-02', NULL, NULL, NULL, 'SUN_3.00-3.50'),
('SUN_3.00-3.50_33', 'N28-524-02', NULL, NULL, NULL, 'SUN_3.00-3.50'),
('SUN_3.00-3.50_34', 'N28-525-01', NULL, NULL, NULL, 'SUN_3.00-3.50'),
('SUN_3.00-3.50_35', 'N28-527-02', NULL, NULL, NULL, 'SUN_3.00-3.50'),
('SUN_3.00-3.50_36', 'N28a-01-01', NULL, NULL, NULL, 'SUN_3.00-3.50'),
('SUN_3.00-3.50_37', 'N28a-01-02', NULL, NULL, NULL, 'SUN_3.00-3.50'),
('SUN_3.00-3.50_38', 'N28a-01-04', NULL, NULL, NULL, 'SUN_3.00-3.50'),
('SUN_3.00-3.50_39', 'N28a-01-05', NULL, NULL, NULL, 'SUN_3.00-3.50'),
('SUN_3.00-3.50_4', 'Block P19-DK6', NULL, NULL, NULL, 'SUN_3.00-3.50'),
('SUN_3.00-3.50_40', 'N28a-01-07', NULL, NULL, NULL, 'SUN_3.00-3.50'),
('SUN_3.00-3.50_41', 'N28a-01-15', NULL, NULL, NULL, 'SUN_3.00-3.50'),
('SUN_3.00-3.50_42', 'N28a-01-16', NULL, NULL, NULL, 'SUN_3.00-3.50'),
('SUN_3.00-3.50_43', 'N28a-01-19', NULL, NULL, NULL, 'SUN_3.00-3.50'),
('SUN_3.00-3.50_44', 'N28a-01-20', NULL, NULL, NULL, 'SUN_3.00-3.50'),
('SUN_3.00-3.50_45', 'N28A-02-33', NULL, NULL, NULL, 'SUN_3.00-3.50'),
('SUN_3.00-3.50_46', 'N28A-02-34', NULL, NULL, NULL, 'SUN_3.00-3.50'),
('SUN_3.00-3.50_5', 'N28-105-01', 'Y3/S1', 'LC001', 'SECJ3303_03', 'SUN_3.00-3.50'),
('SUN_3.00-3.50_6', 'N28-106-01', NULL, NULL, NULL, 'SUN_3.00-3.50'),
('SUN_3.00-3.50_7', 'N28-107-01', NULL, NULL, NULL, 'SUN_3.00-3.50'),
('SUN_3.00-3.50_8', 'N28-108-01', NULL, NULL, NULL, 'SUN_3.00-3.50'),
('SUN_3.00-3.50_9', 'N28-111-01', NULL, NULL, NULL, 'SUN_3.00-3.50'),
('SUN_4.00-4.50_1', 'Block L50', NULL, NULL, NULL, 'SUN_4.00-4.50'),
('SUN_4.00-4.50_10', 'N28-112-02', NULL, NULL, NULL, 'SUN_4.00-4.50'),
('SUN_4.00-4.50_11', 'N28-116-02', NULL, NULL, NULL, 'SUN_4.00-4.50'),
('SUN_4.00-4.50_12', 'N28-202-01', NULL, NULL, NULL, 'SUN_4.00-4.50'),
('SUN_4.00-4.50_13', 'N28-203-01', NULL, NULL, NULL, 'SUN_4.00-4.50'),
('SUN_4.00-4.50_14', 'N28-204-01', NULL, NULL, NULL, 'SUN_4.00-4.50'),
('SUN_4.00-4.50_15', 'N28-223-02', NULL, NULL, NULL, 'SUN_4.00-4.50'),
('SUN_4.00-4.50_16', 'N28-301-01', NULL, NULL, NULL, 'SUN_4.00-4.50'),
('SUN_4.00-4.50_17', 'N28-321-02', NULL, NULL, NULL, 'SUN_4.00-4.50'),
('SUN_4.00-4.50_18', 'N28-322-02', NULL, NULL, NULL, 'SUN_4.00-4.50'),
('SUN_4.00-4.50_19', 'N28-329-01', NULL, NULL, NULL, 'SUN_4.00-4.50'),
('SUN_4.00-4.50_2', 'Block P19-DK4', NULL, NULL, NULL, 'SUN_4.00-4.50'),
('SUN_4.00-4.50_20', 'N28-330-01', NULL, NULL, NULL, 'SUN_4.00-4.50'),
('SUN_4.00-4.50_21', 'N28-350-03', NULL, NULL, NULL, 'SUN_4.00-4.50'),
('SUN_4.00-4.50_22', 'N28-351-02', NULL, NULL, NULL, 'SUN_4.00-4.50'),
('SUN_4.00-4.50_23', 'N28-352-01', NULL, NULL, NULL, 'SUN_4.00-4.50'),
('SUN_4.00-4.50_24', 'N28-422-01', NULL, NULL, NULL, 'SUN_4.00-4.50'),
('SUN_4.00-4.50_25', 'N28-423-01', NULL, NULL, NULL, 'SUN_4.00-4.50'),
('SUN_4.00-4.50_26', 'N28-502-01', NULL, NULL, NULL, 'SUN_4.00-4.50'),
('SUN_4.00-4.50_27', 'N28-505-01', NULL, NULL, NULL, 'SUN_4.00-4.50'),
('SUN_4.00-4.50_28', 'N28-506-01', NULL, NULL, NULL, 'SUN_4.00-4.50'),
('SUN_4.00-4.50_29', 'N28-512-01', NULL, NULL, NULL, 'SUN_4.00-4.50'),
('SUN_4.00-4.50_3', 'Block P19-DK5', NULL, NULL, NULL, 'SUN_4.00-4.50'),
('SUN_4.00-4.50_30', 'N28-516-01', NULL, NULL, NULL, 'SUN_4.00-4.50'),
('SUN_4.00-4.50_31', 'N28-517-02', NULL, NULL, NULL, 'SUN_4.00-4.50'),
('SUN_4.00-4.50_32', 'N28-518-02', NULL, NULL, NULL, 'SUN_4.00-4.50'),
('SUN_4.00-4.50_33', 'N28-524-02', NULL, NULL, NULL, 'SUN_4.00-4.50'),
('SUN_4.00-4.50_34', 'N28-525-01', NULL, NULL, NULL, 'SUN_4.00-4.50'),
('SUN_4.00-4.50_35', 'N28-527-02', NULL, NULL, NULL, 'SUN_4.00-4.50'),
('SUN_4.00-4.50_36', 'N28a-01-01', NULL, NULL, NULL, 'SUN_4.00-4.50'),
('SUN_4.00-4.50_37', 'N28a-01-02', NULL, NULL, NULL, 'SUN_4.00-4.50'),
('SUN_4.00-4.50_38', 'N28a-01-04', NULL, NULL, NULL, 'SUN_4.00-4.50'),
('SUN_4.00-4.50_39', 'N28a-01-05', NULL, NULL, NULL, 'SUN_4.00-4.50'),
('SUN_4.00-4.50_4', 'Block P19-DK6', NULL, NULL, NULL, 'SUN_4.00-4.50'),
('SUN_4.00-4.50_40', 'N28a-01-07', NULL, NULL, NULL, 'SUN_4.00-4.50'),
('SUN_4.00-4.50_41', 'N28a-01-15', NULL, NULL, NULL, 'SUN_4.00-4.50'),
('SUN_4.00-4.50_42', 'N28a-01-16', NULL, NULL, NULL, 'SUN_4.00-4.50'),
('SUN_4.00-4.50_43', 'N28a-01-19', NULL, NULL, NULL, 'SUN_4.00-4.50'),
('SUN_4.00-4.50_44', 'N28a-01-20', NULL, NULL, NULL, 'SUN_4.00-4.50'),
('SUN_4.00-4.50_45', 'N28A-02-33', NULL, NULL, NULL, 'SUN_4.00-4.50'),
('SUN_4.00-4.50_46', 'N28A-02-34', NULL, NULL, NULL, 'SUN_4.00-4.50'),
('SUN_4.00-4.50_5', 'N28-105-01', NULL, NULL, NULL, 'SUN_4.00-4.50'),
('SUN_4.00-4.50_6', 'N28-106-01', NULL, NULL, NULL, 'SUN_4.00-4.50'),
('SUN_4.00-4.50_7', 'N28-107-01', NULL, NULL, NULL, 'SUN_4.00-4.50'),
('SUN_4.00-4.50_8', 'N28-108-01', NULL, NULL, NULL, 'SUN_4.00-4.50'),
('SUN_4.00-4.50_9', 'N28-111-01', NULL, NULL, NULL, 'SUN_4.00-4.50'),
('SUN_8.00-8.50_1', 'Block L50', NULL, NULL, NULL, 'SUN_8.00-8.50'),
('SUN_8.00-8.50_10', 'N28-112-02', NULL, NULL, NULL, 'SUN_8.00-8.50'),
('SUN_8.00-8.50_11', 'N28-116-02', NULL, NULL, NULL, 'SUN_8.00-8.50'),
('SUN_8.00-8.50_12', 'N28-202-01', NULL, NULL, NULL, 'SUN_8.00-8.50'),
('SUN_8.00-8.50_13', 'N28-203-01', NULL, NULL, NULL, 'SUN_8.00-8.50'),
('SUN_8.00-8.50_14', 'N28-204-01', NULL, NULL, NULL, 'SUN_8.00-8.50'),
('SUN_8.00-8.50_15', 'N28-223-02', NULL, NULL, NULL, 'SUN_8.00-8.50'),
('SUN_8.00-8.50_16', 'N28-301-01', NULL, NULL, NULL, 'SUN_8.00-8.50'),
('SUN_8.00-8.50_17', 'N28-321-02', NULL, NULL, NULL, 'SUN_8.00-8.50'),
('SUN_8.00-8.50_18', 'N28-322-02', NULL, NULL, NULL, 'SUN_8.00-8.50'),
('SUN_8.00-8.50_19', 'N28-329-01', NULL, NULL, NULL, 'SUN_8.00-8.50'),
('SUN_8.00-8.50_2', 'Block P19-DK4', NULL, NULL, NULL, 'SUN_8.00-8.50'),
('SUN_8.00-8.50_20', 'N28-330-01', NULL, NULL, NULL, 'SUN_8.00-8.50'),
('SUN_8.00-8.50_21', 'N28-350-03', NULL, NULL, NULL, 'SUN_8.00-8.50'),
('SUN_8.00-8.50_22', 'N28-351-02', 'Y1/S1', 'LC011', 'SCSR1013_02', 'SUN_8.00-8.50'),
('SUN_8.00-8.50_23', 'N28-352-01', NULL, NULL, NULL, 'SUN_8.00-8.50'),
('SUN_8.00-8.50_24', 'N28-422-01', NULL, NULL, NULL, 'SUN_8.00-8.50'),
('SUN_8.00-8.50_25', 'N28-423-01', NULL, NULL, NULL, 'SUN_8.00-8.50'),
('SUN_8.00-8.50_26', 'N28-502-01', NULL, NULL, NULL, 'SUN_8.00-8.50'),
('SUN_8.00-8.50_27', 'N28-505-01', NULL, NULL, NULL, 'SUN_8.00-8.50'),
('SUN_8.00-8.50_28', 'N28-506-01', NULL, NULL, NULL, 'SUN_8.00-8.50'),
('SUN_8.00-8.50_29', 'N28-512-01', NULL, NULL, NULL, 'SUN_8.00-8.50'),
('SUN_8.00-8.50_3', 'Block P19-DK5', NULL, NULL, NULL, 'SUN_8.00-8.50'),
('SUN_8.00-8.50_30', 'N28-516-01', NULL, NULL, NULL, 'SUN_8.00-8.50'),
('SUN_8.00-8.50_31', 'N28-517-02', NULL, NULL, NULL, 'SUN_8.00-8.50'),
('SUN_8.00-8.50_32', 'N28-518-02', NULL, NULL, NULL, 'SUN_8.00-8.50'),
('SUN_8.00-8.50_33', 'N28-524-02', NULL, NULL, NULL, 'SUN_8.00-8.50'),
('SUN_8.00-8.50_34', 'N28-525-01', NULL, NULL, NULL, 'SUN_8.00-8.50'),
('SUN_8.00-8.50_35', 'N28-527-02', NULL, NULL, NULL, 'SUN_8.00-8.50'),
('SUN_8.00-8.50_36', 'N28a-01-01', NULL, NULL, NULL, 'SUN_8.00-8.50'),
('SUN_8.00-8.50_37', 'N28a-01-02', NULL, NULL, NULL, 'SUN_8.00-8.50'),
('SUN_8.00-8.50_38', 'N28a-01-04', NULL, NULL, NULL, 'SUN_8.00-8.50'),
('SUN_8.00-8.50_39', 'N28a-01-05', NULL, NULL, NULL, 'SUN_8.00-8.50'),
('SUN_8.00-8.50_4', 'Block P19-DK6', NULL, NULL, NULL, 'SUN_8.00-8.50'),
('SUN_8.00-8.50_40', 'N28a-01-07', NULL, NULL, NULL, 'SUN_8.00-8.50'),
('SUN_8.00-8.50_41', 'N28a-01-15', NULL, NULL, NULL, 'SUN_8.00-8.50'),
('SUN_8.00-8.50_42', 'N28a-01-16', NULL, NULL, NULL, 'SUN_8.00-8.50'),
('SUN_8.00-8.50_43', 'N28a-01-19', NULL, NULL, NULL, 'SUN_8.00-8.50'),
('SUN_8.00-8.50_44', 'N28a-01-20', NULL, NULL, NULL, 'SUN_8.00-8.50'),
('SUN_8.00-8.50_45', 'N28A-02-33', NULL, NULL, NULL, 'SUN_8.00-8.50'),
('SUN_8.00-8.50_46', 'N28A-02-34', NULL, NULL, NULL, 'SUN_8.00-8.50'),
('SUN_8.00-8.50_5', 'N28-105-01', NULL, NULL, NULL, 'SUN_8.00-8.50'),
('SUN_8.00-8.50_6', 'N28-106-01', NULL, NULL, NULL, 'SUN_8.00-8.50'),
('SUN_8.00-8.50_7', 'N28-107-01', NULL, NULL, NULL, 'SUN_8.00-8.50'),
('SUN_8.00-8.50_8', 'N28-108-01', NULL, NULL, NULL, 'SUN_8.00-8.50'),
('SUN_8.00-8.50_9', 'N28-111-01', NULL, NULL, NULL, 'SUN_8.00-8.50'),
('SUN_9.00-9.50_1', 'Block L50', NULL, NULL, NULL, 'SUN_9.00-9.50'),
('SUN_9.00-9.50_10', 'N28-112-02', NULL, NULL, NULL, 'SUN_9.00-9.50'),
('SUN_9.00-9.50_11', 'N28-116-02', NULL, NULL, NULL, 'SUN_9.00-9.50'),
('SUN_9.00-9.50_12', 'N28-202-01', NULL, NULL, NULL, 'SUN_9.00-9.50'),
('SUN_9.00-9.50_13', 'N28-203-01', NULL, NULL, NULL, 'SUN_9.00-9.50'),
('SUN_9.00-9.50_14', 'N28-204-01', NULL, NULL, NULL, 'SUN_9.00-9.50'),
('SUN_9.00-9.50_15', 'N28-223-02', NULL, NULL, NULL, 'SUN_9.00-9.50'),
('SUN_9.00-9.50_16', 'N28-301-01', NULL, NULL, NULL, 'SUN_9.00-9.50'),
('SUN_9.00-9.50_17', 'N28-321-02', NULL, NULL, NULL, 'SUN_9.00-9.50'),
('SUN_9.00-9.50_18', 'N28-322-02', NULL, NULL, NULL, 'SUN_9.00-9.50'),
('SUN_9.00-9.50_19', 'N28-329-01', NULL, NULL, NULL, 'SUN_9.00-9.50'),
('SUN_9.00-9.50_2', 'Block P19-DK4', NULL, NULL, NULL, 'SUN_9.00-9.50'),
('SUN_9.00-9.50_20', 'N28-330-01', NULL, NULL, NULL, 'SUN_9.00-9.50'),
('SUN_9.00-9.50_21', 'N28-350-03', NULL, NULL, NULL, 'SUN_9.00-9.50'),
('SUN_9.00-9.50_22', 'N28-351-02', 'Y1/S1', 'LC011', 'SCSR1013_02', 'SUN_9.00-9.50');
INSERT INTO `published_schedule` (`schedule_id`, `classroom_id`, `faculty_timetable_id`, `lecturer_id`, `section_id`, `time_slot_id`) VALUES
('SUN_9.00-9.50_23', 'N28-352-01', NULL, NULL, NULL, 'SUN_9.00-9.50'),
('SUN_9.00-9.50_24', 'N28-422-01', NULL, NULL, NULL, 'SUN_9.00-9.50'),
('SUN_9.00-9.50_25', 'N28-423-01', NULL, NULL, NULL, 'SUN_9.00-9.50'),
('SUN_9.00-9.50_26', 'N28-502-01', NULL, NULL, NULL, 'SUN_9.00-9.50'),
('SUN_9.00-9.50_27', 'N28-505-01', NULL, NULL, NULL, 'SUN_9.00-9.50'),
('SUN_9.00-9.50_28', 'N28-506-01', NULL, NULL, NULL, 'SUN_9.00-9.50'),
('SUN_9.00-9.50_29', 'N28-512-01', NULL, NULL, NULL, 'SUN_9.00-9.50'),
('SUN_9.00-9.50_3', 'Block P19-DK5', NULL, NULL, NULL, 'SUN_9.00-9.50'),
('SUN_9.00-9.50_30', 'N28-516-01', NULL, NULL, NULL, 'SUN_9.00-9.50'),
('SUN_9.00-9.50_31', 'N28-517-02', NULL, NULL, NULL, 'SUN_9.00-9.50'),
('SUN_9.00-9.50_32', 'N28-518-02', NULL, NULL, NULL, 'SUN_9.00-9.50'),
('SUN_9.00-9.50_33', 'N28-524-02', NULL, NULL, NULL, 'SUN_9.00-9.50'),
('SUN_9.00-9.50_34', 'N28-525-01', NULL, NULL, NULL, 'SUN_9.00-9.50'),
('SUN_9.00-9.50_35', 'N28-527-02', NULL, NULL, NULL, 'SUN_9.00-9.50'),
('SUN_9.00-9.50_36', 'N28a-01-01', NULL, NULL, NULL, 'SUN_9.00-9.50'),
('SUN_9.00-9.50_37', 'N28a-01-02', NULL, NULL, NULL, 'SUN_9.00-9.50'),
('SUN_9.00-9.50_38', 'N28a-01-04', NULL, NULL, NULL, 'SUN_9.00-9.50'),
('SUN_9.00-9.50_39', 'N28a-01-05', NULL, NULL, NULL, 'SUN_9.00-9.50'),
('SUN_9.00-9.50_4', 'Block P19-DK6', NULL, NULL, NULL, 'SUN_9.00-9.50'),
('SUN_9.00-9.50_40', 'N28a-01-07', NULL, NULL, NULL, 'SUN_9.00-9.50'),
('SUN_9.00-9.50_41', 'N28a-01-15', NULL, NULL, NULL, 'SUN_9.00-9.50'),
('SUN_9.00-9.50_42', 'N28a-01-16', NULL, NULL, NULL, 'SUN_9.00-9.50'),
('SUN_9.00-9.50_43', 'N28a-01-19', NULL, NULL, NULL, 'SUN_9.00-9.50'),
('SUN_9.00-9.50_44', 'N28a-01-20', NULL, NULL, NULL, 'SUN_9.00-9.50'),
('SUN_9.00-9.50_45', 'N28A-02-33', NULL, NULL, NULL, 'SUN_9.00-9.50'),
('SUN_9.00-9.50_46', 'N28A-02-34', NULL, NULL, NULL, 'SUN_9.00-9.50'),
('SUN_9.00-9.50_5', 'N28-105-01', NULL, NULL, NULL, 'SUN_9.00-9.50'),
('SUN_9.00-9.50_6', 'N28-106-01', NULL, NULL, NULL, 'SUN_9.00-9.50'),
('SUN_9.00-9.50_7', 'N28-107-01', NULL, NULL, NULL, 'SUN_9.00-9.50'),
('SUN_9.00-9.50_8', 'N28-108-01', NULL, NULL, NULL, 'SUN_9.00-9.50'),
('SUN_9.00-9.50_9', 'N28-111-01', NULL, NULL, NULL, 'SUN_9.00-9.50'),
('THU_10.00-10.50_1', 'Block L50', NULL, NULL, NULL, 'THU_10.00-10.50'),
('THU_10.00-10.50_10', 'N28-112-02', NULL, NULL, NULL, 'THU_10.00-10.50'),
('THU_10.00-10.50_11', 'N28-116-02', NULL, NULL, NULL, 'THU_10.00-10.50'),
('THU_10.00-10.50_12', 'N28-202-01', NULL, NULL, NULL, 'THU_10.00-10.50'),
('THU_10.00-10.50_13', 'N28-203-01', NULL, NULL, NULL, 'THU_10.00-10.50'),
('THU_10.00-10.50_14', 'N28-204-01', NULL, NULL, NULL, 'THU_10.00-10.50'),
('THU_10.00-10.50_15', 'N28-223-02', NULL, NULL, NULL, 'THU_10.00-10.50'),
('THU_10.00-10.50_16', 'N28-301-01', NULL, NULL, NULL, 'THU_10.00-10.50'),
('THU_10.00-10.50_17', 'N28-321-02', NULL, NULL, NULL, 'THU_10.00-10.50'),
('THU_10.00-10.50_18', 'N28-322-02', NULL, NULL, NULL, 'THU_10.00-10.50'),
('THU_10.00-10.50_19', 'N28-329-01', NULL, NULL, NULL, 'THU_10.00-10.50'),
('THU_10.00-10.50_2', 'Block P19-DK4', NULL, NULL, NULL, 'THU_10.00-10.50'),
('THU_10.00-10.50_20', 'N28-330-01', NULL, NULL, NULL, 'THU_10.00-10.50'),
('THU_10.00-10.50_21', 'N28-350-03', NULL, NULL, NULL, 'THU_10.00-10.50'),
('THU_10.00-10.50_22', 'N28-351-02', NULL, NULL, NULL, 'THU_10.00-10.50'),
('THU_10.00-10.50_23', 'N28-352-01', NULL, NULL, NULL, 'THU_10.00-10.50'),
('THU_10.00-10.50_24', 'N28-422-01', NULL, NULL, NULL, 'THU_10.00-10.50'),
('THU_10.00-10.50_25', 'N28-423-01', NULL, NULL, NULL, 'THU_10.00-10.50'),
('THU_10.00-10.50_26', 'N28-502-01', NULL, NULL, NULL, 'THU_10.00-10.50'),
('THU_10.00-10.50_27', 'N28-505-01', NULL, NULL, NULL, 'THU_10.00-10.50'),
('THU_10.00-10.50_28', 'N28-506-01', NULL, NULL, NULL, 'THU_10.00-10.50'),
('THU_10.00-10.50_29', 'N28-512-01', NULL, NULL, NULL, 'THU_10.00-10.50'),
('THU_10.00-10.50_3', 'Block P19-DK5', NULL, NULL, NULL, 'THU_10.00-10.50'),
('THU_10.00-10.50_30', 'N28-516-01', NULL, NULL, NULL, 'THU_10.00-10.50'),
('THU_10.00-10.50_31', 'N28-517-02', NULL, NULL, NULL, 'THU_10.00-10.50'),
('THU_10.00-10.50_32', 'N28-518-02', NULL, NULL, NULL, 'THU_10.00-10.50'),
('THU_10.00-10.50_33', 'N28-524-02', NULL, NULL, NULL, 'THU_10.00-10.50'),
('THU_10.00-10.50_34', 'N28-525-01', NULL, NULL, NULL, 'THU_10.00-10.50'),
('THU_10.00-10.50_35', 'N28-527-02', NULL, NULL, NULL, 'THU_10.00-10.50'),
('THU_10.00-10.50_36', 'N28a-01-01', NULL, NULL, NULL, 'THU_10.00-10.50'),
('THU_10.00-10.50_37', 'N28a-01-02', NULL, NULL, NULL, 'THU_10.00-10.50'),
('THU_10.00-10.50_38', 'N28a-01-04', NULL, NULL, NULL, 'THU_10.00-10.50'),
('THU_10.00-10.50_39', 'N28a-01-05', NULL, NULL, NULL, 'THU_10.00-10.50'),
('THU_10.00-10.50_4', 'Block P19-DK6', NULL, NULL, NULL, 'THU_10.00-10.50'),
('THU_10.00-10.50_40', 'N28a-01-07', NULL, NULL, NULL, 'THU_10.00-10.50'),
('THU_10.00-10.50_41', 'N28a-01-15', NULL, NULL, NULL, 'THU_10.00-10.50'),
('THU_10.00-10.50_42', 'N28a-01-16', NULL, NULL, NULL, 'THU_10.00-10.50'),
('THU_10.00-10.50_43', 'N28a-01-19', NULL, NULL, NULL, 'THU_10.00-10.50'),
('THU_10.00-10.50_44', 'N28a-01-20', NULL, NULL, NULL, 'THU_10.00-10.50'),
('THU_10.00-10.50_45', 'N28A-02-33', NULL, NULL, NULL, 'THU_10.00-10.50'),
('THU_10.00-10.50_46', 'N28A-02-34', NULL, NULL, NULL, 'THU_10.00-10.50'),
('THU_10.00-10.50_5', 'N28-105-01', NULL, NULL, NULL, 'THU_10.00-10.50'),
('THU_10.00-10.50_6', 'N28-106-01', NULL, NULL, NULL, 'THU_10.00-10.50'),
('THU_10.00-10.50_7', 'N28-107-01', NULL, NULL, NULL, 'THU_10.00-10.50'),
('THU_10.00-10.50_8', 'N28-108-01', NULL, NULL, NULL, 'THU_10.00-10.50'),
('THU_10.00-10.50_9', 'N28-111-01', NULL, NULL, NULL, 'THU_10.00-10.50'),
('THU_11.00-11.50_1', 'Block L50', NULL, NULL, NULL, 'THU_11.00-11.50'),
('THU_11.00-11.50_10', 'N28-112-02', NULL, NULL, NULL, 'THU_11.00-11.50'),
('THU_11.00-11.50_11', 'N28-116-02', NULL, NULL, NULL, 'THU_11.00-11.50'),
('THU_11.00-11.50_12', 'N28-202-01', NULL, NULL, NULL, 'THU_11.00-11.50'),
('THU_11.00-11.50_13', 'N28-203-01', NULL, NULL, NULL, 'THU_11.00-11.50'),
('THU_11.00-11.50_14', 'N28-204-01', NULL, NULL, NULL, 'THU_11.00-11.50'),
('THU_11.00-11.50_15', 'N28-223-02', NULL, NULL, NULL, 'THU_11.00-11.50'),
('THU_11.00-11.50_16', 'N28-301-01', NULL, NULL, NULL, 'THU_11.00-11.50'),
('THU_11.00-11.50_17', 'N28-321-02', NULL, NULL, NULL, 'THU_11.00-11.50'),
('THU_11.00-11.50_18', 'N28-322-02', NULL, NULL, NULL, 'THU_11.00-11.50'),
('THU_11.00-11.50_19', 'N28-329-01', NULL, NULL, NULL, 'THU_11.00-11.50'),
('THU_11.00-11.50_2', 'Block P19-DK4', NULL, NULL, NULL, 'THU_11.00-11.50'),
('THU_11.00-11.50_20', 'N28-330-01', NULL, NULL, NULL, 'THU_11.00-11.50'),
('THU_11.00-11.50_21', 'N28-350-03', NULL, NULL, NULL, 'THU_11.00-11.50'),
('THU_11.00-11.50_22', 'N28-351-02', NULL, NULL, NULL, 'THU_11.00-11.50'),
('THU_11.00-11.50_23', 'N28-352-01', NULL, NULL, NULL, 'THU_11.00-11.50'),
('THU_11.00-11.50_24', 'N28-422-01', NULL, NULL, NULL, 'THU_11.00-11.50'),
('THU_11.00-11.50_25', 'N28-423-01', NULL, NULL, NULL, 'THU_11.00-11.50'),
('THU_11.00-11.50_26', 'N28-502-01', NULL, NULL, NULL, 'THU_11.00-11.50'),
('THU_11.00-11.50_27', 'N28-505-01', NULL, NULL, NULL, 'THU_11.00-11.50'),
('THU_11.00-11.50_28', 'N28-506-01', NULL, NULL, NULL, 'THU_11.00-11.50'),
('THU_11.00-11.50_29', 'N28-512-01', NULL, NULL, NULL, 'THU_11.00-11.50'),
('THU_11.00-11.50_3', 'Block P19-DK5', NULL, NULL, NULL, 'THU_11.00-11.50'),
('THU_11.00-11.50_30', 'N28-516-01', 'Y3/S1', 'LC064', 'SECJ3303_04', 'THU_11.00-11.50'),
('THU_11.00-11.50_31', 'N28-517-02', NULL, NULL, NULL, 'THU_11.00-11.50'),
('THU_11.00-11.50_32', 'N28-518-02', NULL, NULL, NULL, 'THU_11.00-11.50'),
('THU_11.00-11.50_33', 'N28-524-02', NULL, NULL, NULL, 'THU_11.00-11.50'),
('THU_11.00-11.50_34', 'N28-525-01', NULL, NULL, NULL, 'THU_11.00-11.50'),
('THU_11.00-11.50_35', 'N28-527-02', NULL, NULL, NULL, 'THU_11.00-11.50'),
('THU_11.00-11.50_36', 'N28a-01-01', NULL, NULL, NULL, 'THU_11.00-11.50'),
('THU_11.00-11.50_37', 'N28a-01-02', NULL, NULL, NULL, 'THU_11.00-11.50'),
('THU_11.00-11.50_38', 'N28a-01-04', NULL, NULL, NULL, 'THU_11.00-11.50'),
('THU_11.00-11.50_39', 'N28a-01-05', NULL, NULL, NULL, 'THU_11.00-11.50'),
('THU_11.00-11.50_4', 'Block P19-DK6', NULL, NULL, NULL, 'THU_11.00-11.50'),
('THU_11.00-11.50_40', 'N28a-01-07', NULL, NULL, NULL, 'THU_11.00-11.50'),
('THU_11.00-11.50_41', 'N28a-01-15', NULL, NULL, NULL, 'THU_11.00-11.50'),
('THU_11.00-11.50_42', 'N28a-01-16', NULL, NULL, NULL, 'THU_11.00-11.50'),
('THU_11.00-11.50_43', 'N28a-01-19', NULL, NULL, NULL, 'THU_11.00-11.50'),
('THU_11.00-11.50_44', 'N28a-01-20', NULL, NULL, NULL, 'THU_11.00-11.50'),
('THU_11.00-11.50_45', 'N28A-02-33', NULL, NULL, NULL, 'THU_11.00-11.50'),
('THU_11.00-11.50_46', 'N28A-02-34', NULL, NULL, NULL, 'THU_11.00-11.50'),
('THU_11.00-11.50_5', 'N28-105-01', NULL, NULL, NULL, 'THU_11.00-11.50'),
('THU_11.00-11.50_6', 'N28-106-01', NULL, NULL, NULL, 'THU_11.00-11.50'),
('THU_11.00-11.50_7', 'N28-107-01', NULL, NULL, NULL, 'THU_11.00-11.50'),
('THU_11.00-11.50_8', 'N28-108-01', NULL, NULL, NULL, 'THU_11.00-11.50'),
('THU_11.00-11.50_9', 'N28-111-01', NULL, NULL, NULL, 'THU_11.00-11.50'),
('THU_12.00-12.50_1', 'Block L50', NULL, NULL, NULL, 'THU_12.00-12.50'),
('THU_12.00-12.50_10', 'N28-112-02', NULL, NULL, NULL, 'THU_12.00-12.50'),
('THU_12.00-12.50_11', 'N28-116-02', NULL, NULL, NULL, 'THU_12.00-12.50'),
('THU_12.00-12.50_12', 'N28-202-01', NULL, NULL, NULL, 'THU_12.00-12.50'),
('THU_12.00-12.50_13', 'N28-203-01', NULL, NULL, NULL, 'THU_12.00-12.50'),
('THU_12.00-12.50_14', 'N28-204-01', NULL, NULL, NULL, 'THU_12.00-12.50'),
('THU_12.00-12.50_15', 'N28-223-02', NULL, NULL, NULL, 'THU_12.00-12.50'),
('THU_12.00-12.50_16', 'N28-301-01', NULL, NULL, NULL, 'THU_12.00-12.50'),
('THU_12.00-12.50_17', 'N28-321-02', NULL, NULL, NULL, 'THU_12.00-12.50'),
('THU_12.00-12.50_18', 'N28-322-02', NULL, NULL, NULL, 'THU_12.00-12.50'),
('THU_12.00-12.50_19', 'N28-329-01', NULL, NULL, NULL, 'THU_12.00-12.50'),
('THU_12.00-12.50_2', 'Block P19-DK4', NULL, NULL, NULL, 'THU_12.00-12.50'),
('THU_12.00-12.50_20', 'N28-330-01', NULL, NULL, NULL, 'THU_12.00-12.50'),
('THU_12.00-12.50_21', 'N28-350-03', NULL, NULL, NULL, 'THU_12.00-12.50'),
('THU_12.00-12.50_22', 'N28-351-02', NULL, NULL, NULL, 'THU_12.00-12.50'),
('THU_12.00-12.50_23', 'N28-352-01', NULL, NULL, NULL, 'THU_12.00-12.50'),
('THU_12.00-12.50_24', 'N28-422-01', NULL, NULL, NULL, 'THU_12.00-12.50'),
('THU_12.00-12.50_25', 'N28-423-01', NULL, NULL, NULL, 'THU_12.00-12.50'),
('THU_12.00-12.50_26', 'N28-502-01', NULL, NULL, NULL, 'THU_12.00-12.50'),
('THU_12.00-12.50_27', 'N28-505-01', NULL, NULL, NULL, 'THU_12.00-12.50'),
('THU_12.00-12.50_28', 'N28-506-01', NULL, NULL, NULL, 'THU_12.00-12.50'),
('THU_12.00-12.50_29', 'N28-512-01', NULL, NULL, NULL, 'THU_12.00-12.50'),
('THU_12.00-12.50_3', 'Block P19-DK5', NULL, NULL, NULL, 'THU_12.00-12.50'),
('THU_12.00-12.50_30', 'N28-516-01', 'Y3/S1', 'LC064', 'SECJ3303_04', 'THU_12.00-12.50'),
('THU_12.00-12.50_31', 'N28-517-02', NULL, NULL, NULL, 'THU_12.00-12.50'),
('THU_12.00-12.50_32', 'N28-518-02', NULL, NULL, NULL, 'THU_12.00-12.50'),
('THU_12.00-12.50_33', 'N28-524-02', NULL, NULL, NULL, 'THU_12.00-12.50'),
('THU_12.00-12.50_34', 'N28-525-01', NULL, NULL, NULL, 'THU_12.00-12.50'),
('THU_12.00-12.50_35', 'N28-527-02', NULL, NULL, NULL, 'THU_12.00-12.50'),
('THU_12.00-12.50_36', 'N28a-01-01', NULL, NULL, NULL, 'THU_12.00-12.50'),
('THU_12.00-12.50_37', 'N28a-01-02', NULL, NULL, NULL, 'THU_12.00-12.50'),
('THU_12.00-12.50_38', 'N28a-01-04', NULL, NULL, NULL, 'THU_12.00-12.50'),
('THU_12.00-12.50_39', 'N28a-01-05', NULL, NULL, NULL, 'THU_12.00-12.50'),
('THU_12.00-12.50_4', 'Block P19-DK6', NULL, NULL, NULL, 'THU_12.00-12.50'),
('THU_12.00-12.50_40', 'N28a-01-07', NULL, NULL, NULL, 'THU_12.00-12.50'),
('THU_12.00-12.50_41', 'N28a-01-15', NULL, NULL, NULL, 'THU_12.00-12.50'),
('THU_12.00-12.50_42', 'N28a-01-16', NULL, NULL, NULL, 'THU_12.00-12.50'),
('THU_12.00-12.50_43', 'N28a-01-19', NULL, NULL, NULL, 'THU_12.00-12.50'),
('THU_12.00-12.50_44', 'N28a-01-20', NULL, NULL, NULL, 'THU_12.00-12.50'),
('THU_12.00-12.50_45', 'N28A-02-33', NULL, NULL, NULL, 'THU_12.00-12.50'),
('THU_12.00-12.50_46', 'N28A-02-34', NULL, NULL, NULL, 'THU_12.00-12.50'),
('THU_12.00-12.50_5', 'N28-105-01', NULL, NULL, NULL, 'THU_12.00-12.50'),
('THU_12.00-12.50_6', 'N28-106-01', NULL, NULL, NULL, 'THU_12.00-12.50'),
('THU_12.00-12.50_7', 'N28-107-01', NULL, NULL, NULL, 'THU_12.00-12.50'),
('THU_12.00-12.50_8', 'N28-108-01', NULL, NULL, NULL, 'THU_12.00-12.50'),
('THU_12.00-12.50_9', 'N28-111-01', NULL, NULL, NULL, 'THU_12.00-12.50'),
('THU_2.00-2.50_1', 'Block L50', NULL, NULL, NULL, 'THU_2.00-2.50'),
('THU_2.00-2.50_10', 'N28-112-02', NULL, NULL, NULL, 'THU_2.00-2.50'),
('THU_2.00-2.50_11', 'N28-116-02', NULL, NULL, NULL, 'THU_2.00-2.50'),
('THU_2.00-2.50_12', 'N28-202-01', NULL, NULL, NULL, 'THU_2.00-2.50'),
('THU_2.00-2.50_13', 'N28-203-01', NULL, NULL, NULL, 'THU_2.00-2.50'),
('THU_2.00-2.50_14', 'N28-204-01', NULL, NULL, NULL, 'THU_2.00-2.50'),
('THU_2.00-2.50_15', 'N28-223-02', NULL, NULL, NULL, 'THU_2.00-2.50'),
('THU_2.00-2.50_16', 'N28-301-01', NULL, NULL, NULL, 'THU_2.00-2.50'),
('THU_2.00-2.50_17', 'N28-321-02', NULL, NULL, NULL, 'THU_2.00-2.50'),
('THU_2.00-2.50_18', 'N28-322-02', NULL, NULL, NULL, 'THU_2.00-2.50'),
('THU_2.00-2.50_19', 'N28-329-01', NULL, NULL, NULL, 'THU_2.00-2.50'),
('THU_2.00-2.50_2', 'Block P19-DK4', NULL, NULL, NULL, 'THU_2.00-2.50'),
('THU_2.00-2.50_20', 'N28-330-01', NULL, NULL, NULL, 'THU_2.00-2.50'),
('THU_2.00-2.50_21', 'N28-350-03', NULL, NULL, NULL, 'THU_2.00-2.50'),
('THU_2.00-2.50_22', 'N28-351-02', NULL, NULL, NULL, 'THU_2.00-2.50'),
('THU_2.00-2.50_23', 'N28-352-01', NULL, NULL, NULL, 'THU_2.00-2.50'),
('THU_2.00-2.50_24', 'N28-422-01', NULL, NULL, NULL, 'THU_2.00-2.50'),
('THU_2.00-2.50_25', 'N28-423-01', NULL, NULL, NULL, 'THU_2.00-2.50'),
('THU_2.00-2.50_26', 'N28-502-01', NULL, NULL, NULL, 'THU_2.00-2.50'),
('THU_2.00-2.50_27', 'N28-505-01', NULL, NULL, NULL, 'THU_2.00-2.50'),
('THU_2.00-2.50_28', 'N28-506-01', NULL, NULL, NULL, 'THU_2.00-2.50'),
('THU_2.00-2.50_29', 'N28-512-01', NULL, NULL, NULL, 'THU_2.00-2.50'),
('THU_2.00-2.50_3', 'Block P19-DK5', NULL, NULL, NULL, 'THU_2.00-2.50'),
('THU_2.00-2.50_30', 'N28-516-01', NULL, NULL, NULL, 'THU_2.00-2.50'),
('THU_2.00-2.50_31', 'N28-517-02', NULL, NULL, NULL, 'THU_2.00-2.50'),
('THU_2.00-2.50_32', 'N28-518-02', NULL, NULL, NULL, 'THU_2.00-2.50'),
('THU_2.00-2.50_33', 'N28-524-02', NULL, NULL, NULL, 'THU_2.00-2.50'),
('THU_2.00-2.50_34', 'N28-525-01', NULL, NULL, NULL, 'THU_2.00-2.50'),
('THU_2.00-2.50_35', 'N28-527-02', NULL, NULL, NULL, 'THU_2.00-2.50'),
('THU_2.00-2.50_36', 'N28a-01-01', NULL, NULL, NULL, 'THU_2.00-2.50'),
('THU_2.00-2.50_37', 'N28a-01-02', NULL, NULL, NULL, 'THU_2.00-2.50'),
('THU_2.00-2.50_38', 'N28a-01-04', NULL, NULL, NULL, 'THU_2.00-2.50'),
('THU_2.00-2.50_39', 'N28a-01-05', NULL, NULL, NULL, 'THU_2.00-2.50'),
('THU_2.00-2.50_4', 'Block P19-DK6', NULL, NULL, NULL, 'THU_2.00-2.50'),
('THU_2.00-2.50_40', 'N28a-01-07', NULL, NULL, NULL, 'THU_2.00-2.50'),
('THU_2.00-2.50_41', 'N28a-01-15', NULL, NULL, NULL, 'THU_2.00-2.50'),
('THU_2.00-2.50_42', 'N28a-01-16', NULL, NULL, NULL, 'THU_2.00-2.50'),
('THU_2.00-2.50_43', 'N28a-01-19', NULL, NULL, NULL, 'THU_2.00-2.50'),
('THU_2.00-2.50_44', 'N28a-01-20', NULL, NULL, NULL, 'THU_2.00-2.50'),
('THU_2.00-2.50_45', 'N28A-02-33', NULL, NULL, NULL, 'THU_2.00-2.50'),
('THU_2.00-2.50_46', 'N28A-02-34', NULL, NULL, NULL, 'THU_2.00-2.50'),
('THU_2.00-2.50_5', 'N28-105-01', NULL, NULL, NULL, 'THU_2.00-2.50'),
('THU_2.00-2.50_6', 'N28-106-01', NULL, NULL, NULL, 'THU_2.00-2.50'),
('THU_2.00-2.50_7', 'N28-107-01', NULL, NULL, NULL, 'THU_2.00-2.50'),
('THU_2.00-2.50_8', 'N28-108-01', NULL, NULL, NULL, 'THU_2.00-2.50'),
('THU_2.00-2.50_9', 'N28-111-01', NULL, NULL, NULL, 'THU_2.00-2.50'),
('THU_3.00-3.50_1', 'Block L50', NULL, NULL, NULL, 'THU_3.00-3.50'),
('THU_3.00-3.50_10', 'N28-112-02', NULL, NULL, NULL, 'THU_3.00-3.50'),
('THU_3.00-3.50_11', 'N28-116-02', NULL, NULL, NULL, 'THU_3.00-3.50'),
('THU_3.00-3.50_12', 'N28-202-01', NULL, NULL, NULL, 'THU_3.00-3.50'),
('THU_3.00-3.50_13', 'N28-203-01', NULL, NULL, NULL, 'THU_3.00-3.50'),
('THU_3.00-3.50_14', 'N28-204-01', NULL, NULL, NULL, 'THU_3.00-3.50'),
('THU_3.00-3.50_15', 'N28-223-02', NULL, NULL, NULL, 'THU_3.00-3.50'),
('THU_3.00-3.50_16', 'N28-301-01', NULL, NULL, NULL, 'THU_3.00-3.50'),
('THU_3.00-3.50_17', 'N28-321-02', NULL, NULL, NULL, 'THU_3.00-3.50'),
('THU_3.00-3.50_18', 'N28-322-02', NULL, NULL, NULL, 'THU_3.00-3.50'),
('THU_3.00-3.50_19', 'N28-329-01', NULL, NULL, NULL, 'THU_3.00-3.50'),
('THU_3.00-3.50_2', 'Block P19-DK4', NULL, NULL, NULL, 'THU_3.00-3.50'),
('THU_3.00-3.50_20', 'N28-330-01', NULL, NULL, NULL, 'THU_3.00-3.50'),
('THU_3.00-3.50_21', 'N28-350-03', NULL, NULL, NULL, 'THU_3.00-3.50'),
('THU_3.00-3.50_22', 'N28-351-02', NULL, NULL, NULL, 'THU_3.00-3.50'),
('THU_3.00-3.50_23', 'N28-352-01', NULL, NULL, NULL, 'THU_3.00-3.50'),
('THU_3.00-3.50_24', 'N28-422-01', NULL, NULL, NULL, 'THU_3.00-3.50'),
('THU_3.00-3.50_25', 'N28-423-01', NULL, NULL, NULL, 'THU_3.00-3.50'),
('THU_3.00-3.50_26', 'N28-502-01', NULL, NULL, NULL, 'THU_3.00-3.50'),
('THU_3.00-3.50_27', 'N28-505-01', NULL, NULL, NULL, 'THU_3.00-3.50'),
('THU_3.00-3.50_28', 'N28-506-01', NULL, NULL, NULL, 'THU_3.00-3.50'),
('THU_3.00-3.50_29', 'N28-512-01', NULL, NULL, NULL, 'THU_3.00-3.50'),
('THU_3.00-3.50_3', 'Block P19-DK5', NULL, NULL, NULL, 'THU_3.00-3.50'),
('THU_3.00-3.50_30', 'N28-516-01', NULL, NULL, NULL, 'THU_3.00-3.50'),
('THU_3.00-3.50_31', 'N28-517-02', NULL, NULL, NULL, 'THU_3.00-3.50'),
('THU_3.00-3.50_32', 'N28-518-02', NULL, NULL, NULL, 'THU_3.00-3.50'),
('THU_3.00-3.50_33', 'N28-524-02', NULL, NULL, NULL, 'THU_3.00-3.50'),
('THU_3.00-3.50_34', 'N28-525-01', NULL, NULL, NULL, 'THU_3.00-3.50'),
('THU_3.00-3.50_35', 'N28-527-02', NULL, NULL, NULL, 'THU_3.00-3.50'),
('THU_3.00-3.50_36', 'N28a-01-01', NULL, NULL, NULL, 'THU_3.00-3.50'),
('THU_3.00-3.50_37', 'N28a-01-02', NULL, NULL, NULL, 'THU_3.00-3.50'),
('THU_3.00-3.50_38', 'N28a-01-04', NULL, NULL, NULL, 'THU_3.00-3.50'),
('THU_3.00-3.50_39', 'N28a-01-05', NULL, NULL, NULL, 'THU_3.00-3.50'),
('THU_3.00-3.50_4', 'Block P19-DK6', NULL, NULL, NULL, 'THU_3.00-3.50'),
('THU_3.00-3.50_40', 'N28a-01-07', NULL, NULL, NULL, 'THU_3.00-3.50'),
('THU_3.00-3.50_41', 'N28a-01-15', NULL, NULL, NULL, 'THU_3.00-3.50'),
('THU_3.00-3.50_42', 'N28a-01-16', NULL, NULL, NULL, 'THU_3.00-3.50'),
('THU_3.00-3.50_43', 'N28a-01-19', NULL, NULL, NULL, 'THU_3.00-3.50'),
('THU_3.00-3.50_44', 'N28a-01-20', NULL, NULL, NULL, 'THU_3.00-3.50'),
('THU_3.00-3.50_45', 'N28A-02-33', NULL, NULL, NULL, 'THU_3.00-3.50'),
('THU_3.00-3.50_46', 'N28A-02-34', NULL, NULL, NULL, 'THU_3.00-3.50'),
('THU_3.00-3.50_5', 'N28-105-01', NULL, NULL, NULL, 'THU_3.00-3.50'),
('THU_3.00-3.50_6', 'N28-106-01', NULL, NULL, NULL, 'THU_3.00-3.50'),
('THU_3.00-3.50_7', 'N28-107-01', NULL, NULL, NULL, 'THU_3.00-3.50'),
('THU_3.00-3.50_8', 'N28-108-01', NULL, NULL, NULL, 'THU_3.00-3.50'),
('THU_3.00-3.50_9', 'N28-111-01', NULL, NULL, NULL, 'THU_3.00-3.50'),
('THU_4.00-4.50_1', 'Block L50', NULL, NULL, NULL, 'THU_4.00-4.50'),
('THU_4.00-4.50_10', 'N28-112-02', NULL, NULL, NULL, 'THU_4.00-4.50'),
('THU_4.00-4.50_11', 'N28-116-02', NULL, NULL, NULL, 'THU_4.00-4.50'),
('THU_4.00-4.50_12', 'N28-202-01', NULL, NULL, NULL, 'THU_4.00-4.50'),
('THU_4.00-4.50_13', 'N28-203-01', NULL, NULL, NULL, 'THU_4.00-4.50'),
('THU_4.00-4.50_14', 'N28-204-01', NULL, NULL, NULL, 'THU_4.00-4.50'),
('THU_4.00-4.50_15', 'N28-223-02', NULL, NULL, NULL, 'THU_4.00-4.50'),
('THU_4.00-4.50_16', 'N28-301-01', NULL, NULL, NULL, 'THU_4.00-4.50'),
('THU_4.00-4.50_17', 'N28-321-02', NULL, NULL, NULL, 'THU_4.00-4.50'),
('THU_4.00-4.50_18', 'N28-322-02', NULL, NULL, NULL, 'THU_4.00-4.50'),
('THU_4.00-4.50_19', 'N28-329-01', NULL, NULL, NULL, 'THU_4.00-4.50'),
('THU_4.00-4.50_2', 'Block P19-DK4', NULL, NULL, NULL, 'THU_4.00-4.50'),
('THU_4.00-4.50_20', 'N28-330-01', NULL, NULL, NULL, 'THU_4.00-4.50'),
('THU_4.00-4.50_21', 'N28-350-03', NULL, NULL, NULL, 'THU_4.00-4.50'),
('THU_4.00-4.50_22', 'N28-351-02', NULL, NULL, NULL, 'THU_4.00-4.50'),
('THU_4.00-4.50_23', 'N28-352-01', NULL, NULL, NULL, 'THU_4.00-4.50'),
('THU_4.00-4.50_24', 'N28-422-01', NULL, NULL, NULL, 'THU_4.00-4.50'),
('THU_4.00-4.50_25', 'N28-423-01', NULL, NULL, NULL, 'THU_4.00-4.50'),
('THU_4.00-4.50_26', 'N28-502-01', NULL, NULL, NULL, 'THU_4.00-4.50'),
('THU_4.00-4.50_27', 'N28-505-01', NULL, NULL, NULL, 'THU_4.00-4.50'),
('THU_4.00-4.50_28', 'N28-506-01', NULL, NULL, NULL, 'THU_4.00-4.50'),
('THU_4.00-4.50_29', 'N28-512-01', NULL, NULL, NULL, 'THU_4.00-4.50'),
('THU_4.00-4.50_3', 'Block P19-DK5', NULL, NULL, NULL, 'THU_4.00-4.50'),
('THU_4.00-4.50_30', 'N28-516-01', NULL, NULL, NULL, 'THU_4.00-4.50'),
('THU_4.00-4.50_31', 'N28-517-02', NULL, NULL, NULL, 'THU_4.00-4.50'),
('THU_4.00-4.50_32', 'N28-518-02', NULL, NULL, NULL, 'THU_4.00-4.50'),
('THU_4.00-4.50_33', 'N28-524-02', NULL, NULL, NULL, 'THU_4.00-4.50'),
('THU_4.00-4.50_34', 'N28-525-01', NULL, NULL, NULL, 'THU_4.00-4.50'),
('THU_4.00-4.50_35', 'N28-527-02', NULL, NULL, NULL, 'THU_4.00-4.50'),
('THU_4.00-4.50_36', 'N28a-01-01', NULL, NULL, NULL, 'THU_4.00-4.50'),
('THU_4.00-4.50_37', 'N28a-01-02', NULL, NULL, NULL, 'THU_4.00-4.50'),
('THU_4.00-4.50_38', 'N28a-01-04', NULL, NULL, NULL, 'THU_4.00-4.50'),
('THU_4.00-4.50_39', 'N28a-01-05', NULL, NULL, NULL, 'THU_4.00-4.50'),
('THU_4.00-4.50_4', 'Block P19-DK6', NULL, NULL, NULL, 'THU_4.00-4.50'),
('THU_4.00-4.50_40', 'N28a-01-07', NULL, NULL, NULL, 'THU_4.00-4.50'),
('THU_4.00-4.50_41', 'N28a-01-15', NULL, NULL, NULL, 'THU_4.00-4.50'),
('THU_4.00-4.50_42', 'N28a-01-16', NULL, NULL, NULL, 'THU_4.00-4.50'),
('THU_4.00-4.50_43', 'N28a-01-19', NULL, NULL, NULL, 'THU_4.00-4.50'),
('THU_4.00-4.50_44', 'N28a-01-20', NULL, NULL, NULL, 'THU_4.00-4.50'),
('THU_4.00-4.50_45', 'N28A-02-33', NULL, NULL, NULL, 'THU_4.00-4.50'),
('THU_4.00-4.50_46', 'N28A-02-34', NULL, NULL, NULL, 'THU_4.00-4.50'),
('THU_4.00-4.50_5', 'N28-105-01', NULL, NULL, NULL, 'THU_4.00-4.50'),
('THU_4.00-4.50_6', 'N28-106-01', NULL, NULL, NULL, 'THU_4.00-4.50'),
('THU_4.00-4.50_7', 'N28-107-01', NULL, NULL, NULL, 'THU_4.00-4.50'),
('THU_4.00-4.50_8', 'N28-108-01', NULL, NULL, NULL, 'THU_4.00-4.50'),
('THU_4.00-4.50_9', 'N28-111-01', NULL, NULL, NULL, 'THU_4.00-4.50'),
('THU_8.00-8.50_1', 'Block L50', NULL, NULL, NULL, 'THU_8.00-8.50'),
('THU_8.00-8.50_10', 'N28-112-02', NULL, NULL, NULL, 'THU_8.00-8.50'),
('THU_8.00-8.50_11', 'N28-116-02', NULL, NULL, NULL, 'THU_8.00-8.50'),
('THU_8.00-8.50_12', 'N28-202-01', NULL, NULL, NULL, 'THU_8.00-8.50'),
('THU_8.00-8.50_13', 'N28-203-01', NULL, NULL, NULL, 'THU_8.00-8.50'),
('THU_8.00-8.50_14', 'N28-204-01', NULL, NULL, NULL, 'THU_8.00-8.50'),
('THU_8.00-8.50_15', 'N28-223-02', NULL, NULL, NULL, 'THU_8.00-8.50'),
('THU_8.00-8.50_16', 'N28-301-01', NULL, NULL, NULL, 'THU_8.00-8.50'),
('THU_8.00-8.50_17', 'N28-321-02', NULL, NULL, NULL, 'THU_8.00-8.50'),
('THU_8.00-8.50_18', 'N28-322-02', NULL, NULL, NULL, 'THU_8.00-8.50'),
('THU_8.00-8.50_19', 'N28-329-01', NULL, NULL, NULL, 'THU_8.00-8.50'),
('THU_8.00-8.50_2', 'Block P19-DK4', NULL, NULL, NULL, 'THU_8.00-8.50'),
('THU_8.00-8.50_20', 'N28-330-01', NULL, NULL, NULL, 'THU_8.00-8.50'),
('THU_8.00-8.50_21', 'N28-350-03', NULL, NULL, NULL, 'THU_8.00-8.50'),
('THU_8.00-8.50_22', 'N28-351-02', NULL, NULL, NULL, 'THU_8.00-8.50'),
('THU_8.00-8.50_23', 'N28-352-01', NULL, NULL, NULL, 'THU_8.00-8.50'),
('THU_8.00-8.50_24', 'N28-422-01', NULL, NULL, NULL, 'THU_8.00-8.50'),
('THU_8.00-8.50_25', 'N28-423-01', NULL, NULL, NULL, 'THU_8.00-8.50'),
('THU_8.00-8.50_26', 'N28-502-01', NULL, NULL, NULL, 'THU_8.00-8.50'),
('THU_8.00-8.50_27', 'N28-505-01', NULL, NULL, NULL, 'THU_8.00-8.50'),
('THU_8.00-8.50_28', 'N28-506-01', NULL, NULL, NULL, 'THU_8.00-8.50'),
('THU_8.00-8.50_29', 'N28-512-01', NULL, NULL, NULL, 'THU_8.00-8.50'),
('THU_8.00-8.50_3', 'Block P19-DK5', NULL, NULL, NULL, 'THU_8.00-8.50'),
('THU_8.00-8.50_30', 'N28-516-01', NULL, NULL, NULL, 'THU_8.00-8.50'),
('THU_8.00-8.50_31', 'N28-517-02', NULL, NULL, NULL, 'THU_8.00-8.50'),
('THU_8.00-8.50_32', 'N28-518-02', NULL, NULL, NULL, 'THU_8.00-8.50'),
('THU_8.00-8.50_33', 'N28-524-02', NULL, NULL, NULL, 'THU_8.00-8.50'),
('THU_8.00-8.50_34', 'N28-525-01', NULL, NULL, NULL, 'THU_8.00-8.50'),
('THU_8.00-8.50_35', 'N28-527-02', NULL, NULL, NULL, 'THU_8.00-8.50'),
('THU_8.00-8.50_36', 'N28a-01-01', NULL, NULL, NULL, 'THU_8.00-8.50'),
('THU_8.00-8.50_37', 'N28a-01-02', NULL, NULL, NULL, 'THU_8.00-8.50'),
('THU_8.00-8.50_38', 'N28a-01-04', NULL, NULL, NULL, 'THU_8.00-8.50'),
('THU_8.00-8.50_39', 'N28a-01-05', NULL, NULL, NULL, 'THU_8.00-8.50'),
('THU_8.00-8.50_4', 'Block P19-DK6', NULL, NULL, NULL, 'THU_8.00-8.50'),
('THU_8.00-8.50_40', 'N28a-01-07', NULL, NULL, NULL, 'THU_8.00-8.50'),
('THU_8.00-8.50_41', 'N28a-01-15', NULL, NULL, NULL, 'THU_8.00-8.50'),
('THU_8.00-8.50_42', 'N28a-01-16', NULL, NULL, NULL, 'THU_8.00-8.50'),
('THU_8.00-8.50_43', 'N28a-01-19', NULL, NULL, NULL, 'THU_8.00-8.50'),
('THU_8.00-8.50_44', 'N28a-01-20', NULL, NULL, NULL, 'THU_8.00-8.50'),
('THU_8.00-8.50_45', 'N28A-02-33', NULL, NULL, NULL, 'THU_8.00-8.50'),
('THU_8.00-8.50_46', 'N28A-02-34', NULL, NULL, NULL, 'THU_8.00-8.50'),
('THU_8.00-8.50_5', 'N28-105-01', NULL, NULL, NULL, 'THU_8.00-8.50'),
('THU_8.00-8.50_6', 'N28-106-01', NULL, NULL, NULL, 'THU_8.00-8.50'),
('THU_8.00-8.50_7', 'N28-107-01', NULL, NULL, NULL, 'THU_8.00-8.50'),
('THU_8.00-8.50_8', 'N28-108-01', NULL, NULL, NULL, 'THU_8.00-8.50'),
('THU_8.00-8.50_9', 'N28-111-01', NULL, NULL, NULL, 'THU_8.00-8.50'),
('THU_9.00-9.50_1', 'Block L50', NULL, NULL, NULL, 'THU_9.00-9.50'),
('THU_9.00-9.50_10', 'N28-112-02', NULL, NULL, NULL, 'THU_9.00-9.50'),
('THU_9.00-9.50_11', 'N28-116-02', NULL, NULL, NULL, 'THU_9.00-9.50'),
('THU_9.00-9.50_12', 'N28-202-01', NULL, NULL, NULL, 'THU_9.00-9.50'),
('THU_9.00-9.50_13', 'N28-203-01', NULL, NULL, NULL, 'THU_9.00-9.50'),
('THU_9.00-9.50_14', 'N28-204-01', NULL, NULL, NULL, 'THU_9.00-9.50'),
('THU_9.00-9.50_15', 'N28-223-02', NULL, NULL, NULL, 'THU_9.00-9.50'),
('THU_9.00-9.50_16', 'N28-301-01', NULL, NULL, NULL, 'THU_9.00-9.50'),
('THU_9.00-9.50_17', 'N28-321-02', NULL, NULL, NULL, 'THU_9.00-9.50'),
('THU_9.00-9.50_18', 'N28-322-02', NULL, NULL, NULL, 'THU_9.00-9.50'),
('THU_9.00-9.50_19', 'N28-329-01', NULL, NULL, NULL, 'THU_9.00-9.50'),
('THU_9.00-9.50_2', 'Block P19-DK4', NULL, NULL, NULL, 'THU_9.00-9.50'),
('THU_9.00-9.50_20', 'N28-330-01', NULL, NULL, NULL, 'THU_9.00-9.50'),
('THU_9.00-9.50_21', 'N28-350-03', NULL, NULL, NULL, 'THU_9.00-9.50'),
('THU_9.00-9.50_22', 'N28-351-02', NULL, NULL, NULL, 'THU_9.00-9.50'),
('THU_9.00-9.50_23', 'N28-352-01', NULL, NULL, NULL, 'THU_9.00-9.50'),
('THU_9.00-9.50_24', 'N28-422-01', NULL, NULL, NULL, 'THU_9.00-9.50'),
('THU_9.00-9.50_25', 'N28-423-01', NULL, NULL, NULL, 'THU_9.00-9.50'),
('THU_9.00-9.50_26', 'N28-502-01', NULL, NULL, NULL, 'THU_9.00-9.50'),
('THU_9.00-9.50_27', 'N28-505-01', NULL, NULL, NULL, 'THU_9.00-9.50'),
('THU_9.00-9.50_28', 'N28-506-01', NULL, NULL, NULL, 'THU_9.00-9.50'),
('THU_9.00-9.50_29', 'N28-512-01', NULL, NULL, NULL, 'THU_9.00-9.50'),
('THU_9.00-9.50_3', 'Block P19-DK5', NULL, NULL, NULL, 'THU_9.00-9.50'),
('THU_9.00-9.50_30', 'N28-516-01', NULL, NULL, NULL, 'THU_9.00-9.50'),
('THU_9.00-9.50_31', 'N28-517-02', NULL, NULL, NULL, 'THU_9.00-9.50'),
('THU_9.00-9.50_32', 'N28-518-02', NULL, NULL, NULL, 'THU_9.00-9.50'),
('THU_9.00-9.50_33', 'N28-524-02', NULL, NULL, NULL, 'THU_9.00-9.50'),
('THU_9.00-9.50_34', 'N28-525-01', NULL, NULL, NULL, 'THU_9.00-9.50'),
('THU_9.00-9.50_35', 'N28-527-02', NULL, NULL, NULL, 'THU_9.00-9.50'),
('THU_9.00-9.50_36', 'N28a-01-01', NULL, NULL, NULL, 'THU_9.00-9.50'),
('THU_9.00-9.50_37', 'N28a-01-02', NULL, NULL, NULL, 'THU_9.00-9.50'),
('THU_9.00-9.50_38', 'N28a-01-04', NULL, NULL, NULL, 'THU_9.00-9.50'),
('THU_9.00-9.50_39', 'N28a-01-05', NULL, NULL, NULL, 'THU_9.00-9.50'),
('THU_9.00-9.50_4', 'Block P19-DK6', NULL, NULL, NULL, 'THU_9.00-9.50'),
('THU_9.00-9.50_40', 'N28a-01-07', NULL, NULL, NULL, 'THU_9.00-9.50'),
('THU_9.00-9.50_41', 'N28a-01-15', NULL, NULL, NULL, 'THU_9.00-9.50'),
('THU_9.00-9.50_42', 'N28a-01-16', NULL, NULL, NULL, 'THU_9.00-9.50'),
('THU_9.00-9.50_43', 'N28a-01-19', NULL, NULL, NULL, 'THU_9.00-9.50'),
('THU_9.00-9.50_44', 'N28a-01-20', NULL, NULL, NULL, 'THU_9.00-9.50'),
('THU_9.00-9.50_45', 'N28A-02-33', NULL, NULL, NULL, 'THU_9.00-9.50'),
('THU_9.00-9.50_46', 'N28A-02-34', NULL, NULL, NULL, 'THU_9.00-9.50'),
('THU_9.00-9.50_5', 'N28-105-01', NULL, NULL, NULL, 'THU_9.00-9.50'),
('THU_9.00-9.50_6', 'N28-106-01', NULL, NULL, NULL, 'THU_9.00-9.50'),
('THU_9.00-9.50_7', 'N28-107-01', NULL, NULL, NULL, 'THU_9.00-9.50'),
('THU_9.00-9.50_8', 'N28-108-01', NULL, NULL, NULL, 'THU_9.00-9.50'),
('THU_9.00-9.50_9', 'N28-111-01', NULL, NULL, NULL, 'THU_9.00-9.50'),
('TUE_10.00-10.50_1', 'Block L50', NULL, NULL, NULL, 'TUE_10.00-10.50'),
('TUE_10.00-10.50_10', 'N28-112-02', NULL, NULL, NULL, 'TUE_10.00-10.50'),
('TUE_10.00-10.50_11', 'N28-116-02', NULL, NULL, NULL, 'TUE_10.00-10.50'),
('TUE_10.00-10.50_12', 'N28-202-01', NULL, NULL, NULL, 'TUE_10.00-10.50'),
('TUE_10.00-10.50_13', 'N28-203-01', NULL, NULL, NULL, 'TUE_10.00-10.50'),
('TUE_10.00-10.50_14', 'N28-204-01', NULL, NULL, NULL, 'TUE_10.00-10.50'),
('TUE_10.00-10.50_15', 'N28-223-02', NULL, NULL, NULL, 'TUE_10.00-10.50'),
('TUE_10.00-10.50_16', 'N28-301-01', NULL, NULL, NULL, 'TUE_10.00-10.50'),
('TUE_10.00-10.50_17', 'N28-321-02', NULL, NULL, NULL, 'TUE_10.00-10.50'),
('TUE_10.00-10.50_18', 'N28-322-02', NULL, NULL, NULL, 'TUE_10.00-10.50'),
('TUE_10.00-10.50_19', 'N28-329-01', NULL, NULL, NULL, 'TUE_10.00-10.50'),
('TUE_10.00-10.50_2', 'Block P19-DK4', NULL, NULL, NULL, 'TUE_10.00-10.50'),
('TUE_10.00-10.50_20', 'N28-330-01', NULL, NULL, NULL, 'TUE_10.00-10.50'),
('TUE_10.00-10.50_21', 'N28-350-03', NULL, NULL, NULL, 'TUE_10.00-10.50'),
('TUE_10.00-10.50_22', 'N28-351-02', NULL, NULL, NULL, 'TUE_10.00-10.50'),
('TUE_10.00-10.50_23', 'N28-352-01', NULL, NULL, NULL, 'TUE_10.00-10.50'),
('TUE_10.00-10.50_24', 'N28-422-01', NULL, NULL, NULL, 'TUE_10.00-10.50'),
('TUE_10.00-10.50_25', 'N28-423-01', NULL, NULL, NULL, 'TUE_10.00-10.50'),
('TUE_10.00-10.50_26', 'N28-502-01', 'Y3/S1', 'LC071', 'SECJ3553_01', 'TUE_10.00-10.50'),
('TUE_10.00-10.50_27', 'N28-505-01', NULL, NULL, NULL, 'TUE_10.00-10.50'),
('TUE_10.00-10.50_28', 'N28-506-01', NULL, NULL, NULL, 'TUE_10.00-10.50'),
('TUE_10.00-10.50_29', 'N28-512-01', NULL, NULL, NULL, 'TUE_10.00-10.50'),
('TUE_10.00-10.50_3', 'Block P19-DK5', NULL, NULL, NULL, 'TUE_10.00-10.50'),
('TUE_10.00-10.50_30', 'N28-516-01', 'Y3/S1', 'LC073', 'SECJ3553_02', 'TUE_10.00-10.50'),
('TUE_10.00-10.50_31', 'N28-517-02', NULL, NULL, NULL, 'TUE_10.00-10.50'),
('TUE_10.00-10.50_32', 'N28-518-02', NULL, NULL, NULL, 'TUE_10.00-10.50'),
('TUE_10.00-10.50_33', 'N28-524-02', NULL, NULL, NULL, 'TUE_10.00-10.50'),
('TUE_10.00-10.50_34', 'N28-525-01', NULL, NULL, NULL, 'TUE_10.00-10.50'),
('TUE_10.00-10.50_35', 'N28-527-02', NULL, NULL, NULL, 'TUE_10.00-10.50'),
('TUE_10.00-10.50_36', 'N28a-01-01', NULL, NULL, NULL, 'TUE_10.00-10.50'),
('TUE_10.00-10.50_37', 'N28a-01-02', NULL, NULL, NULL, 'TUE_10.00-10.50'),
('TUE_10.00-10.50_38', 'N28a-01-04', NULL, NULL, NULL, 'TUE_10.00-10.50'),
('TUE_10.00-10.50_39', 'N28a-01-05', NULL, NULL, NULL, 'TUE_10.00-10.50'),
('TUE_10.00-10.50_4', 'Block P19-DK6', NULL, NULL, NULL, 'TUE_10.00-10.50'),
('TUE_10.00-10.50_40', 'N28a-01-07', NULL, NULL, NULL, 'TUE_10.00-10.50'),
('TUE_10.00-10.50_41', 'N28a-01-15', NULL, NULL, NULL, 'TUE_10.00-10.50'),
('TUE_10.00-10.50_42', 'N28a-01-16', NULL, NULL, NULL, 'TUE_10.00-10.50'),
('TUE_10.00-10.50_43', 'N28a-01-19', NULL, NULL, NULL, 'TUE_10.00-10.50'),
('TUE_10.00-10.50_44', 'N28a-01-20', NULL, NULL, NULL, 'TUE_10.00-10.50'),
('TUE_10.00-10.50_45', 'N28A-02-33', NULL, NULL, NULL, 'TUE_10.00-10.50'),
('TUE_10.00-10.50_46', 'N28A-02-34', NULL, NULL, NULL, 'TUE_10.00-10.50'),
('TUE_10.00-10.50_5', 'N28-105-01', NULL, NULL, NULL, 'TUE_10.00-10.50'),
('TUE_10.00-10.50_6', 'N28-106-01', NULL, NULL, NULL, 'TUE_10.00-10.50'),
('TUE_10.00-10.50_7', 'N28-107-01', NULL, NULL, NULL, 'TUE_10.00-10.50'),
('TUE_10.00-10.50_8', 'N28-108-01', NULL, NULL, NULL, 'TUE_10.00-10.50'),
('TUE_10.00-10.50_9', 'N28-111-01', NULL, NULL, NULL, 'TUE_10.00-10.50'),
('TUE_11.00-11.50_1', 'Block L50', NULL, NULL, NULL, 'TUE_11.00-11.50'),
('TUE_11.00-11.50_10', 'N28-112-02', NULL, NULL, NULL, 'TUE_11.00-11.50'),
('TUE_11.00-11.50_11', 'N28-116-02', NULL, NULL, NULL, 'TUE_11.00-11.50'),
('TUE_11.00-11.50_12', 'N28-202-01', NULL, NULL, NULL, 'TUE_11.00-11.50'),
('TUE_11.00-11.50_13', 'N28-203-01', NULL, NULL, NULL, 'TUE_11.00-11.50'),
('TUE_11.00-11.50_14', 'N28-204-01', NULL, NULL, NULL, 'TUE_11.00-11.50'),
('TUE_11.00-11.50_15', 'N28-223-02', NULL, NULL, NULL, 'TUE_11.00-11.50'),
('TUE_11.00-11.50_16', 'N28-301-01', NULL, NULL, NULL, 'TUE_11.00-11.50'),
('TUE_11.00-11.50_17', 'N28-321-02', NULL, NULL, NULL, 'TUE_11.00-11.50'),
('TUE_11.00-11.50_18', 'N28-322-02', NULL, NULL, NULL, 'TUE_11.00-11.50'),
('TUE_11.00-11.50_19', 'N28-329-01', NULL, NULL, NULL, 'TUE_11.00-11.50'),
('TUE_11.00-11.50_2', 'Block P19-DK4', NULL, NULL, NULL, 'TUE_11.00-11.50'),
('TUE_11.00-11.50_20', 'N28-330-01', NULL, NULL, NULL, 'TUE_11.00-11.50'),
('TUE_11.00-11.50_21', 'N28-350-03', NULL, NULL, NULL, 'TUE_11.00-11.50'),
('TUE_11.00-11.50_22', 'N28-351-02', NULL, NULL, NULL, 'TUE_11.00-11.50'),
('TUE_11.00-11.50_23', 'N28-352-01', NULL, NULL, NULL, 'TUE_11.00-11.50'),
('TUE_11.00-11.50_24', 'N28-422-01', NULL, NULL, NULL, 'TUE_11.00-11.50'),
('TUE_11.00-11.50_25', 'N28-423-01', NULL, NULL, NULL, 'TUE_11.00-11.50'),
('TUE_11.00-11.50_26', 'N28-502-01', 'Y3/S1', 'LC071', 'SECJ3553_01', 'TUE_11.00-11.50'),
('TUE_11.00-11.50_27', 'N28-505-01', NULL, NULL, NULL, 'TUE_11.00-11.50'),
('TUE_11.00-11.50_28', 'N28-506-01', NULL, NULL, NULL, 'TUE_11.00-11.50'),
('TUE_11.00-11.50_29', 'N28-512-01', NULL, NULL, NULL, 'TUE_11.00-11.50'),
('TUE_11.00-11.50_3', 'Block P19-DK5', NULL, NULL, NULL, 'TUE_11.00-11.50'),
('TUE_11.00-11.50_30', 'N28-516-01', 'Y3/S1', 'LC073', 'SECJ3553_02', 'TUE_11.00-11.50'),
('TUE_11.00-11.50_31', 'N28-517-02', NULL, NULL, NULL, 'TUE_11.00-11.50'),
('TUE_11.00-11.50_32', 'N28-518-02', NULL, NULL, NULL, 'TUE_11.00-11.50'),
('TUE_11.00-11.50_33', 'N28-524-02', NULL, NULL, NULL, 'TUE_11.00-11.50'),
('TUE_11.00-11.50_34', 'N28-525-01', NULL, NULL, NULL, 'TUE_11.00-11.50'),
('TUE_11.00-11.50_35', 'N28-527-02', NULL, NULL, NULL, 'TUE_11.00-11.50'),
('TUE_11.00-11.50_36', 'N28a-01-01', NULL, NULL, NULL, 'TUE_11.00-11.50'),
('TUE_11.00-11.50_37', 'N28a-01-02', NULL, NULL, NULL, 'TUE_11.00-11.50'),
('TUE_11.00-11.50_38', 'N28a-01-04', NULL, NULL, NULL, 'TUE_11.00-11.50'),
('TUE_11.00-11.50_39', 'N28a-01-05', NULL, NULL, NULL, 'TUE_11.00-11.50'),
('TUE_11.00-11.50_4', 'Block P19-DK6', NULL, NULL, NULL, 'TUE_11.00-11.50'),
('TUE_11.00-11.50_40', 'N28a-01-07', NULL, NULL, NULL, 'TUE_11.00-11.50'),
('TUE_11.00-11.50_41', 'N28a-01-15', NULL, NULL, NULL, 'TUE_11.00-11.50'),
('TUE_11.00-11.50_42', 'N28a-01-16', NULL, NULL, NULL, 'TUE_11.00-11.50'),
('TUE_11.00-11.50_43', 'N28a-01-19', NULL, NULL, NULL, 'TUE_11.00-11.50'),
('TUE_11.00-11.50_44', 'N28a-01-20', NULL, NULL, NULL, 'TUE_11.00-11.50'),
('TUE_11.00-11.50_45', 'N28A-02-33', NULL, NULL, NULL, 'TUE_11.00-11.50'),
('TUE_11.00-11.50_46', 'N28A-02-34', NULL, NULL, NULL, 'TUE_11.00-11.50'),
('TUE_11.00-11.50_5', 'N28-105-01', NULL, NULL, NULL, 'TUE_11.00-11.50'),
('TUE_11.00-11.50_6', 'N28-106-01', NULL, NULL, NULL, 'TUE_11.00-11.50'),
('TUE_11.00-11.50_7', 'N28-107-01', NULL, NULL, NULL, 'TUE_11.00-11.50'),
('TUE_11.00-11.50_8', 'N28-108-01', NULL, NULL, NULL, 'TUE_11.00-11.50'),
('TUE_11.00-11.50_9', 'N28-111-01', NULL, NULL, NULL, 'TUE_11.00-11.50'),
('TUE_12.00-12.50_1', 'Block L50', NULL, NULL, NULL, 'TUE_12.00-12.50'),
('TUE_12.00-12.50_10', 'N28-112-02', NULL, NULL, NULL, 'TUE_12.00-12.50'),
('TUE_12.00-12.50_11', 'N28-116-02', NULL, NULL, NULL, 'TUE_12.00-12.50'),
('TUE_12.00-12.50_12', 'N28-202-01', NULL, NULL, NULL, 'TUE_12.00-12.50'),
('TUE_12.00-12.50_13', 'N28-203-01', NULL, NULL, NULL, 'TUE_12.00-12.50'),
('TUE_12.00-12.50_14', 'N28-204-01', NULL, NULL, NULL, 'TUE_12.00-12.50'),
('TUE_12.00-12.50_15', 'N28-223-02', NULL, NULL, NULL, 'TUE_12.00-12.50'),
('TUE_12.00-12.50_16', 'N28-301-01', NULL, NULL, NULL, 'TUE_12.00-12.50'),
('TUE_12.00-12.50_17', 'N28-321-02', NULL, NULL, NULL, 'TUE_12.00-12.50'),
('TUE_12.00-12.50_18', 'N28-322-02', NULL, NULL, NULL, 'TUE_12.00-12.50'),
('TUE_12.00-12.50_19', 'N28-329-01', NULL, NULL, NULL, 'TUE_12.00-12.50'),
('TUE_12.00-12.50_2', 'Block P19-DK4', NULL, NULL, NULL, 'TUE_12.00-12.50'),
('TUE_12.00-12.50_20', 'N28-330-01', NULL, NULL, NULL, 'TUE_12.00-12.50'),
('TUE_12.00-12.50_21', 'N28-350-03', NULL, NULL, NULL, 'TUE_12.00-12.50'),
('TUE_12.00-12.50_22', 'N28-351-02', NULL, NULL, NULL, 'TUE_12.00-12.50'),
('TUE_12.00-12.50_23', 'N28-352-01', NULL, NULL, NULL, 'TUE_12.00-12.50'),
('TUE_12.00-12.50_24', 'N28-422-01', NULL, NULL, NULL, 'TUE_12.00-12.50'),
('TUE_12.00-12.50_25', 'N28-423-01', NULL, NULL, NULL, 'TUE_12.00-12.50'),
('TUE_12.00-12.50_26', 'N28-502-01', NULL, NULL, NULL, 'TUE_12.00-12.50'),
('TUE_12.00-12.50_27', 'N28-505-01', NULL, NULL, NULL, 'TUE_12.00-12.50'),
('TUE_12.00-12.50_28', 'N28-506-01', NULL, NULL, NULL, 'TUE_12.00-12.50'),
('TUE_12.00-12.50_29', 'N28-512-01', NULL, NULL, NULL, 'TUE_12.00-12.50'),
('TUE_12.00-12.50_3', 'Block P19-DK5', NULL, NULL, NULL, 'TUE_12.00-12.50'),
('TUE_12.00-12.50_30', 'N28-516-01', NULL, NULL, NULL, 'TUE_12.00-12.50'),
('TUE_12.00-12.50_31', 'N28-517-02', NULL, NULL, NULL, 'TUE_12.00-12.50'),
('TUE_12.00-12.50_32', 'N28-518-02', NULL, NULL, NULL, 'TUE_12.00-12.50'),
('TUE_12.00-12.50_33', 'N28-524-02', NULL, NULL, NULL, 'TUE_12.00-12.50'),
('TUE_12.00-12.50_34', 'N28-525-01', NULL, NULL, NULL, 'TUE_12.00-12.50'),
('TUE_12.00-12.50_35', 'N28-527-02', NULL, NULL, NULL, 'TUE_12.00-12.50'),
('TUE_12.00-12.50_36', 'N28a-01-01', NULL, NULL, NULL, 'TUE_12.00-12.50'),
('TUE_12.00-12.50_37', 'N28a-01-02', NULL, NULL, NULL, 'TUE_12.00-12.50'),
('TUE_12.00-12.50_38', 'N28a-01-04', NULL, NULL, NULL, 'TUE_12.00-12.50'),
('TUE_12.00-12.50_39', 'N28a-01-05', NULL, NULL, NULL, 'TUE_12.00-12.50'),
('TUE_12.00-12.50_4', 'Block P19-DK6', NULL, NULL, NULL, 'TUE_12.00-12.50'),
('TUE_12.00-12.50_40', 'N28a-01-07', NULL, NULL, NULL, 'TUE_12.00-12.50'),
('TUE_12.00-12.50_41', 'N28a-01-15', NULL, NULL, NULL, 'TUE_12.00-12.50'),
('TUE_12.00-12.50_42', 'N28a-01-16', NULL, NULL, NULL, 'TUE_12.00-12.50'),
('TUE_12.00-12.50_43', 'N28a-01-19', NULL, NULL, NULL, 'TUE_12.00-12.50'),
('TUE_12.00-12.50_44', 'N28a-01-20', NULL, NULL, NULL, 'TUE_12.00-12.50'),
('TUE_12.00-12.50_45', 'N28A-02-33', NULL, NULL, NULL, 'TUE_12.00-12.50'),
('TUE_12.00-12.50_46', 'N28A-02-34', NULL, NULL, NULL, 'TUE_12.00-12.50'),
('TUE_12.00-12.50_5', 'N28-105-01', NULL, NULL, NULL, 'TUE_12.00-12.50'),
('TUE_12.00-12.50_6', 'N28-106-01', NULL, NULL, NULL, 'TUE_12.00-12.50'),
('TUE_12.00-12.50_7', 'N28-107-01', NULL, NULL, NULL, 'TUE_12.00-12.50'),
('TUE_12.00-12.50_8', 'N28-108-01', NULL, NULL, NULL, 'TUE_12.00-12.50'),
('TUE_12.00-12.50_9', 'N28-111-01', NULL, NULL, NULL, 'TUE_12.00-12.50'),
('TUE_2.00-2.50_1', 'Block L50', NULL, NULL, NULL, 'TUE_2.00-2.50'),
('TUE_2.00-2.50_10', 'N28-112-02', NULL, NULL, NULL, 'TUE_2.00-2.50'),
('TUE_2.00-2.50_11', 'N28-116-02', NULL, NULL, NULL, 'TUE_2.00-2.50'),
('TUE_2.00-2.50_12', 'N28-202-01', NULL, NULL, NULL, 'TUE_2.00-2.50'),
('TUE_2.00-2.50_13', 'N28-203-01', NULL, NULL, NULL, 'TUE_2.00-2.50'),
('TUE_2.00-2.50_14', 'N28-204-01', NULL, NULL, NULL, 'TUE_2.00-2.50'),
('TUE_2.00-2.50_15', 'N28-223-02', NULL, NULL, NULL, 'TUE_2.00-2.50'),
('TUE_2.00-2.50_16', 'N28-301-01', NULL, NULL, NULL, 'TUE_2.00-2.50'),
('TUE_2.00-2.50_17', 'N28-321-02', NULL, NULL, NULL, 'TUE_2.00-2.50'),
('TUE_2.00-2.50_18', 'N28-322-02', NULL, NULL, NULL, 'TUE_2.00-2.50'),
('TUE_2.00-2.50_19', 'N28-329-01', NULL, NULL, NULL, 'TUE_2.00-2.50'),
('TUE_2.00-2.50_2', 'Block P19-DK4', NULL, NULL, NULL, 'TUE_2.00-2.50'),
('TUE_2.00-2.50_20', 'N28-330-01', NULL, NULL, NULL, 'TUE_2.00-2.50'),
('TUE_2.00-2.50_21', 'N28-350-03', NULL, NULL, NULL, 'TUE_2.00-2.50'),
('TUE_2.00-2.50_22', 'N28-351-02', NULL, NULL, NULL, 'TUE_2.00-2.50'),
('TUE_2.00-2.50_23', 'N28-352-01', NULL, NULL, NULL, 'TUE_2.00-2.50'),
('TUE_2.00-2.50_24', 'N28-422-01', NULL, NULL, NULL, 'TUE_2.00-2.50'),
('TUE_2.00-2.50_25', 'N28-423-01', NULL, NULL, NULL, 'TUE_2.00-2.50'),
('TUE_2.00-2.50_26', 'N28-502-01', NULL, NULL, NULL, 'TUE_2.00-2.50'),
('TUE_2.00-2.50_27', 'N28-505-01', NULL, NULL, NULL, 'TUE_2.00-2.50'),
('TUE_2.00-2.50_28', 'N28-506-01', NULL, NULL, NULL, 'TUE_2.00-2.50'),
('TUE_2.00-2.50_29', 'N28-512-01', NULL, NULL, NULL, 'TUE_2.00-2.50'),
('TUE_2.00-2.50_3', 'Block P19-DK5', NULL, NULL, NULL, 'TUE_2.00-2.50'),
('TUE_2.00-2.50_30', 'N28-516-01', NULL, NULL, NULL, 'TUE_2.00-2.50'),
('TUE_2.00-2.50_31', 'N28-517-02', NULL, NULL, NULL, 'TUE_2.00-2.50'),
('TUE_2.00-2.50_32', 'N28-518-02', NULL, NULL, NULL, 'TUE_2.00-2.50'),
('TUE_2.00-2.50_33', 'N28-524-02', NULL, NULL, NULL, 'TUE_2.00-2.50'),
('TUE_2.00-2.50_34', 'N28-525-01', NULL, NULL, NULL, 'TUE_2.00-2.50'),
('TUE_2.00-2.50_35', 'N28-527-02', NULL, NULL, NULL, 'TUE_2.00-2.50'),
('TUE_2.00-2.50_36', 'N28a-01-01', NULL, NULL, NULL, 'TUE_2.00-2.50'),
('TUE_2.00-2.50_37', 'N28a-01-02', NULL, NULL, NULL, 'TUE_2.00-2.50'),
('TUE_2.00-2.50_38', 'N28a-01-04', NULL, NULL, NULL, 'TUE_2.00-2.50'),
('TUE_2.00-2.50_39', 'N28a-01-05', NULL, NULL, NULL, 'TUE_2.00-2.50'),
('TUE_2.00-2.50_4', 'Block P19-DK6', NULL, NULL, NULL, 'TUE_2.00-2.50'),
('TUE_2.00-2.50_40', 'N28a-01-07', NULL, NULL, NULL, 'TUE_2.00-2.50'),
('TUE_2.00-2.50_41', 'N28a-01-15', NULL, NULL, NULL, 'TUE_2.00-2.50'),
('TUE_2.00-2.50_42', 'N28a-01-16', NULL, NULL, NULL, 'TUE_2.00-2.50'),
('TUE_2.00-2.50_43', 'N28a-01-19', NULL, NULL, NULL, 'TUE_2.00-2.50'),
('TUE_2.00-2.50_44', 'N28a-01-20', NULL, NULL, NULL, 'TUE_2.00-2.50'),
('TUE_2.00-2.50_45', 'N28A-02-33', NULL, NULL, NULL, 'TUE_2.00-2.50'),
('TUE_2.00-2.50_46', 'N28A-02-34', NULL, NULL, NULL, 'TUE_2.00-2.50'),
('TUE_2.00-2.50_5', 'N28-105-01', NULL, NULL, NULL, 'TUE_2.00-2.50'),
('TUE_2.00-2.50_6', 'N28-106-01', NULL, NULL, NULL, 'TUE_2.00-2.50'),
('TUE_2.00-2.50_7', 'N28-107-01', NULL, NULL, NULL, 'TUE_2.00-2.50'),
('TUE_2.00-2.50_8', 'N28-108-01', NULL, NULL, NULL, 'TUE_2.00-2.50'),
('TUE_2.00-2.50_9', 'N28-111-01', NULL, NULL, NULL, 'TUE_2.00-2.50'),
('TUE_3.00-3.50_1', 'Block L50', NULL, NULL, NULL, 'TUE_3.00-3.50'),
('TUE_3.00-3.50_10', 'N28-112-02', NULL, NULL, NULL, 'TUE_3.00-3.50'),
('TUE_3.00-3.50_11', 'N28-116-02', NULL, NULL, NULL, 'TUE_3.00-3.50'),
('TUE_3.00-3.50_12', 'N28-202-01', NULL, NULL, NULL, 'TUE_3.00-3.50'),
('TUE_3.00-3.50_13', 'N28-203-01', NULL, NULL, NULL, 'TUE_3.00-3.50'),
('TUE_3.00-3.50_14', 'N28-204-01', NULL, NULL, NULL, 'TUE_3.00-3.50'),
('TUE_3.00-3.50_15', 'N28-223-02', NULL, NULL, NULL, 'TUE_3.00-3.50'),
('TUE_3.00-3.50_16', 'N28-301-01', NULL, NULL, NULL, 'TUE_3.00-3.50'),
('TUE_3.00-3.50_17', 'N28-321-02', NULL, NULL, NULL, 'TUE_3.00-3.50'),
('TUE_3.00-3.50_18', 'N28-322-02', NULL, NULL, NULL, 'TUE_3.00-3.50'),
('TUE_3.00-3.50_19', 'N28-329-01', NULL, NULL, NULL, 'TUE_3.00-3.50'),
('TUE_3.00-3.50_2', 'Block P19-DK4', NULL, NULL, NULL, 'TUE_3.00-3.50'),
('TUE_3.00-3.50_20', 'N28-330-01', NULL, NULL, NULL, 'TUE_3.00-3.50'),
('TUE_3.00-3.50_21', 'N28-350-03', NULL, NULL, NULL, 'TUE_3.00-3.50'),
('TUE_3.00-3.50_22', 'N28-351-02', NULL, NULL, NULL, 'TUE_3.00-3.50'),
('TUE_3.00-3.50_23', 'N28-352-01', NULL, NULL, NULL, 'TUE_3.00-3.50'),
('TUE_3.00-3.50_24', 'N28-422-01', NULL, NULL, NULL, 'TUE_3.00-3.50'),
('TUE_3.00-3.50_25', 'N28-423-01', NULL, NULL, NULL, 'TUE_3.00-3.50'),
('TUE_3.00-3.50_26', 'N28-502-01', NULL, NULL, NULL, 'TUE_3.00-3.50'),
('TUE_3.00-3.50_27', 'N28-505-01', NULL, NULL, NULL, 'TUE_3.00-3.50'),
('TUE_3.00-3.50_28', 'N28-506-01', NULL, NULL, NULL, 'TUE_3.00-3.50'),
('TUE_3.00-3.50_29', 'N28-512-01', NULL, NULL, NULL, 'TUE_3.00-3.50'),
('TUE_3.00-3.50_3', 'Block P19-DK5', NULL, NULL, NULL, 'TUE_3.00-3.50'),
('TUE_3.00-3.50_30', 'N28-516-01', NULL, NULL, NULL, 'TUE_3.00-3.50'),
('TUE_3.00-3.50_31', 'N28-517-02', NULL, NULL, NULL, 'TUE_3.00-3.50'),
('TUE_3.00-3.50_32', 'N28-518-02', NULL, NULL, NULL, 'TUE_3.00-3.50'),
('TUE_3.00-3.50_33', 'N28-524-02', NULL, NULL, NULL, 'TUE_3.00-3.50'),
('TUE_3.00-3.50_34', 'N28-525-01', NULL, NULL, NULL, 'TUE_3.00-3.50'),
('TUE_3.00-3.50_35', 'N28-527-02', NULL, NULL, NULL, 'TUE_3.00-3.50'),
('TUE_3.00-3.50_36', 'N28a-01-01', NULL, NULL, NULL, 'TUE_3.00-3.50'),
('TUE_3.00-3.50_37', 'N28a-01-02', NULL, NULL, NULL, 'TUE_3.00-3.50'),
('TUE_3.00-3.50_38', 'N28a-01-04', NULL, NULL, NULL, 'TUE_3.00-3.50'),
('TUE_3.00-3.50_39', 'N28a-01-05', NULL, NULL, NULL, 'TUE_3.00-3.50'),
('TUE_3.00-3.50_4', 'Block P19-DK6', NULL, NULL, NULL, 'TUE_3.00-3.50'),
('TUE_3.00-3.50_40', 'N28a-01-07', NULL, NULL, NULL, 'TUE_3.00-3.50'),
('TUE_3.00-3.50_41', 'N28a-01-15', NULL, NULL, NULL, 'TUE_3.00-3.50'),
('TUE_3.00-3.50_42', 'N28a-01-16', NULL, NULL, NULL, 'TUE_3.00-3.50'),
('TUE_3.00-3.50_43', 'N28a-01-19', NULL, NULL, NULL, 'TUE_3.00-3.50'),
('TUE_3.00-3.50_44', 'N28a-01-20', NULL, NULL, NULL, 'TUE_3.00-3.50'),
('TUE_3.00-3.50_45', 'N28A-02-33', NULL, NULL, NULL, 'TUE_3.00-3.50'),
('TUE_3.00-3.50_46', 'N28A-02-34', NULL, NULL, NULL, 'TUE_3.00-3.50'),
('TUE_3.00-3.50_5', 'N28-105-01', NULL, NULL, NULL, 'TUE_3.00-3.50'),
('TUE_3.00-3.50_6', 'N28-106-01', NULL, NULL, NULL, 'TUE_3.00-3.50'),
('TUE_3.00-3.50_7', 'N28-107-01', NULL, NULL, NULL, 'TUE_3.00-3.50'),
('TUE_3.00-3.50_8', 'N28-108-01', NULL, NULL, NULL, 'TUE_3.00-3.50'),
('TUE_3.00-3.50_9', 'N28-111-01', NULL, NULL, NULL, 'TUE_3.00-3.50'),
('TUE_4.00-4.50_1', 'Block L50', NULL, NULL, NULL, 'TUE_4.00-4.50'),
('TUE_4.00-4.50_10', 'N28-112-02', NULL, NULL, NULL, 'TUE_4.00-4.50'),
('TUE_4.00-4.50_11', 'N28-116-02', NULL, NULL, NULL, 'TUE_4.00-4.50'),
('TUE_4.00-4.50_12', 'N28-202-01', NULL, NULL, NULL, 'TUE_4.00-4.50'),
('TUE_4.00-4.50_13', 'N28-203-01', NULL, NULL, NULL, 'TUE_4.00-4.50'),
('TUE_4.00-4.50_14', 'N28-204-01', NULL, NULL, NULL, 'TUE_4.00-4.50'),
('TUE_4.00-4.50_15', 'N28-223-02', NULL, NULL, NULL, 'TUE_4.00-4.50'),
('TUE_4.00-4.50_16', 'N28-301-01', NULL, NULL, NULL, 'TUE_4.00-4.50'),
('TUE_4.00-4.50_17', 'N28-321-02', NULL, NULL, NULL, 'TUE_4.00-4.50'),
('TUE_4.00-4.50_18', 'N28-322-02', NULL, NULL, NULL, 'TUE_4.00-4.50'),
('TUE_4.00-4.50_19', 'N28-329-01', NULL, NULL, NULL, 'TUE_4.00-4.50'),
('TUE_4.00-4.50_2', 'Block P19-DK4', NULL, NULL, NULL, 'TUE_4.00-4.50'),
('TUE_4.00-4.50_20', 'N28-330-01', NULL, NULL, NULL, 'TUE_4.00-4.50'),
('TUE_4.00-4.50_21', 'N28-350-03', NULL, NULL, NULL, 'TUE_4.00-4.50'),
('TUE_4.00-4.50_22', 'N28-351-02', NULL, NULL, NULL, 'TUE_4.00-4.50'),
('TUE_4.00-4.50_23', 'N28-352-01', NULL, NULL, NULL, 'TUE_4.00-4.50'),
('TUE_4.00-4.50_24', 'N28-422-01', NULL, NULL, NULL, 'TUE_4.00-4.50'),
('TUE_4.00-4.50_25', 'N28-423-01', NULL, NULL, NULL, 'TUE_4.00-4.50'),
('TUE_4.00-4.50_26', 'N28-502-01', NULL, NULL, NULL, 'TUE_4.00-4.50'),
('TUE_4.00-4.50_27', 'N28-505-01', NULL, NULL, NULL, 'TUE_4.00-4.50'),
('TUE_4.00-4.50_28', 'N28-506-01', NULL, NULL, NULL, 'TUE_4.00-4.50'),
('TUE_4.00-4.50_29', 'N28-512-01', NULL, NULL, NULL, 'TUE_4.00-4.50'),
('TUE_4.00-4.50_3', 'Block P19-DK5', NULL, NULL, NULL, 'TUE_4.00-4.50'),
('TUE_4.00-4.50_30', 'N28-516-01', NULL, NULL, NULL, 'TUE_4.00-4.50'),
('TUE_4.00-4.50_31', 'N28-517-02', NULL, NULL, NULL, 'TUE_4.00-4.50'),
('TUE_4.00-4.50_32', 'N28-518-02', NULL, NULL, NULL, 'TUE_4.00-4.50'),
('TUE_4.00-4.50_33', 'N28-524-02', NULL, NULL, NULL, 'TUE_4.00-4.50'),
('TUE_4.00-4.50_34', 'N28-525-01', NULL, NULL, NULL, 'TUE_4.00-4.50'),
('TUE_4.00-4.50_35', 'N28-527-02', NULL, NULL, NULL, 'TUE_4.00-4.50'),
('TUE_4.00-4.50_36', 'N28a-01-01', NULL, NULL, NULL, 'TUE_4.00-4.50'),
('TUE_4.00-4.50_37', 'N28a-01-02', NULL, NULL, NULL, 'TUE_4.00-4.50'),
('TUE_4.00-4.50_38', 'N28a-01-04', NULL, NULL, NULL, 'TUE_4.00-4.50'),
('TUE_4.00-4.50_39', 'N28a-01-05', NULL, NULL, NULL, 'TUE_4.00-4.50'),
('TUE_4.00-4.50_4', 'Block P19-DK6', NULL, NULL, NULL, 'TUE_4.00-4.50'),
('TUE_4.00-4.50_40', 'N28a-01-07', NULL, NULL, NULL, 'TUE_4.00-4.50'),
('TUE_4.00-4.50_41', 'N28a-01-15', NULL, NULL, NULL, 'TUE_4.00-4.50'),
('TUE_4.00-4.50_42', 'N28a-01-16', NULL, NULL, NULL, 'TUE_4.00-4.50'),
('TUE_4.00-4.50_43', 'N28a-01-19', NULL, NULL, NULL, 'TUE_4.00-4.50'),
('TUE_4.00-4.50_44', 'N28a-01-20', NULL, NULL, NULL, 'TUE_4.00-4.50'),
('TUE_4.00-4.50_45', 'N28A-02-33', NULL, NULL, NULL, 'TUE_4.00-4.50'),
('TUE_4.00-4.50_46', 'N28A-02-34', NULL, NULL, NULL, 'TUE_4.00-4.50'),
('TUE_4.00-4.50_5', 'N28-105-01', NULL, NULL, NULL, 'TUE_4.00-4.50'),
('TUE_4.00-4.50_6', 'N28-106-01', NULL, NULL, NULL, 'TUE_4.00-4.50'),
('TUE_4.00-4.50_7', 'N28-107-01', NULL, NULL, NULL, 'TUE_4.00-4.50'),
('TUE_4.00-4.50_8', 'N28-108-01', NULL, NULL, NULL, 'TUE_4.00-4.50'),
('TUE_4.00-4.50_9', 'N28-111-01', NULL, NULL, NULL, 'TUE_4.00-4.50'),
('TUE_8.00-8.50_1', 'Block L50', NULL, NULL, NULL, 'TUE_8.00-8.50'),
('TUE_8.00-8.50_10', 'N28-112-02', NULL, NULL, NULL, 'TUE_8.00-8.50'),
('TUE_8.00-8.50_11', 'N28-116-02', NULL, NULL, NULL, 'TUE_8.00-8.50'),
('TUE_8.00-8.50_12', 'N28-202-01', NULL, NULL, NULL, 'TUE_8.00-8.50'),
('TUE_8.00-8.50_13', 'N28-203-01', NULL, NULL, NULL, 'TUE_8.00-8.50'),
('TUE_8.00-8.50_14', 'N28-204-01', NULL, NULL, NULL, 'TUE_8.00-8.50'),
('TUE_8.00-8.50_15', 'N28-223-02', NULL, NULL, NULL, 'TUE_8.00-8.50'),
('TUE_8.00-8.50_16', 'N28-301-01', NULL, NULL, NULL, 'TUE_8.00-8.50'),
('TUE_8.00-8.50_17', 'N28-321-02', NULL, NULL, NULL, 'TUE_8.00-8.50'),
('TUE_8.00-8.50_18', 'N28-322-02', NULL, NULL, NULL, 'TUE_8.00-8.50'),
('TUE_8.00-8.50_19', 'N28-329-01', NULL, NULL, NULL, 'TUE_8.00-8.50'),
('TUE_8.00-8.50_2', 'Block P19-DK4', NULL, NULL, NULL, 'TUE_8.00-8.50'),
('TUE_8.00-8.50_20', 'N28-330-01', NULL, NULL, NULL, 'TUE_8.00-8.50'),
('TUE_8.00-8.50_21', 'N28-350-03', NULL, NULL, NULL, 'TUE_8.00-8.50'),
('TUE_8.00-8.50_22', 'N28-351-02', NULL, NULL, NULL, 'TUE_8.00-8.50'),
('TUE_8.00-8.50_23', 'N28-352-01', NULL, NULL, NULL, 'TUE_8.00-8.50'),
('TUE_8.00-8.50_24', 'N28-422-01', NULL, NULL, NULL, 'TUE_8.00-8.50'),
('TUE_8.00-8.50_25', 'N28-423-01', NULL, NULL, NULL, 'TUE_8.00-8.50'),
('TUE_8.00-8.50_26', 'N28-502-01', NULL, NULL, NULL, 'TUE_8.00-8.50'),
('TUE_8.00-8.50_27', 'N28-505-01', NULL, NULL, NULL, 'TUE_8.00-8.50'),
('TUE_8.00-8.50_28', 'N28-506-01', NULL, NULL, NULL, 'TUE_8.00-8.50'),
('TUE_8.00-8.50_29', 'N28-512-01', NULL, NULL, NULL, 'TUE_8.00-8.50'),
('TUE_8.00-8.50_3', 'Block P19-DK5', NULL, NULL, NULL, 'TUE_8.00-8.50'),
('TUE_8.00-8.50_30', 'N28-516-01', NULL, NULL, NULL, 'TUE_8.00-8.50'),
('TUE_8.00-8.50_31', 'N28-517-02', NULL, NULL, NULL, 'TUE_8.00-8.50'),
('TUE_8.00-8.50_32', 'N28-518-02', NULL, NULL, NULL, 'TUE_8.00-8.50'),
('TUE_8.00-8.50_33', 'N28-524-02', NULL, NULL, NULL, 'TUE_8.00-8.50'),
('TUE_8.00-8.50_34', 'N28-525-01', NULL, NULL, NULL, 'TUE_8.00-8.50'),
('TUE_8.00-8.50_35', 'N28-527-02', NULL, NULL, NULL, 'TUE_8.00-8.50'),
('TUE_8.00-8.50_36', 'N28a-01-01', NULL, NULL, NULL, 'TUE_8.00-8.50');
INSERT INTO `published_schedule` (`schedule_id`, `classroom_id`, `faculty_timetable_id`, `lecturer_id`, `section_id`, `time_slot_id`) VALUES
('TUE_8.00-8.50_37', 'N28a-01-02', NULL, NULL, NULL, 'TUE_8.00-8.50'),
('TUE_8.00-8.50_38', 'N28a-01-04', NULL, NULL, NULL, 'TUE_8.00-8.50'),
('TUE_8.00-8.50_39', 'N28a-01-05', NULL, NULL, NULL, 'TUE_8.00-8.50'),
('TUE_8.00-8.50_4', 'Block P19-DK6', NULL, NULL, NULL, 'TUE_8.00-8.50'),
('TUE_8.00-8.50_40', 'N28a-01-07', NULL, NULL, NULL, 'TUE_8.00-8.50'),
('TUE_8.00-8.50_41', 'N28a-01-15', NULL, NULL, NULL, 'TUE_8.00-8.50'),
('TUE_8.00-8.50_42', 'N28a-01-16', NULL, NULL, NULL, 'TUE_8.00-8.50'),
('TUE_8.00-8.50_43', 'N28a-01-19', NULL, NULL, NULL, 'TUE_8.00-8.50'),
('TUE_8.00-8.50_44', 'N28a-01-20', NULL, NULL, NULL, 'TUE_8.00-8.50'),
('TUE_8.00-8.50_45', 'N28A-02-33', NULL, NULL, NULL, 'TUE_8.00-8.50'),
('TUE_8.00-8.50_46', 'N28A-02-34', NULL, NULL, NULL, 'TUE_8.00-8.50'),
('TUE_8.00-8.50_5', 'N28-105-01', NULL, NULL, NULL, 'TUE_8.00-8.50'),
('TUE_8.00-8.50_6', 'N28-106-01', NULL, NULL, NULL, 'TUE_8.00-8.50'),
('TUE_8.00-8.50_7', 'N28-107-01', NULL, NULL, NULL, 'TUE_8.00-8.50'),
('TUE_8.00-8.50_8', 'N28-108-01', NULL, NULL, NULL, 'TUE_8.00-8.50'),
('TUE_8.00-8.50_9', 'N28-111-01', NULL, NULL, NULL, 'TUE_8.00-8.50'),
('TUE_9.00-9.50_1', 'Block L50', NULL, NULL, NULL, 'TUE_9.00-9.50'),
('TUE_9.00-9.50_10', 'N28-112-02', NULL, NULL, NULL, 'TUE_9.00-9.50'),
('TUE_9.00-9.50_11', 'N28-116-02', NULL, NULL, NULL, 'TUE_9.00-9.50'),
('TUE_9.00-9.50_12', 'N28-202-01', NULL, NULL, NULL, 'TUE_9.00-9.50'),
('TUE_9.00-9.50_13', 'N28-203-01', NULL, NULL, NULL, 'TUE_9.00-9.50'),
('TUE_9.00-9.50_14', 'N28-204-01', NULL, NULL, NULL, 'TUE_9.00-9.50'),
('TUE_9.00-9.50_15', 'N28-223-02', NULL, NULL, NULL, 'TUE_9.00-9.50'),
('TUE_9.00-9.50_16', 'N28-301-01', NULL, NULL, NULL, 'TUE_9.00-9.50'),
('TUE_9.00-9.50_17', 'N28-321-02', NULL, NULL, NULL, 'TUE_9.00-9.50'),
('TUE_9.00-9.50_18', 'N28-322-02', NULL, NULL, NULL, 'TUE_9.00-9.50'),
('TUE_9.00-9.50_19', 'N28-329-01', NULL, NULL, NULL, 'TUE_9.00-9.50'),
('TUE_9.00-9.50_2', 'Block P19-DK4', NULL, NULL, NULL, 'TUE_9.00-9.50'),
('TUE_9.00-9.50_20', 'N28-330-01', NULL, NULL, NULL, 'TUE_9.00-9.50'),
('TUE_9.00-9.50_21', 'N28-350-03', NULL, NULL, NULL, 'TUE_9.00-9.50'),
('TUE_9.00-9.50_22', 'N28-351-02', NULL, NULL, NULL, 'TUE_9.00-9.50'),
('TUE_9.00-9.50_23', 'N28-352-01', NULL, NULL, NULL, 'TUE_9.00-9.50'),
('TUE_9.00-9.50_24', 'N28-422-01', NULL, NULL, NULL, 'TUE_9.00-9.50'),
('TUE_9.00-9.50_25', 'N28-423-01', NULL, NULL, NULL, 'TUE_9.00-9.50'),
('TUE_9.00-9.50_26', 'N28-502-01', NULL, NULL, NULL, 'TUE_9.00-9.50'),
('TUE_9.00-9.50_27', 'N28-505-01', NULL, NULL, NULL, 'TUE_9.00-9.50'),
('TUE_9.00-9.50_28', 'N28-506-01', NULL, NULL, NULL, 'TUE_9.00-9.50'),
('TUE_9.00-9.50_29', 'N28-512-01', NULL, NULL, NULL, 'TUE_9.00-9.50'),
('TUE_9.00-9.50_3', 'Block P19-DK5', NULL, NULL, NULL, 'TUE_9.00-9.50'),
('TUE_9.00-9.50_30', 'N28-516-01', NULL, NULL, NULL, 'TUE_9.00-9.50'),
('TUE_9.00-9.50_31', 'N28-517-02', NULL, NULL, NULL, 'TUE_9.00-9.50'),
('TUE_9.00-9.50_32', 'N28-518-02', NULL, NULL, NULL, 'TUE_9.00-9.50'),
('TUE_9.00-9.50_33', 'N28-524-02', NULL, NULL, NULL, 'TUE_9.00-9.50'),
('TUE_9.00-9.50_34', 'N28-525-01', NULL, NULL, NULL, 'TUE_9.00-9.50'),
('TUE_9.00-9.50_35', 'N28-527-02', NULL, NULL, NULL, 'TUE_9.00-9.50'),
('TUE_9.00-9.50_36', 'N28a-01-01', NULL, NULL, NULL, 'TUE_9.00-9.50'),
('TUE_9.00-9.50_37', 'N28a-01-02', NULL, NULL, NULL, 'TUE_9.00-9.50'),
('TUE_9.00-9.50_38', 'N28a-01-04', NULL, NULL, NULL, 'TUE_9.00-9.50'),
('TUE_9.00-9.50_39', 'N28a-01-05', NULL, NULL, NULL, 'TUE_9.00-9.50'),
('TUE_9.00-9.50_4', 'Block P19-DK6', NULL, NULL, NULL, 'TUE_9.00-9.50'),
('TUE_9.00-9.50_40', 'N28a-01-07', NULL, NULL, NULL, 'TUE_9.00-9.50'),
('TUE_9.00-9.50_41', 'N28a-01-15', NULL, NULL, NULL, 'TUE_9.00-9.50'),
('TUE_9.00-9.50_42', 'N28a-01-16', NULL, NULL, NULL, 'TUE_9.00-9.50'),
('TUE_9.00-9.50_43', 'N28a-01-19', NULL, NULL, NULL, 'TUE_9.00-9.50'),
('TUE_9.00-9.50_44', 'N28a-01-20', NULL, NULL, NULL, 'TUE_9.00-9.50'),
('TUE_9.00-9.50_45', 'N28A-02-33', NULL, NULL, NULL, 'TUE_9.00-9.50'),
('TUE_9.00-9.50_46', 'N28A-02-34', NULL, NULL, NULL, 'TUE_9.00-9.50'),
('TUE_9.00-9.50_5', 'N28-105-01', NULL, NULL, NULL, 'TUE_9.00-9.50'),
('TUE_9.00-9.50_6', 'N28-106-01', NULL, NULL, NULL, 'TUE_9.00-9.50'),
('TUE_9.00-9.50_7', 'N28-107-01', NULL, NULL, NULL, 'TUE_9.00-9.50'),
('TUE_9.00-9.50_8', 'N28-108-01', NULL, NULL, NULL, 'TUE_9.00-9.50'),
('TUE_9.00-9.50_9', 'N28-111-01', NULL, NULL, NULL, 'TUE_9.00-9.50'),
('WED_10.00-10.50_1', 'Block L50', NULL, NULL, NULL, 'WED_10.00-10.50'),
('WED_10.00-10.50_10', 'N28-112-02', NULL, NULL, NULL, 'WED_10.00-10.50'),
('WED_10.00-10.50_11', 'N28-116-02', NULL, NULL, NULL, 'WED_10.00-10.50'),
('WED_10.00-10.50_12', 'N28-202-01', NULL, NULL, NULL, 'WED_10.00-10.50'),
('WED_10.00-10.50_13', 'N28-203-01', NULL, NULL, NULL, 'WED_10.00-10.50'),
('WED_10.00-10.50_14', 'N28-204-01', NULL, NULL, NULL, 'WED_10.00-10.50'),
('WED_10.00-10.50_15', 'N28-223-02', NULL, NULL, NULL, 'WED_10.00-10.50'),
('WED_10.00-10.50_16', 'N28-301-01', NULL, NULL, NULL, 'WED_10.00-10.50'),
('WED_10.00-10.50_17', 'N28-321-02', NULL, NULL, NULL, 'WED_10.00-10.50'),
('WED_10.00-10.50_18', 'N28-322-02', NULL, NULL, NULL, 'WED_10.00-10.50'),
('WED_10.00-10.50_19', 'N28-329-01', NULL, NULL, NULL, 'WED_10.00-10.50'),
('WED_10.00-10.50_2', 'Block P19-DK4', NULL, NULL, NULL, 'WED_10.00-10.50'),
('WED_10.00-10.50_20', 'N28-330-01', NULL, NULL, NULL, 'WED_10.00-10.50'),
('WED_10.00-10.50_21', 'N28-350-03', NULL, NULL, NULL, 'WED_10.00-10.50'),
('WED_10.00-10.50_22', 'N28-351-02', NULL, NULL, NULL, 'WED_10.00-10.50'),
('WED_10.00-10.50_23', 'N28-352-01', NULL, NULL, NULL, 'WED_10.00-10.50'),
('WED_10.00-10.50_24', 'N28-422-01', NULL, NULL, NULL, 'WED_10.00-10.50'),
('WED_10.00-10.50_25', 'N28-423-01', NULL, NULL, NULL, 'WED_10.00-10.50'),
('WED_10.00-10.50_26', 'N28-502-01', NULL, NULL, NULL, 'WED_10.00-10.50'),
('WED_10.00-10.50_27', 'N28-505-01', NULL, NULL, NULL, 'WED_10.00-10.50'),
('WED_10.00-10.50_28', 'N28-506-01', NULL, NULL, NULL, 'WED_10.00-10.50'),
('WED_10.00-10.50_29', 'N28-512-01', NULL, NULL, NULL, 'WED_10.00-10.50'),
('WED_10.00-10.50_3', 'Block P19-DK5', NULL, NULL, NULL, 'WED_10.00-10.50'),
('WED_10.00-10.50_30', 'N28-516-01', NULL, NULL, NULL, 'WED_10.00-10.50'),
('WED_10.00-10.50_31', 'N28-517-02', NULL, NULL, NULL, 'WED_10.00-10.50'),
('WED_10.00-10.50_32', 'N28-518-02', NULL, NULL, NULL, 'WED_10.00-10.50'),
('WED_10.00-10.50_33', 'N28-524-02', NULL, NULL, NULL, 'WED_10.00-10.50'),
('WED_10.00-10.50_34', 'N28-525-01', NULL, NULL, NULL, 'WED_10.00-10.50'),
('WED_10.00-10.50_35', 'N28-527-02', NULL, NULL, NULL, 'WED_10.00-10.50'),
('WED_10.00-10.50_36', 'N28a-01-01', NULL, NULL, NULL, 'WED_10.00-10.50'),
('WED_10.00-10.50_37', 'N28a-01-02', NULL, NULL, NULL, 'WED_10.00-10.50'),
('WED_10.00-10.50_38', 'N28a-01-04', NULL, NULL, NULL, 'WED_10.00-10.50'),
('WED_10.00-10.50_39', 'N28a-01-05', NULL, NULL, NULL, 'WED_10.00-10.50'),
('WED_10.00-10.50_4', 'Block P19-DK6', NULL, NULL, NULL, 'WED_10.00-10.50'),
('WED_10.00-10.50_40', 'N28a-01-07', NULL, NULL, NULL, 'WED_10.00-10.50'),
('WED_10.00-10.50_41', 'N28a-01-15', NULL, NULL, NULL, 'WED_10.00-10.50'),
('WED_10.00-10.50_42', 'N28a-01-16', NULL, NULL, NULL, 'WED_10.00-10.50'),
('WED_10.00-10.50_43', 'N28a-01-19', NULL, NULL, NULL, 'WED_10.00-10.50'),
('WED_10.00-10.50_44', 'N28a-01-20', NULL, NULL, NULL, 'WED_10.00-10.50'),
('WED_10.00-10.50_45', 'N28A-02-33', NULL, NULL, NULL, 'WED_10.00-10.50'),
('WED_10.00-10.50_46', 'N28A-02-34', NULL, NULL, NULL, 'WED_10.00-10.50'),
('WED_10.00-10.50_5', 'N28-105-01', NULL, NULL, NULL, 'WED_10.00-10.50'),
('WED_10.00-10.50_6', 'N28-106-01', NULL, NULL, NULL, 'WED_10.00-10.50'),
('WED_10.00-10.50_7', 'N28-107-01', NULL, NULL, NULL, 'WED_10.00-10.50'),
('WED_10.00-10.50_8', 'N28-108-01', NULL, NULL, NULL, 'WED_10.00-10.50'),
('WED_10.00-10.50_9', 'N28-111-01', NULL, NULL, NULL, 'WED_10.00-10.50'),
('WED_11.00-11.50_1', 'Block L50', NULL, NULL, NULL, 'WED_11.00-11.50'),
('WED_11.00-11.50_10', 'N28-112-02', NULL, NULL, NULL, 'WED_11.00-11.50'),
('WED_11.00-11.50_11', 'N28-116-02', NULL, NULL, NULL, 'WED_11.00-11.50'),
('WED_11.00-11.50_12', 'N28-202-01', NULL, NULL, NULL, 'WED_11.00-11.50'),
('WED_11.00-11.50_13', 'N28-203-01', NULL, NULL, NULL, 'WED_11.00-11.50'),
('WED_11.00-11.50_14', 'N28-204-01', NULL, NULL, NULL, 'WED_11.00-11.50'),
('WED_11.00-11.50_15', 'N28-223-02', NULL, NULL, NULL, 'WED_11.00-11.50'),
('WED_11.00-11.50_16', 'N28-301-01', NULL, NULL, NULL, 'WED_11.00-11.50'),
('WED_11.00-11.50_17', 'N28-321-02', NULL, NULL, NULL, 'WED_11.00-11.50'),
('WED_11.00-11.50_18', 'N28-322-02', NULL, NULL, NULL, 'WED_11.00-11.50'),
('WED_11.00-11.50_19', 'N28-329-01', NULL, NULL, NULL, 'WED_11.00-11.50'),
('WED_11.00-11.50_2', 'Block P19-DK4', NULL, NULL, NULL, 'WED_11.00-11.50'),
('WED_11.00-11.50_20', 'N28-330-01', NULL, NULL, NULL, 'WED_11.00-11.50'),
('WED_11.00-11.50_21', 'N28-350-03', NULL, NULL, NULL, 'WED_11.00-11.50'),
('WED_11.00-11.50_22', 'N28-351-02', NULL, NULL, NULL, 'WED_11.00-11.50'),
('WED_11.00-11.50_23', 'N28-352-01', NULL, NULL, NULL, 'WED_11.00-11.50'),
('WED_11.00-11.50_24', 'N28-422-01', NULL, NULL, NULL, 'WED_11.00-11.50'),
('WED_11.00-11.50_25', 'N28-423-01', NULL, NULL, NULL, 'WED_11.00-11.50'),
('WED_11.00-11.50_26', 'N28-502-01', NULL, NULL, NULL, 'WED_11.00-11.50'),
('WED_11.00-11.50_27', 'N28-505-01', NULL, NULL, NULL, 'WED_11.00-11.50'),
('WED_11.00-11.50_28', 'N28-506-01', NULL, NULL, NULL, 'WED_11.00-11.50'),
('WED_11.00-11.50_29', 'N28-512-01', NULL, NULL, NULL, 'WED_11.00-11.50'),
('WED_11.00-11.50_3', 'Block P19-DK5', NULL, NULL, NULL, 'WED_11.00-11.50'),
('WED_11.00-11.50_30', 'N28-516-01', NULL, NULL, NULL, 'WED_11.00-11.50'),
('WED_11.00-11.50_31', 'N28-517-02', NULL, NULL, NULL, 'WED_11.00-11.50'),
('WED_11.00-11.50_32', 'N28-518-02', NULL, NULL, NULL, 'WED_11.00-11.50'),
('WED_11.00-11.50_33', 'N28-524-02', NULL, NULL, NULL, 'WED_11.00-11.50'),
('WED_11.00-11.50_34', 'N28-525-01', NULL, NULL, NULL, 'WED_11.00-11.50'),
('WED_11.00-11.50_35', 'N28-527-02', NULL, NULL, NULL, 'WED_11.00-11.50'),
('WED_11.00-11.50_36', 'N28a-01-01', NULL, NULL, NULL, 'WED_11.00-11.50'),
('WED_11.00-11.50_37', 'N28a-01-02', NULL, NULL, NULL, 'WED_11.00-11.50'),
('WED_11.00-11.50_38', 'N28a-01-04', NULL, NULL, NULL, 'WED_11.00-11.50'),
('WED_11.00-11.50_39', 'N28a-01-05', NULL, NULL, NULL, 'WED_11.00-11.50'),
('WED_11.00-11.50_4', 'Block P19-DK6', NULL, NULL, NULL, 'WED_11.00-11.50'),
('WED_11.00-11.50_40', 'N28a-01-07', NULL, NULL, NULL, 'WED_11.00-11.50'),
('WED_11.00-11.50_41', 'N28a-01-15', NULL, NULL, NULL, 'WED_11.00-11.50'),
('WED_11.00-11.50_42', 'N28a-01-16', NULL, NULL, NULL, 'WED_11.00-11.50'),
('WED_11.00-11.50_43', 'N28a-01-19', NULL, NULL, NULL, 'WED_11.00-11.50'),
('WED_11.00-11.50_44', 'N28a-01-20', NULL, NULL, NULL, 'WED_11.00-11.50'),
('WED_11.00-11.50_45', 'N28A-02-33', NULL, NULL, NULL, 'WED_11.00-11.50'),
('WED_11.00-11.50_46', 'N28A-02-34', NULL, NULL, NULL, 'WED_11.00-11.50'),
('WED_11.00-11.50_5', 'N28-105-01', NULL, NULL, NULL, 'WED_11.00-11.50'),
('WED_11.00-11.50_6', 'N28-106-01', NULL, NULL, NULL, 'WED_11.00-11.50'),
('WED_11.00-11.50_7', 'N28-107-01', NULL, NULL, NULL, 'WED_11.00-11.50'),
('WED_11.00-11.50_8', 'N28-108-01', NULL, NULL, NULL, 'WED_11.00-11.50'),
('WED_11.00-11.50_9', 'N28-111-01', NULL, NULL, NULL, 'WED_11.00-11.50'),
('WED_12.00-12.50_1', 'Block L50', NULL, NULL, NULL, 'WED_12.00-12.50'),
('WED_12.00-12.50_10', 'N28-112-02', NULL, NULL, NULL, 'WED_12.00-12.50'),
('WED_12.00-12.50_11', 'N28-116-02', NULL, NULL, NULL, 'WED_12.00-12.50'),
('WED_12.00-12.50_12', 'N28-202-01', NULL, NULL, NULL, 'WED_12.00-12.50'),
('WED_12.00-12.50_13', 'N28-203-01', NULL, NULL, NULL, 'WED_12.00-12.50'),
('WED_12.00-12.50_14', 'N28-204-01', NULL, NULL, NULL, 'WED_12.00-12.50'),
('WED_12.00-12.50_15', 'N28-223-02', NULL, NULL, NULL, 'WED_12.00-12.50'),
('WED_12.00-12.50_16', 'N28-301-01', NULL, NULL, NULL, 'WED_12.00-12.50'),
('WED_12.00-12.50_17', 'N28-321-02', NULL, NULL, NULL, 'WED_12.00-12.50'),
('WED_12.00-12.50_18', 'N28-322-02', NULL, NULL, NULL, 'WED_12.00-12.50'),
('WED_12.00-12.50_19', 'N28-329-01', NULL, NULL, NULL, 'WED_12.00-12.50'),
('WED_12.00-12.50_2', 'Block P19-DK4', NULL, NULL, NULL, 'WED_12.00-12.50'),
('WED_12.00-12.50_20', 'N28-330-01', NULL, NULL, NULL, 'WED_12.00-12.50'),
('WED_12.00-12.50_21', 'N28-350-03', NULL, NULL, NULL, 'WED_12.00-12.50'),
('WED_12.00-12.50_22', 'N28-351-02', NULL, NULL, NULL, 'WED_12.00-12.50'),
('WED_12.00-12.50_23', 'N28-352-01', NULL, NULL, NULL, 'WED_12.00-12.50'),
('WED_12.00-12.50_24', 'N28-422-01', NULL, NULL, NULL, 'WED_12.00-12.50'),
('WED_12.00-12.50_25', 'N28-423-01', NULL, NULL, NULL, 'WED_12.00-12.50'),
('WED_12.00-12.50_26', 'N28-502-01', NULL, NULL, NULL, 'WED_12.00-12.50'),
('WED_12.00-12.50_27', 'N28-505-01', NULL, NULL, NULL, 'WED_12.00-12.50'),
('WED_12.00-12.50_28', 'N28-506-01', NULL, NULL, NULL, 'WED_12.00-12.50'),
('WED_12.00-12.50_29', 'N28-512-01', NULL, NULL, NULL, 'WED_12.00-12.50'),
('WED_12.00-12.50_3', 'Block P19-DK5', NULL, NULL, NULL, 'WED_12.00-12.50'),
('WED_12.00-12.50_30', 'N28-516-01', NULL, NULL, NULL, 'WED_12.00-12.50'),
('WED_12.00-12.50_31', 'N28-517-02', NULL, NULL, NULL, 'WED_12.00-12.50'),
('WED_12.00-12.50_32', 'N28-518-02', NULL, NULL, NULL, 'WED_12.00-12.50'),
('WED_12.00-12.50_33', 'N28-524-02', NULL, NULL, NULL, 'WED_12.00-12.50'),
('WED_12.00-12.50_34', 'N28-525-01', NULL, NULL, NULL, 'WED_12.00-12.50'),
('WED_12.00-12.50_35', 'N28-527-02', NULL, NULL, NULL, 'WED_12.00-12.50'),
('WED_12.00-12.50_36', 'N28a-01-01', NULL, NULL, NULL, 'WED_12.00-12.50'),
('WED_12.00-12.50_37', 'N28a-01-02', NULL, NULL, NULL, 'WED_12.00-12.50'),
('WED_12.00-12.50_38', 'N28a-01-04', NULL, NULL, NULL, 'WED_12.00-12.50'),
('WED_12.00-12.50_39', 'N28a-01-05', NULL, NULL, NULL, 'WED_12.00-12.50'),
('WED_12.00-12.50_4', 'Block P19-DK6', NULL, NULL, NULL, 'WED_12.00-12.50'),
('WED_12.00-12.50_40', 'N28a-01-07', NULL, NULL, NULL, 'WED_12.00-12.50'),
('WED_12.00-12.50_41', 'N28a-01-15', NULL, NULL, NULL, 'WED_12.00-12.50'),
('WED_12.00-12.50_42', 'N28a-01-16', NULL, NULL, NULL, 'WED_12.00-12.50'),
('WED_12.00-12.50_43', 'N28a-01-19', NULL, NULL, NULL, 'WED_12.00-12.50'),
('WED_12.00-12.50_44', 'N28a-01-20', NULL, NULL, NULL, 'WED_12.00-12.50'),
('WED_12.00-12.50_45', 'N28A-02-33', NULL, NULL, NULL, 'WED_12.00-12.50'),
('WED_12.00-12.50_46', 'N28A-02-34', NULL, NULL, NULL, 'WED_12.00-12.50'),
('WED_12.00-12.50_5', 'N28-105-01', NULL, NULL, NULL, 'WED_12.00-12.50'),
('WED_12.00-12.50_6', 'N28-106-01', NULL, NULL, NULL, 'WED_12.00-12.50'),
('WED_12.00-12.50_7', 'N28-107-01', NULL, NULL, NULL, 'WED_12.00-12.50'),
('WED_12.00-12.50_8', 'N28-108-01', NULL, NULL, NULL, 'WED_12.00-12.50'),
('WED_12.00-12.50_9', 'N28-111-01', NULL, NULL, NULL, 'WED_12.00-12.50'),
('WED_2.00-2.50_1', 'Block L50', NULL, NULL, NULL, 'WED_2.00-2.50'),
('WED_2.00-2.50_10', 'N28-112-02', NULL, NULL, NULL, 'WED_2.00-2.50'),
('WED_2.00-2.50_11', 'N28-116-02', NULL, NULL, NULL, 'WED_2.00-2.50'),
('WED_2.00-2.50_12', 'N28-202-01', NULL, NULL, NULL, 'WED_2.00-2.50'),
('WED_2.00-2.50_13', 'N28-203-01', NULL, NULL, NULL, 'WED_2.00-2.50'),
('WED_2.00-2.50_14', 'N28-204-01', NULL, NULL, NULL, 'WED_2.00-2.50'),
('WED_2.00-2.50_15', 'N28-223-02', NULL, NULL, NULL, 'WED_2.00-2.50'),
('WED_2.00-2.50_16', 'N28-301-01', NULL, NULL, NULL, 'WED_2.00-2.50'),
('WED_2.00-2.50_17', 'N28-321-02', NULL, NULL, NULL, 'WED_2.00-2.50'),
('WED_2.00-2.50_18', 'N28-322-02', NULL, NULL, NULL, 'WED_2.00-2.50'),
('WED_2.00-2.50_19', 'N28-329-01', NULL, NULL, NULL, 'WED_2.00-2.50'),
('WED_2.00-2.50_2', 'Block P19-DK4', NULL, NULL, NULL, 'WED_2.00-2.50'),
('WED_2.00-2.50_20', 'N28-330-01', NULL, NULL, NULL, 'WED_2.00-2.50'),
('WED_2.00-2.50_21', 'N28-350-03', NULL, NULL, NULL, 'WED_2.00-2.50'),
('WED_2.00-2.50_22', 'N28-351-02', NULL, NULL, NULL, 'WED_2.00-2.50'),
('WED_2.00-2.50_23', 'N28-352-01', NULL, NULL, NULL, 'WED_2.00-2.50'),
('WED_2.00-2.50_24', 'N28-422-01', NULL, NULL, NULL, 'WED_2.00-2.50'),
('WED_2.00-2.50_25', 'N28-423-01', NULL, NULL, NULL, 'WED_2.00-2.50'),
('WED_2.00-2.50_26', 'N28-502-01', NULL, NULL, NULL, 'WED_2.00-2.50'),
('WED_2.00-2.50_27', 'N28-505-01', NULL, NULL, NULL, 'WED_2.00-2.50'),
('WED_2.00-2.50_28', 'N28-506-01', 'Y3/S1', 'LC004', 'SECJ3553_10', 'WED_2.00-2.50'),
('WED_2.00-2.50_29', 'N28-512-01', NULL, NULL, NULL, 'WED_2.00-2.50'),
('WED_2.00-2.50_3', 'Block P19-DK5', NULL, NULL, NULL, 'WED_2.00-2.50'),
('WED_2.00-2.50_30', 'N28-516-01', NULL, NULL, NULL, 'WED_2.00-2.50'),
('WED_2.00-2.50_31', 'N28-517-02', 'Y3/S1', 'LC076', 'SECJ3553_07', 'WED_2.00-2.50'),
('WED_2.00-2.50_32', 'N28-518-02', NULL, NULL, NULL, 'WED_2.00-2.50'),
('WED_2.00-2.50_33', 'N28-524-02', NULL, NULL, NULL, 'WED_2.00-2.50'),
('WED_2.00-2.50_34', 'N28-525-01', NULL, NULL, NULL, 'WED_2.00-2.50'),
('WED_2.00-2.50_35', 'N28-527-02', NULL, NULL, NULL, 'WED_2.00-2.50'),
('WED_2.00-2.50_36', 'N28a-01-01', NULL, NULL, NULL, 'WED_2.00-2.50'),
('WED_2.00-2.50_37', 'N28a-01-02', NULL, NULL, NULL, 'WED_2.00-2.50'),
('WED_2.00-2.50_38', 'N28a-01-04', NULL, NULL, NULL, 'WED_2.00-2.50'),
('WED_2.00-2.50_39', 'N28a-01-05', NULL, NULL, NULL, 'WED_2.00-2.50'),
('WED_2.00-2.50_4', 'Block P19-DK6', NULL, NULL, NULL, 'WED_2.00-2.50'),
('WED_2.00-2.50_40', 'N28a-01-07', NULL, NULL, NULL, 'WED_2.00-2.50'),
('WED_2.00-2.50_41', 'N28a-01-15', NULL, NULL, NULL, 'WED_2.00-2.50'),
('WED_2.00-2.50_42', 'N28a-01-16', NULL, NULL, NULL, 'WED_2.00-2.50'),
('WED_2.00-2.50_43', 'N28a-01-19', NULL, NULL, NULL, 'WED_2.00-2.50'),
('WED_2.00-2.50_44', 'N28a-01-20', NULL, NULL, NULL, 'WED_2.00-2.50'),
('WED_2.00-2.50_45', 'N28A-02-33', NULL, NULL, NULL, 'WED_2.00-2.50'),
('WED_2.00-2.50_46', 'N28A-02-34', NULL, NULL, NULL, 'WED_2.00-2.50'),
('WED_2.00-2.50_5', 'N28-105-01', NULL, NULL, NULL, 'WED_2.00-2.50'),
('WED_2.00-2.50_6', 'N28-106-01', NULL, NULL, NULL, 'WED_2.00-2.50'),
('WED_2.00-2.50_7', 'N28-107-01', NULL, NULL, NULL, 'WED_2.00-2.50'),
('WED_2.00-2.50_8', 'N28-108-01', NULL, NULL, NULL, 'WED_2.00-2.50'),
('WED_2.00-2.50_9', 'N28-111-01', NULL, NULL, NULL, 'WED_2.00-2.50'),
('WED_3.00-3.50_1', 'Block L50', NULL, NULL, NULL, 'WED_3.00-3.50'),
('WED_3.00-3.50_10', 'N28-112-02', NULL, NULL, NULL, 'WED_3.00-3.50'),
('WED_3.00-3.50_11', 'N28-116-02', NULL, NULL, NULL, 'WED_3.00-3.50'),
('WED_3.00-3.50_12', 'N28-202-01', NULL, NULL, NULL, 'WED_3.00-3.50'),
('WED_3.00-3.50_13', 'N28-203-01', NULL, NULL, NULL, 'WED_3.00-3.50'),
('WED_3.00-3.50_14', 'N28-204-01', NULL, NULL, NULL, 'WED_3.00-3.50'),
('WED_3.00-3.50_15', 'N28-223-02', NULL, NULL, NULL, 'WED_3.00-3.50'),
('WED_3.00-3.50_16', 'N28-301-01', NULL, NULL, NULL, 'WED_3.00-3.50'),
('WED_3.00-3.50_17', 'N28-321-02', NULL, NULL, NULL, 'WED_3.00-3.50'),
('WED_3.00-3.50_18', 'N28-322-02', NULL, NULL, NULL, 'WED_3.00-3.50'),
('WED_3.00-3.50_19', 'N28-329-01', NULL, NULL, NULL, 'WED_3.00-3.50'),
('WED_3.00-3.50_2', 'Block P19-DK4', NULL, NULL, NULL, 'WED_3.00-3.50'),
('WED_3.00-3.50_20', 'N28-330-01', NULL, NULL, NULL, 'WED_3.00-3.50'),
('WED_3.00-3.50_21', 'N28-350-03', NULL, NULL, NULL, 'WED_3.00-3.50'),
('WED_3.00-3.50_22', 'N28-351-02', NULL, NULL, NULL, 'WED_3.00-3.50'),
('WED_3.00-3.50_23', 'N28-352-01', NULL, NULL, NULL, 'WED_3.00-3.50'),
('WED_3.00-3.50_24', 'N28-422-01', NULL, NULL, NULL, 'WED_3.00-3.50'),
('WED_3.00-3.50_25', 'N28-423-01', NULL, NULL, NULL, 'WED_3.00-3.50'),
('WED_3.00-3.50_26', 'N28-502-01', NULL, NULL, NULL, 'WED_3.00-3.50'),
('WED_3.00-3.50_27', 'N28-505-01', NULL, NULL, NULL, 'WED_3.00-3.50'),
('WED_3.00-3.50_28', 'N28-506-01', 'Y3/S1', 'LC004', 'SECJ3553_10', 'WED_3.00-3.50'),
('WED_3.00-3.50_29', 'N28-512-01', NULL, NULL, NULL, 'WED_3.00-3.50'),
('WED_3.00-3.50_3', 'Block P19-DK5', NULL, NULL, NULL, 'WED_3.00-3.50'),
('WED_3.00-3.50_30', 'N28-516-01', NULL, NULL, NULL, 'WED_3.00-3.50'),
('WED_3.00-3.50_31', 'N28-517-02', 'Y3/S1', 'LC076', 'SECJ3553_07', 'WED_3.00-3.50'),
('WED_3.00-3.50_32', 'N28-518-02', NULL, NULL, NULL, 'WED_3.00-3.50'),
('WED_3.00-3.50_33', 'N28-524-02', NULL, NULL, NULL, 'WED_3.00-3.50'),
('WED_3.00-3.50_34', 'N28-525-01', NULL, NULL, NULL, 'WED_3.00-3.50'),
('WED_3.00-3.50_35', 'N28-527-02', NULL, NULL, NULL, 'WED_3.00-3.50'),
('WED_3.00-3.50_36', 'N28a-01-01', NULL, NULL, NULL, 'WED_3.00-3.50'),
('WED_3.00-3.50_37', 'N28a-01-02', NULL, NULL, NULL, 'WED_3.00-3.50'),
('WED_3.00-3.50_38', 'N28a-01-04', NULL, NULL, NULL, 'WED_3.00-3.50'),
('WED_3.00-3.50_39', 'N28a-01-05', NULL, NULL, NULL, 'WED_3.00-3.50'),
('WED_3.00-3.50_4', 'Block P19-DK6', NULL, NULL, NULL, 'WED_3.00-3.50'),
('WED_3.00-3.50_40', 'N28a-01-07', NULL, NULL, NULL, 'WED_3.00-3.50'),
('WED_3.00-3.50_41', 'N28a-01-15', NULL, NULL, NULL, 'WED_3.00-3.50'),
('WED_3.00-3.50_42', 'N28a-01-16', NULL, NULL, NULL, 'WED_3.00-3.50'),
('WED_3.00-3.50_43', 'N28a-01-19', NULL, NULL, NULL, 'WED_3.00-3.50'),
('WED_3.00-3.50_44', 'N28a-01-20', NULL, NULL, NULL, 'WED_3.00-3.50'),
('WED_3.00-3.50_45', 'N28A-02-33', NULL, NULL, NULL, 'WED_3.00-3.50'),
('WED_3.00-3.50_46', 'N28A-02-34', NULL, NULL, NULL, 'WED_3.00-3.50'),
('WED_3.00-3.50_5', 'N28-105-01', NULL, NULL, NULL, 'WED_3.00-3.50'),
('WED_3.00-3.50_6', 'N28-106-01', NULL, NULL, NULL, 'WED_3.00-3.50'),
('WED_3.00-3.50_7', 'N28-107-01', NULL, NULL, NULL, 'WED_3.00-3.50'),
('WED_3.00-3.50_8', 'N28-108-01', NULL, NULL, NULL, 'WED_3.00-3.50'),
('WED_3.00-3.50_9', 'N28-111-01', NULL, NULL, NULL, 'WED_3.00-3.50'),
('WED_4.00-4.50_1', 'Block L50', NULL, NULL, NULL, 'WED_4.00-4.50'),
('WED_4.00-4.50_10', 'N28-112-02', NULL, NULL, NULL, 'WED_4.00-4.50'),
('WED_4.00-4.50_11', 'N28-116-02', NULL, NULL, NULL, 'WED_4.00-4.50'),
('WED_4.00-4.50_12', 'N28-202-01', NULL, NULL, NULL, 'WED_4.00-4.50'),
('WED_4.00-4.50_13', 'N28-203-01', NULL, NULL, NULL, 'WED_4.00-4.50'),
('WED_4.00-4.50_14', 'N28-204-01', NULL, NULL, NULL, 'WED_4.00-4.50'),
('WED_4.00-4.50_15', 'N28-223-02', NULL, NULL, NULL, 'WED_4.00-4.50'),
('WED_4.00-4.50_16', 'N28-301-01', NULL, NULL, NULL, 'WED_4.00-4.50'),
('WED_4.00-4.50_17', 'N28-321-02', NULL, NULL, NULL, 'WED_4.00-4.50'),
('WED_4.00-4.50_18', 'N28-322-02', NULL, NULL, NULL, 'WED_4.00-4.50'),
('WED_4.00-4.50_19', 'N28-329-01', NULL, NULL, NULL, 'WED_4.00-4.50'),
('WED_4.00-4.50_2', 'Block P19-DK4', NULL, NULL, NULL, 'WED_4.00-4.50'),
('WED_4.00-4.50_20', 'N28-330-01', NULL, NULL, NULL, 'WED_4.00-4.50'),
('WED_4.00-4.50_21', 'N28-350-03', NULL, NULL, NULL, 'WED_4.00-4.50'),
('WED_4.00-4.50_22', 'N28-351-02', NULL, NULL, NULL, 'WED_4.00-4.50'),
('WED_4.00-4.50_23', 'N28-352-01', NULL, NULL, NULL, 'WED_4.00-4.50'),
('WED_4.00-4.50_24', 'N28-422-01', NULL, NULL, NULL, 'WED_4.00-4.50'),
('WED_4.00-4.50_25', 'N28-423-01', NULL, NULL, NULL, 'WED_4.00-4.50'),
('WED_4.00-4.50_26', 'N28-502-01', NULL, NULL, NULL, 'WED_4.00-4.50'),
('WED_4.00-4.50_27', 'N28-505-01', NULL, NULL, NULL, 'WED_4.00-4.50'),
('WED_4.00-4.50_28', 'N28-506-01', NULL, NULL, NULL, 'WED_4.00-4.50'),
('WED_4.00-4.50_29', 'N28-512-01', NULL, NULL, NULL, 'WED_4.00-4.50'),
('WED_4.00-4.50_3', 'Block P19-DK5', NULL, NULL, NULL, 'WED_4.00-4.50'),
('WED_4.00-4.50_30', 'N28-516-01', NULL, NULL, NULL, 'WED_4.00-4.50'),
('WED_4.00-4.50_31', 'N28-517-02', NULL, NULL, NULL, 'WED_4.00-4.50'),
('WED_4.00-4.50_32', 'N28-518-02', NULL, NULL, NULL, 'WED_4.00-4.50'),
('WED_4.00-4.50_33', 'N28-524-02', NULL, NULL, NULL, 'WED_4.00-4.50'),
('WED_4.00-4.50_34', 'N28-525-01', NULL, NULL, NULL, 'WED_4.00-4.50'),
('WED_4.00-4.50_35', 'N28-527-02', NULL, NULL, NULL, 'WED_4.00-4.50'),
('WED_4.00-4.50_36', 'N28a-01-01', NULL, NULL, NULL, 'WED_4.00-4.50'),
('WED_4.00-4.50_37', 'N28a-01-02', NULL, NULL, NULL, 'WED_4.00-4.50'),
('WED_4.00-4.50_38', 'N28a-01-04', NULL, NULL, NULL, 'WED_4.00-4.50'),
('WED_4.00-4.50_39', 'N28a-01-05', NULL, NULL, NULL, 'WED_4.00-4.50'),
('WED_4.00-4.50_4', 'Block P19-DK6', NULL, NULL, NULL, 'WED_4.00-4.50'),
('WED_4.00-4.50_40', 'N28a-01-07', NULL, NULL, NULL, 'WED_4.00-4.50'),
('WED_4.00-4.50_41', 'N28a-01-15', NULL, NULL, NULL, 'WED_4.00-4.50'),
('WED_4.00-4.50_42', 'N28a-01-16', NULL, NULL, NULL, 'WED_4.00-4.50'),
('WED_4.00-4.50_43', 'N28a-01-19', NULL, NULL, NULL, 'WED_4.00-4.50'),
('WED_4.00-4.50_44', 'N28a-01-20', NULL, NULL, NULL, 'WED_4.00-4.50'),
('WED_4.00-4.50_45', 'N28A-02-33', NULL, NULL, NULL, 'WED_4.00-4.50'),
('WED_4.00-4.50_46', 'N28A-02-34', NULL, NULL, NULL, 'WED_4.00-4.50'),
('WED_4.00-4.50_5', 'N28-105-01', NULL, NULL, NULL, 'WED_4.00-4.50'),
('WED_4.00-4.50_6', 'N28-106-01', NULL, NULL, NULL, 'WED_4.00-4.50'),
('WED_4.00-4.50_7', 'N28-107-01', NULL, NULL, NULL, 'WED_4.00-4.50'),
('WED_4.00-4.50_8', 'N28-108-01', NULL, NULL, NULL, 'WED_4.00-4.50'),
('WED_4.00-4.50_9', 'N28-111-01', NULL, NULL, NULL, 'WED_4.00-4.50'),
('WED_8.00-8.50_1', 'Block L50', NULL, NULL, NULL, 'WED_8.00-8.50'),
('WED_8.00-8.50_10', 'N28-112-02', NULL, NULL, NULL, 'WED_8.00-8.50'),
('WED_8.00-8.50_11', 'N28-116-02', NULL, NULL, NULL, 'WED_8.00-8.50'),
('WED_8.00-8.50_12', 'N28-202-01', NULL, NULL, NULL, 'WED_8.00-8.50'),
('WED_8.00-8.50_13', 'N28-203-01', NULL, NULL, NULL, 'WED_8.00-8.50'),
('WED_8.00-8.50_14', 'N28-204-01', NULL, NULL, NULL, 'WED_8.00-8.50'),
('WED_8.00-8.50_15', 'N28-223-02', NULL, NULL, NULL, 'WED_8.00-8.50'),
('WED_8.00-8.50_16', 'N28-301-01', NULL, NULL, NULL, 'WED_8.00-8.50'),
('WED_8.00-8.50_17', 'N28-321-02', NULL, NULL, NULL, 'WED_8.00-8.50'),
('WED_8.00-8.50_18', 'N28-322-02', NULL, NULL, NULL, 'WED_8.00-8.50'),
('WED_8.00-8.50_19', 'N28-329-01', NULL, NULL, NULL, 'WED_8.00-8.50'),
('WED_8.00-8.50_2', 'Block P19-DK4', NULL, NULL, NULL, 'WED_8.00-8.50'),
('WED_8.00-8.50_20', 'N28-330-01', NULL, NULL, NULL, 'WED_8.00-8.50'),
('WED_8.00-8.50_21', 'N28-350-03', NULL, NULL, NULL, 'WED_8.00-8.50'),
('WED_8.00-8.50_22', 'N28-351-02', NULL, NULL, NULL, 'WED_8.00-8.50'),
('WED_8.00-8.50_23', 'N28-352-01', NULL, NULL, NULL, 'WED_8.00-8.50'),
('WED_8.00-8.50_24', 'N28-422-01', NULL, NULL, NULL, 'WED_8.00-8.50'),
('WED_8.00-8.50_25', 'N28-423-01', NULL, NULL, NULL, 'WED_8.00-8.50'),
('WED_8.00-8.50_26', 'N28-502-01', NULL, NULL, NULL, 'WED_8.00-8.50'),
('WED_8.00-8.50_27', 'N28-505-01', NULL, NULL, NULL, 'WED_8.00-8.50'),
('WED_8.00-8.50_28', 'N28-506-01', NULL, NULL, NULL, 'WED_8.00-8.50'),
('WED_8.00-8.50_29', 'N28-512-01', NULL, NULL, NULL, 'WED_8.00-8.50'),
('WED_8.00-8.50_3', 'Block P19-DK5', NULL, NULL, NULL, 'WED_8.00-8.50'),
('WED_8.00-8.50_30', 'N28-516-01', 'Y3/S1', 'LC080', 'SECJ3104_01', 'WED_8.00-8.50'),
('WED_8.00-8.50_31', 'N28-517-02', NULL, NULL, NULL, 'WED_8.00-8.50'),
('WED_8.00-8.50_32', 'N28-518-02', NULL, NULL, NULL, 'WED_8.00-8.50'),
('WED_8.00-8.50_33', 'N28-524-02', NULL, NULL, NULL, 'WED_8.00-8.50'),
('WED_8.00-8.50_34', 'N28-525-01', NULL, NULL, NULL, 'WED_8.00-8.50'),
('WED_8.00-8.50_35', 'N28-527-02', NULL, NULL, NULL, 'WED_8.00-8.50'),
('WED_8.00-8.50_36', 'N28a-01-01', NULL, NULL, NULL, 'WED_8.00-8.50'),
('WED_8.00-8.50_37', 'N28a-01-02', NULL, NULL, NULL, 'WED_8.00-8.50'),
('WED_8.00-8.50_38', 'N28a-01-04', NULL, NULL, NULL, 'WED_8.00-8.50'),
('WED_8.00-8.50_39', 'N28a-01-05', NULL, NULL, NULL, 'WED_8.00-8.50'),
('WED_8.00-8.50_4', 'Block P19-DK6', NULL, NULL, NULL, 'WED_8.00-8.50'),
('WED_8.00-8.50_40', 'N28a-01-07', NULL, NULL, NULL, 'WED_8.00-8.50'),
('WED_8.00-8.50_41', 'N28a-01-15', NULL, NULL, NULL, 'WED_8.00-8.50'),
('WED_8.00-8.50_42', 'N28a-01-16', NULL, NULL, NULL, 'WED_8.00-8.50'),
('WED_8.00-8.50_43', 'N28a-01-19', NULL, NULL, NULL, 'WED_8.00-8.50'),
('WED_8.00-8.50_44', 'N28a-01-20', NULL, NULL, NULL, 'WED_8.00-8.50'),
('WED_8.00-8.50_45', 'N28A-02-33', NULL, NULL, NULL, 'WED_8.00-8.50'),
('WED_8.00-8.50_46', 'N28A-02-34', NULL, NULL, NULL, 'WED_8.00-8.50'),
('WED_8.00-8.50_5', 'N28-105-01', NULL, NULL, NULL, 'WED_8.00-8.50'),
('WED_8.00-8.50_6', 'N28-106-01', NULL, NULL, NULL, 'WED_8.00-8.50'),
('WED_8.00-8.50_7', 'N28-107-01', NULL, NULL, NULL, 'WED_8.00-8.50'),
('WED_8.00-8.50_8', 'N28-108-01', NULL, NULL, NULL, 'WED_8.00-8.50'),
('WED_8.00-8.50_9', 'N28-111-01', NULL, NULL, NULL, 'WED_8.00-8.50'),
('WED_9.00-9.50_1', 'Block L50', NULL, NULL, NULL, 'WED_9.00-9.50'),
('WED_9.00-9.50_10', 'N28-112-02', NULL, NULL, NULL, 'WED_9.00-9.50'),
('WED_9.00-9.50_11', 'N28-116-02', NULL, NULL, NULL, 'WED_9.00-9.50'),
('WED_9.00-9.50_12', 'N28-202-01', NULL, NULL, NULL, 'WED_9.00-9.50'),
('WED_9.00-9.50_13', 'N28-203-01', NULL, NULL, NULL, 'WED_9.00-9.50'),
('WED_9.00-9.50_14', 'N28-204-01', NULL, NULL, NULL, 'WED_9.00-9.50'),
('WED_9.00-9.50_15', 'N28-223-02', NULL, NULL, NULL, 'WED_9.00-9.50'),
('WED_9.00-9.50_16', 'N28-301-01', NULL, NULL, NULL, 'WED_9.00-9.50'),
('WED_9.00-9.50_17', 'N28-321-02', NULL, NULL, NULL, 'WED_9.00-9.50'),
('WED_9.00-9.50_18', 'N28-322-02', NULL, NULL, NULL, 'WED_9.00-9.50'),
('WED_9.00-9.50_19', 'N28-329-01', NULL, NULL, NULL, 'WED_9.00-9.50'),
('WED_9.00-9.50_2', 'Block P19-DK4', NULL, NULL, NULL, 'WED_9.00-9.50'),
('WED_9.00-9.50_20', 'N28-330-01', NULL, NULL, NULL, 'WED_9.00-9.50'),
('WED_9.00-9.50_21', 'N28-350-03', NULL, NULL, NULL, 'WED_9.00-9.50'),
('WED_9.00-9.50_22', 'N28-351-02', NULL, NULL, NULL, 'WED_9.00-9.50'),
('WED_9.00-9.50_23', 'N28-352-01', NULL, NULL, NULL, 'WED_9.00-9.50'),
('WED_9.00-9.50_24', 'N28-422-01', NULL, NULL, NULL, 'WED_9.00-9.50'),
('WED_9.00-9.50_25', 'N28-423-01', NULL, NULL, NULL, 'WED_9.00-9.50'),
('WED_9.00-9.50_26', 'N28-502-01', NULL, NULL, NULL, 'WED_9.00-9.50'),
('WED_9.00-9.50_27', 'N28-505-01', NULL, NULL, NULL, 'WED_9.00-9.50'),
('WED_9.00-9.50_28', 'N28-506-01', NULL, NULL, NULL, 'WED_9.00-9.50'),
('WED_9.00-9.50_29', 'N28-512-01', NULL, NULL, NULL, 'WED_9.00-9.50'),
('WED_9.00-9.50_3', 'Block P19-DK5', NULL, NULL, NULL, 'WED_9.00-9.50'),
('WED_9.00-9.50_30', 'N28-516-01', 'Y3/S1', 'LC080', 'SECJ3104_01', 'WED_9.00-9.50'),
('WED_9.00-9.50_31', 'N28-517-02', NULL, NULL, NULL, 'WED_9.00-9.50'),
('WED_9.00-9.50_32', 'N28-518-02', NULL, NULL, NULL, 'WED_9.00-9.50'),
('WED_9.00-9.50_33', 'N28-524-02', NULL, NULL, NULL, 'WED_9.00-9.50'),
('WED_9.00-9.50_34', 'N28-525-01', NULL, NULL, NULL, 'WED_9.00-9.50'),
('WED_9.00-9.50_35', 'N28-527-02', NULL, NULL, NULL, 'WED_9.00-9.50'),
('WED_9.00-9.50_36', 'N28a-01-01', NULL, NULL, NULL, 'WED_9.00-9.50'),
('WED_9.00-9.50_37', 'N28a-01-02', NULL, NULL, NULL, 'WED_9.00-9.50'),
('WED_9.00-9.50_38', 'N28a-01-04', NULL, NULL, NULL, 'WED_9.00-9.50'),
('WED_9.00-9.50_39', 'N28a-01-05', NULL, NULL, NULL, 'WED_9.00-9.50'),
('WED_9.00-9.50_4', 'Block P19-DK6', NULL, NULL, NULL, 'WED_9.00-9.50'),
('WED_9.00-9.50_40', 'N28a-01-07', NULL, NULL, NULL, 'WED_9.00-9.50'),
('WED_9.00-9.50_41', 'N28a-01-15', NULL, NULL, NULL, 'WED_9.00-9.50'),
('WED_9.00-9.50_42', 'N28a-01-16', NULL, NULL, NULL, 'WED_9.00-9.50'),
('WED_9.00-9.50_43', 'N28a-01-19', NULL, NULL, NULL, 'WED_9.00-9.50'),
('WED_9.00-9.50_44', 'N28a-01-20', NULL, NULL, NULL, 'WED_9.00-9.50'),
('WED_9.00-9.50_45', 'N28A-02-33', NULL, NULL, NULL, 'WED_9.00-9.50'),
('WED_9.00-9.50_46', 'N28A-02-34', NULL, NULL, NULL, 'WED_9.00-9.50'),
('WED_9.00-9.50_5', 'N28-105-01', NULL, NULL, NULL, 'WED_9.00-9.50'),
('WED_9.00-9.50_6', 'N28-106-01', NULL, NULL, NULL, 'WED_9.00-9.50'),
('WED_9.00-9.50_7', 'N28-107-01', NULL, NULL, NULL, 'WED_9.00-9.50'),
('WED_9.00-9.50_8', 'N28-108-01', NULL, NULL, NULL, 'WED_9.00-9.50'),
('WED_9.00-9.50_9', 'N28-111-01', NULL, NULL, NULL, 'WED_9.00-9.50');

-- --------------------------------------------------------

--
-- Table structure for table `schedule`
--

CREATE TABLE `schedule` (
  `schedule_id` varchar(255) NOT NULL,
  `classroom_id` varchar(255) NOT NULL,
  `faculty_timetable_id` varchar(255) DEFAULT NULL,
  `lecturer_id` varchar(255) DEFAULT NULL,
  `section_id` varchar(255) DEFAULT NULL,
  `time_slot_id` varchar(255) NOT NULL
) ENGINE=InnoDB DEFAULT CHARSET=utf8mb4 COLLATE=utf8mb4_general_ci;

--
-- Dumping data for table `schedule`
--

INSERT INTO `schedule` (`schedule_id`, `classroom_id`, `faculty_timetable_id`, `lecturer_id`, `section_id`, `time_slot_id`) VALUES
('MON_10.00-10.50_1', 'Block L50', NULL, NULL, NULL, 'MON_10.00-10.50'),
('MON_10.00-10.50_10', 'N28-112-02', NULL, NULL, NULL, 'MON_10.00-10.50'),
('MON_10.00-10.50_11', 'N28-116-02', NULL, NULL, NULL, 'MON_10.00-10.50'),
('MON_10.00-10.50_12', 'N28-202-01', NULL, NULL, NULL, 'MON_10.00-10.50'),
('MON_10.00-10.50_13', 'N28-203-01', NULL, NULL, NULL, 'MON_10.00-10.50'),
('MON_10.00-10.50_14', 'N28-204-01', NULL, NULL, NULL, 'MON_10.00-10.50'),
('MON_10.00-10.50_15', 'N28-223-02', NULL, NULL, NULL, 'MON_10.00-10.50'),
('MON_10.00-10.50_16', 'N28-301-01', NULL, NULL, NULL, 'MON_10.00-10.50'),
('MON_10.00-10.50_17', 'N28-321-02', NULL, NULL, NULL, 'MON_10.00-10.50'),
('MON_10.00-10.50_18', 'N28-322-02', NULL, NULL, NULL, 'MON_10.00-10.50'),
('MON_10.00-10.50_19', 'N28-329-01', NULL, NULL, NULL, 'MON_10.00-10.50'),
('MON_10.00-10.50_2', 'Block P19-DK4', NULL, NULL, NULL, 'MON_10.00-10.50'),
('MON_10.00-10.50_20', 'N28-330-01', NULL, NULL, NULL, 'MON_10.00-10.50'),
('MON_10.00-10.50_21', 'N28-350-03', NULL, NULL, NULL, 'MON_10.00-10.50'),
('MON_10.00-10.50_22', 'N28-351-02', 'Y3/S1', 'LC064', 'SECJ3303_04', 'MON_10.00-10.50'),
('MON_10.00-10.50_23', 'N28-352-01', NULL, NULL, NULL, 'MON_10.00-10.50'),
('MON_10.00-10.50_24', 'N28-422-01', NULL, NULL, NULL, 'MON_10.00-10.50'),
('MON_10.00-10.50_25', 'N28-423-01', NULL, NULL, NULL, 'MON_10.00-10.50'),
('MON_10.00-10.50_26', 'N28-502-01', NULL, NULL, NULL, 'MON_10.00-10.50'),
('MON_10.00-10.50_27', 'N28-505-01', NULL, NULL, NULL, 'MON_10.00-10.50'),
('MON_10.00-10.50_28', 'N28-506-01', NULL, NULL, NULL, 'MON_10.00-10.50'),
('MON_10.00-10.50_29', 'N28-512-01', NULL, NULL, NULL, 'MON_10.00-10.50'),
('MON_10.00-10.50_3', 'Block P19-DK5', NULL, NULL, NULL, 'MON_10.00-10.50'),
('MON_10.00-10.50_30', 'N28-516-01', NULL, NULL, NULL, 'MON_10.00-10.50'),
('MON_10.00-10.50_31', 'N28-517-02', NULL, NULL, NULL, 'MON_10.00-10.50'),
('MON_10.00-10.50_32', 'N28-518-02', NULL, NULL, NULL, 'MON_10.00-10.50'),
('MON_10.00-10.50_33', 'N28-524-02', NULL, NULL, NULL, 'MON_10.00-10.50'),
('MON_10.00-10.50_34', 'N28-525-01', NULL, NULL, NULL, 'MON_10.00-10.50'),
('MON_10.00-10.50_35', 'N28-527-02', NULL, NULL, NULL, 'MON_10.00-10.50'),
('MON_10.00-10.50_36', 'N28a-01-01', NULL, NULL, NULL, 'MON_10.00-10.50'),
('MON_10.00-10.50_37', 'N28a-01-02', NULL, NULL, NULL, 'MON_10.00-10.50'),
('MON_10.00-10.50_38', 'N28a-01-04', NULL, NULL, NULL, 'MON_10.00-10.50'),
('MON_10.00-10.50_39', 'N28a-01-05', NULL, NULL, NULL, 'MON_10.00-10.50'),
('MON_10.00-10.50_4', 'Block P19-DK6', NULL, NULL, NULL, 'MON_10.00-10.50'),
('MON_10.00-10.50_40', 'N28a-01-07', NULL, NULL, NULL, 'MON_10.00-10.50'),
('MON_10.00-10.50_41', 'N28a-01-15', NULL, NULL, NULL, 'MON_10.00-10.50'),
('MON_10.00-10.50_42', 'N28a-01-16', NULL, NULL, NULL, 'MON_10.00-10.50'),
('MON_10.00-10.50_43', 'N28a-01-19', NULL, NULL, NULL, 'MON_10.00-10.50'),
('MON_10.00-10.50_44', 'N28a-01-20', NULL, NULL, NULL, 'MON_10.00-10.50'),
('MON_10.00-10.50_45', 'N28A-02-33', NULL, NULL, NULL, 'MON_10.00-10.50'),
('MON_10.00-10.50_46', 'N28A-02-34', NULL, NULL, NULL, 'MON_10.00-10.50'),
('MON_10.00-10.50_5', 'N28-105-01', NULL, NULL, NULL, 'MON_10.00-10.50'),
('MON_10.00-10.50_6', 'N28-106-01', NULL, NULL, NULL, 'MON_10.00-10.50'),
('MON_10.00-10.50_7', 'N28-107-01', NULL, NULL, NULL, 'MON_10.00-10.50'),
('MON_10.00-10.50_8', 'N28-108-01', NULL, NULL, NULL, 'MON_10.00-10.50'),
('MON_10.00-10.50_9', 'N28-111-01', NULL, NULL, NULL, 'MON_10.00-10.50'),
('MON_11.00-11.50_1', 'Block L50', NULL, NULL, NULL, 'MON_11.00-11.50'),
('MON_11.00-11.50_10', 'N28-112-02', NULL, NULL, NULL, 'MON_11.00-11.50'),
('MON_11.00-11.50_11', 'N28-116-02', NULL, NULL, NULL, 'MON_11.00-11.50'),
('MON_11.00-11.50_12', 'N28-202-01', NULL, NULL, NULL, 'MON_11.00-11.50'),
('MON_11.00-11.50_13', 'N28-203-01', NULL, NULL, NULL, 'MON_11.00-11.50'),
('MON_11.00-11.50_14', 'N28-204-01', NULL, NULL, NULL, 'MON_11.00-11.50'),
('MON_11.00-11.50_15', 'N28-223-02', NULL, NULL, NULL, 'MON_11.00-11.50'),
('MON_11.00-11.50_16', 'N28-301-01', NULL, NULL, NULL, 'MON_11.00-11.50'),
('MON_11.00-11.50_17', 'N28-321-02', NULL, NULL, NULL, 'MON_11.00-11.50'),
('MON_11.00-11.50_18', 'N28-322-02', NULL, NULL, NULL, 'MON_11.00-11.50'),
('MON_11.00-11.50_19', 'N28-329-01', NULL, NULL, NULL, 'MON_11.00-11.50'),
('MON_11.00-11.50_2', 'Block P19-DK4', NULL, NULL, NULL, 'MON_11.00-11.50'),
('MON_11.00-11.50_20', 'N28-330-01', NULL, NULL, NULL, 'MON_11.00-11.50'),
('MON_11.00-11.50_21', 'N28-350-03', NULL, NULL, NULL, 'MON_11.00-11.50'),
('MON_11.00-11.50_22', 'N28-351-02', 'Y3/S1', 'LC064', 'SECJ3303_04', 'MON_11.00-11.50'),
('MON_11.00-11.50_23', 'N28-352-01', NULL, NULL, NULL, 'MON_11.00-11.50'),
('MON_11.00-11.50_24', 'N28-422-01', NULL, NULL, NULL, 'MON_11.00-11.50'),
('MON_11.00-11.50_25', 'N28-423-01', NULL, NULL, NULL, 'MON_11.00-11.50'),
('MON_11.00-11.50_26', 'N28-502-01', NULL, NULL, NULL, 'MON_11.00-11.50'),
('MON_11.00-11.50_27', 'N28-505-01', NULL, NULL, NULL, 'MON_11.00-11.50'),
('MON_11.00-11.50_28', 'N28-506-01', NULL, NULL, NULL, 'MON_11.00-11.50'),
('MON_11.00-11.50_29', 'N28-512-01', NULL, NULL, NULL, 'MON_11.00-11.50'),
('MON_11.00-11.50_3', 'Block P19-DK5', NULL, NULL, NULL, 'MON_11.00-11.50'),
('MON_11.00-11.50_30', 'N28-516-01', NULL, NULL, NULL, 'MON_11.00-11.50'),
('MON_11.00-11.50_31', 'N28-517-02', NULL, NULL, NULL, 'MON_11.00-11.50'),
('MON_11.00-11.50_32', 'N28-518-02', NULL, NULL, NULL, 'MON_11.00-11.50'),
('MON_11.00-11.50_33', 'N28-524-02', NULL, NULL, NULL, 'MON_11.00-11.50'),
('MON_11.00-11.50_34', 'N28-525-01', NULL, NULL, NULL, 'MON_11.00-11.50'),
('MON_11.00-11.50_35', 'N28-527-02', NULL, NULL, NULL, 'MON_11.00-11.50'),
('MON_11.00-11.50_36', 'N28a-01-01', NULL, NULL, NULL, 'MON_11.00-11.50'),
('MON_11.00-11.50_37', 'N28a-01-02', NULL, NULL, NULL, 'MON_11.00-11.50'),
('MON_11.00-11.50_38', 'N28a-01-04', NULL, NULL, NULL, 'MON_11.00-11.50'),
('MON_11.00-11.50_39', 'N28a-01-05', NULL, NULL, NULL, 'MON_11.00-11.50'),
('MON_11.00-11.50_4', 'Block P19-DK6', NULL, NULL, NULL, 'MON_11.00-11.50'),
('MON_11.00-11.50_40', 'N28a-01-07', NULL, NULL, NULL, 'MON_11.00-11.50'),
('MON_11.00-11.50_41', 'N28a-01-15', NULL, NULL, NULL, 'MON_11.00-11.50'),
('MON_11.00-11.50_42', 'N28a-01-16', NULL, NULL, NULL, 'MON_11.00-11.50'),
('MON_11.00-11.50_43', 'N28a-01-19', NULL, NULL, NULL, 'MON_11.00-11.50'),
('MON_11.00-11.50_44', 'N28a-01-20', NULL, NULL, NULL, 'MON_11.00-11.50'),
('MON_11.00-11.50_45', 'N28A-02-33', NULL, NULL, NULL, 'MON_11.00-11.50'),
('MON_11.00-11.50_46', 'N28A-02-34', NULL, NULL, NULL, 'MON_11.00-11.50'),
('MON_11.00-11.50_5', 'N28-105-01', NULL, NULL, NULL, 'MON_11.00-11.50'),
('MON_11.00-11.50_6', 'N28-106-01', NULL, NULL, NULL, 'MON_11.00-11.50'),
('MON_11.00-11.50_7', 'N28-107-01', NULL, NULL, NULL, 'MON_11.00-11.50'),
('MON_11.00-11.50_8', 'N28-108-01', NULL, NULL, NULL, 'MON_11.00-11.50'),
('MON_11.00-11.50_9', 'N28-111-01', NULL, NULL, NULL, 'MON_11.00-11.50'),
('MON_12.00-12.50_1', 'Block L50', NULL, NULL, NULL, 'MON_12.00-12.50'),
('MON_12.00-12.50_10', 'N28-112-02', NULL, NULL, NULL, 'MON_12.00-12.50'),
('MON_12.00-12.50_11', 'N28-116-02', NULL, NULL, NULL, 'MON_12.00-12.50'),
('MON_12.00-12.50_12', 'N28-202-01', NULL, NULL, NULL, 'MON_12.00-12.50'),
('MON_12.00-12.50_13', 'N28-203-01', NULL, NULL, NULL, 'MON_12.00-12.50'),
('MON_12.00-12.50_14', 'N28-204-01', NULL, NULL, NULL, 'MON_12.00-12.50'),
('MON_12.00-12.50_15', 'N28-223-02', NULL, NULL, NULL, 'MON_12.00-12.50'),
('MON_12.00-12.50_16', 'N28-301-01', NULL, NULL, NULL, 'MON_12.00-12.50'),
('MON_12.00-12.50_17', 'N28-321-02', NULL, NULL, NULL, 'MON_12.00-12.50'),
('MON_12.00-12.50_18', 'N28-322-02', NULL, NULL, NULL, 'MON_12.00-12.50'),
('MON_12.00-12.50_19', 'N28-329-01', NULL, NULL, NULL, 'MON_12.00-12.50'),
('MON_12.00-12.50_2', 'Block P19-DK4', NULL, NULL, NULL, 'MON_12.00-12.50'),
('MON_12.00-12.50_20', 'N28-330-01', NULL, NULL, NULL, 'MON_12.00-12.50'),
('MON_12.00-12.50_21', 'N28-350-03', NULL, NULL, NULL, 'MON_12.00-12.50'),
('MON_12.00-12.50_22', 'N28-351-02', NULL, NULL, NULL, 'MON_12.00-12.50'),
('MON_12.00-12.50_23', 'N28-352-01', NULL, NULL, NULL, 'MON_12.00-12.50'),
('MON_12.00-12.50_24', 'N28-422-01', NULL, NULL, NULL, 'MON_12.00-12.50'),
('MON_12.00-12.50_25', 'N28-423-01', NULL, NULL, NULL, 'MON_12.00-12.50'),
('MON_12.00-12.50_26', 'N28-502-01', NULL, NULL, NULL, 'MON_12.00-12.50'),
('MON_12.00-12.50_27', 'N28-505-01', NULL, NULL, NULL, 'MON_12.00-12.50'),
('MON_12.00-12.50_28', 'N28-506-01', NULL, NULL, NULL, 'MON_12.00-12.50'),
('MON_12.00-12.50_29', 'N28-512-01', NULL, NULL, NULL, 'MON_12.00-12.50'),
('MON_12.00-12.50_3', 'Block P19-DK5', NULL, NULL, NULL, 'MON_12.00-12.50'),
('MON_12.00-12.50_30', 'N28-516-01', NULL, NULL, NULL, 'MON_12.00-12.50'),
('MON_12.00-12.50_31', 'N28-517-02', NULL, NULL, NULL, 'MON_12.00-12.50'),
('MON_12.00-12.50_32', 'N28-518-02', NULL, NULL, NULL, 'MON_12.00-12.50'),
('MON_12.00-12.50_33', 'N28-524-02', NULL, NULL, NULL, 'MON_12.00-12.50'),
('MON_12.00-12.50_34', 'N28-525-01', NULL, NULL, NULL, 'MON_12.00-12.50'),
('MON_12.00-12.50_35', 'N28-527-02', NULL, NULL, NULL, 'MON_12.00-12.50'),
('MON_12.00-12.50_36', 'N28a-01-01', NULL, NULL, NULL, 'MON_12.00-12.50'),
('MON_12.00-12.50_37', 'N28a-01-02', NULL, NULL, NULL, 'MON_12.00-12.50'),
('MON_12.00-12.50_38', 'N28a-01-04', NULL, NULL, NULL, 'MON_12.00-12.50'),
('MON_12.00-12.50_39', 'N28a-01-05', NULL, NULL, NULL, 'MON_12.00-12.50'),
('MON_12.00-12.50_4', 'Block P19-DK6', NULL, NULL, NULL, 'MON_12.00-12.50'),
('MON_12.00-12.50_40', 'N28a-01-07', NULL, NULL, NULL, 'MON_12.00-12.50'),
('MON_12.00-12.50_41', 'N28a-01-15', NULL, NULL, NULL, 'MON_12.00-12.50'),
('MON_12.00-12.50_42', 'N28a-01-16', NULL, NULL, NULL, 'MON_12.00-12.50'),
('MON_12.00-12.50_43', 'N28a-01-19', NULL, NULL, NULL, 'MON_12.00-12.50'),
('MON_12.00-12.50_44', 'N28a-01-20', NULL, NULL, NULL, 'MON_12.00-12.50'),
('MON_12.00-12.50_45', 'N28A-02-33', NULL, NULL, NULL, 'MON_12.00-12.50'),
('MON_12.00-12.50_46', 'N28A-02-34', NULL, NULL, NULL, 'MON_12.00-12.50'),
('MON_12.00-12.50_5', 'N28-105-01', NULL, NULL, NULL, 'MON_12.00-12.50'),
('MON_12.00-12.50_6', 'N28-106-01', NULL, NULL, NULL, 'MON_12.00-12.50'),
('MON_12.00-12.50_7', 'N28-107-01', NULL, NULL, NULL, 'MON_12.00-12.50'),
('MON_12.00-12.50_8', 'N28-108-01', NULL, NULL, NULL, 'MON_12.00-12.50'),
('MON_12.00-12.50_9', 'N28-111-01', NULL, NULL, NULL, 'MON_12.00-12.50'),
('MON_2.00-2.50_1', 'Block L50', NULL, NULL, NULL, 'MON_2.00-2.50'),
('MON_2.00-2.50_10', 'N28-112-02', NULL, NULL, NULL, 'MON_2.00-2.50'),
('MON_2.00-2.50_11', 'N28-116-02', NULL, NULL, NULL, 'MON_2.00-2.50'),
('MON_2.00-2.50_12', 'N28-202-01', NULL, NULL, NULL, 'MON_2.00-2.50'),
('MON_2.00-2.50_13', 'N28-203-01', NULL, NULL, NULL, 'MON_2.00-2.50'),
('MON_2.00-2.50_14', 'N28-204-01', NULL, NULL, NULL, 'MON_2.00-2.50'),
('MON_2.00-2.50_15', 'N28-223-02', NULL, NULL, NULL, 'MON_2.00-2.50'),
('MON_2.00-2.50_16', 'N28-301-01', NULL, NULL, NULL, 'MON_2.00-2.50'),
('MON_2.00-2.50_17', 'N28-321-02', NULL, NULL, NULL, 'MON_2.00-2.50'),
('MON_2.00-2.50_18', 'N28-322-02', NULL, NULL, NULL, 'MON_2.00-2.50'),
('MON_2.00-2.50_19', 'N28-329-01', NULL, NULL, NULL, 'MON_2.00-2.50'),
('MON_2.00-2.50_2', 'Block P19-DK4', NULL, NULL, NULL, 'MON_2.00-2.50'),
('MON_2.00-2.50_20', 'N28-330-01', NULL, NULL, NULL, 'MON_2.00-2.50'),
('MON_2.00-2.50_21', 'N28-350-03', NULL, NULL, NULL, 'MON_2.00-2.50'),
('MON_2.00-2.50_22', 'N28-351-02', NULL, NULL, NULL, 'MON_2.00-2.50'),
('MON_2.00-2.50_23', 'N28-352-01', NULL, NULL, NULL, 'MON_2.00-2.50'),
('MON_2.00-2.50_24', 'N28-422-01', NULL, NULL, NULL, 'MON_2.00-2.50'),
('MON_2.00-2.50_25', 'N28-423-01', NULL, NULL, NULL, 'MON_2.00-2.50'),
('MON_2.00-2.50_26', 'N28-502-01', NULL, NULL, NULL, 'MON_2.00-2.50'),
('MON_2.00-2.50_27', 'N28-505-01', NULL, NULL, NULL, 'MON_2.00-2.50'),
('MON_2.00-2.50_28', 'N28-506-01', NULL, NULL, NULL, 'MON_2.00-2.50'),
('MON_2.00-2.50_29', 'N28-512-01', NULL, NULL, NULL, 'MON_2.00-2.50'),
('MON_2.00-2.50_3', 'Block P19-DK5', NULL, NULL, NULL, 'MON_2.00-2.50'),
('MON_2.00-2.50_30', 'N28-516-01', 'Y3/S1', 'LC080', 'SECJ3104_01', 'MON_2.00-2.50'),
('MON_2.00-2.50_31', 'N28-517-02', NULL, NULL, NULL, 'MON_2.00-2.50'),
('MON_2.00-2.50_32', 'N28-518-02', NULL, NULL, NULL, 'MON_2.00-2.50'),
('MON_2.00-2.50_33', 'N28-524-02', NULL, NULL, NULL, 'MON_2.00-2.50'),
('MON_2.00-2.50_34', 'N28-525-01', NULL, NULL, NULL, 'MON_2.00-2.50'),
('MON_2.00-2.50_35', 'N28-527-02', NULL, NULL, NULL, 'MON_2.00-2.50'),
('MON_2.00-2.50_36', 'N28a-01-01', NULL, NULL, NULL, 'MON_2.00-2.50'),
('MON_2.00-2.50_37', 'N28a-01-02', NULL, NULL, NULL, 'MON_2.00-2.50'),
('MON_2.00-2.50_38', 'N28a-01-04', NULL, NULL, NULL, 'MON_2.00-2.50'),
('MON_2.00-2.50_39', 'N28a-01-05', NULL, NULL, NULL, 'MON_2.00-2.50'),
('MON_2.00-2.50_4', 'Block P19-DK6', NULL, NULL, NULL, 'MON_2.00-2.50'),
('MON_2.00-2.50_40', 'N28a-01-07', NULL, NULL, NULL, 'MON_2.00-2.50'),
('MON_2.00-2.50_41', 'N28a-01-15', NULL, NULL, NULL, 'MON_2.00-2.50'),
('MON_2.00-2.50_42', 'N28a-01-16', NULL, NULL, NULL, 'MON_2.00-2.50'),
('MON_2.00-2.50_43', 'N28a-01-19', NULL, NULL, NULL, 'MON_2.00-2.50'),
('MON_2.00-2.50_44', 'N28a-01-20', NULL, NULL, NULL, 'MON_2.00-2.50'),
('MON_2.00-2.50_45', 'N28A-02-33', NULL, NULL, NULL, 'MON_2.00-2.50'),
('MON_2.00-2.50_46', 'N28A-02-34', NULL, NULL, NULL, 'MON_2.00-2.50'),
('MON_2.00-2.50_5', 'N28-105-01', NULL, NULL, NULL, 'MON_2.00-2.50'),
('MON_2.00-2.50_6', 'N28-106-01', NULL, NULL, NULL, 'MON_2.00-2.50'),
('MON_2.00-2.50_7', 'N28-107-01', NULL, NULL, NULL, 'MON_2.00-2.50'),
('MON_2.00-2.50_8', 'N28-108-01', NULL, NULL, NULL, 'MON_2.00-2.50'),
('MON_2.00-2.50_9', 'N28-111-01', NULL, NULL, NULL, 'MON_2.00-2.50'),
('MON_3.00-3.50_1', 'Block L50', NULL, NULL, NULL, 'MON_3.00-3.50'),
('MON_3.00-3.50_10', 'N28-112-02', NULL, NULL, NULL, 'MON_3.00-3.50'),
('MON_3.00-3.50_11', 'N28-116-02', NULL, NULL, NULL, 'MON_3.00-3.50'),
('MON_3.00-3.50_12', 'N28-202-01', NULL, NULL, NULL, 'MON_3.00-3.50'),
('MON_3.00-3.50_13', 'N28-203-01', NULL, NULL, NULL, 'MON_3.00-3.50'),
('MON_3.00-3.50_14', 'N28-204-01', NULL, NULL, NULL, 'MON_3.00-3.50'),
('MON_3.00-3.50_15', 'N28-223-02', NULL, NULL, NULL, 'MON_3.00-3.50'),
('MON_3.00-3.50_16', 'N28-301-01', NULL, NULL, NULL, 'MON_3.00-3.50'),
('MON_3.00-3.50_17', 'N28-321-02', NULL, NULL, NULL, 'MON_3.00-3.50'),
('MON_3.00-3.50_18', 'N28-322-02', NULL, NULL, NULL, 'MON_3.00-3.50'),
('MON_3.00-3.50_19', 'N28-329-01', NULL, NULL, NULL, 'MON_3.00-3.50'),
('MON_3.00-3.50_2', 'Block P19-DK4', NULL, NULL, NULL, 'MON_3.00-3.50'),
('MON_3.00-3.50_20', 'N28-330-01', NULL, NULL, NULL, 'MON_3.00-3.50'),
('MON_3.00-3.50_21', 'N28-350-03', NULL, NULL, NULL, 'MON_3.00-3.50'),
('MON_3.00-3.50_22', 'N28-351-02', NULL, NULL, NULL, 'MON_3.00-3.50'),
('MON_3.00-3.50_23', 'N28-352-01', NULL, NULL, NULL, 'MON_3.00-3.50'),
('MON_3.00-3.50_24', 'N28-422-01', NULL, NULL, NULL, 'MON_3.00-3.50'),
('MON_3.00-3.50_25', 'N28-423-01', NULL, NULL, NULL, 'MON_3.00-3.50'),
('MON_3.00-3.50_26', 'N28-502-01', NULL, NULL, NULL, 'MON_3.00-3.50'),
('MON_3.00-3.50_27', 'N28-505-01', NULL, NULL, NULL, 'MON_3.00-3.50'),
('MON_3.00-3.50_28', 'N28-506-01', NULL, NULL, NULL, 'MON_3.00-3.50'),
('MON_3.00-3.50_29', 'N28-512-01', NULL, NULL, NULL, 'MON_3.00-3.50'),
('MON_3.00-3.50_3', 'Block P19-DK5', NULL, NULL, NULL, 'MON_3.00-3.50'),
('MON_3.00-3.50_30', 'N28-516-01', 'Y3/S1', 'LC080', 'SECJ3104_01', 'MON_3.00-3.50'),
('MON_3.00-3.50_31', 'N28-517-02', NULL, NULL, NULL, 'MON_3.00-3.50'),
('MON_3.00-3.50_32', 'N28-518-02', NULL, NULL, NULL, 'MON_3.00-3.50'),
('MON_3.00-3.50_33', 'N28-524-02', NULL, NULL, NULL, 'MON_3.00-3.50'),
('MON_3.00-3.50_34', 'N28-525-01', NULL, NULL, NULL, 'MON_3.00-3.50'),
('MON_3.00-3.50_35', 'N28-527-02', NULL, NULL, NULL, 'MON_3.00-3.50'),
('MON_3.00-3.50_36', 'N28a-01-01', NULL, NULL, NULL, 'MON_3.00-3.50'),
('MON_3.00-3.50_37', 'N28a-01-02', NULL, NULL, NULL, 'MON_3.00-3.50'),
('MON_3.00-3.50_38', 'N28a-01-04', NULL, NULL, NULL, 'MON_3.00-3.50'),
('MON_3.00-3.50_39', 'N28a-01-05', NULL, NULL, NULL, 'MON_3.00-3.50'),
('MON_3.00-3.50_4', 'Block P19-DK6', NULL, NULL, NULL, 'MON_3.00-3.50'),
('MON_3.00-3.50_40', 'N28a-01-07', NULL, NULL, NULL, 'MON_3.00-3.50'),
('MON_3.00-3.50_41', 'N28a-01-15', NULL, NULL, NULL, 'MON_3.00-3.50'),
('MON_3.00-3.50_42', 'N28a-01-16', NULL, NULL, NULL, 'MON_3.00-3.50'),
('MON_3.00-3.50_43', 'N28a-01-19', NULL, NULL, NULL, 'MON_3.00-3.50'),
('MON_3.00-3.50_44', 'N28a-01-20', NULL, NULL, NULL, 'MON_3.00-3.50'),
('MON_3.00-3.50_45', 'N28A-02-33', NULL, NULL, NULL, 'MON_3.00-3.50'),
('MON_3.00-3.50_46', 'N28A-02-34', NULL, NULL, NULL, 'MON_3.00-3.50'),
('MON_3.00-3.50_5', 'N28-105-01', NULL, NULL, NULL, 'MON_3.00-3.50'),
('MON_3.00-3.50_6', 'N28-106-01', NULL, NULL, NULL, 'MON_3.00-3.50'),
('MON_3.00-3.50_7', 'N28-107-01', NULL, NULL, NULL, 'MON_3.00-3.50'),
('MON_3.00-3.50_8', 'N28-108-01', NULL, NULL, NULL, 'MON_3.00-3.50'),
('MON_3.00-3.50_9', 'N28-111-01', NULL, NULL, NULL, 'MON_3.00-3.50'),
('MON_4.00-4.50_1', 'Block L50', NULL, NULL, NULL, 'MON_4.00-4.50'),
('MON_4.00-4.50_10', 'N28-112-02', NULL, NULL, NULL, 'MON_4.00-4.50'),
('MON_4.00-4.50_11', 'N28-116-02', NULL, NULL, NULL, 'MON_4.00-4.50'),
('MON_4.00-4.50_12', 'N28-202-01', NULL, NULL, NULL, 'MON_4.00-4.50'),
('MON_4.00-4.50_13', 'N28-203-01', NULL, NULL, NULL, 'MON_4.00-4.50'),
('MON_4.00-4.50_14', 'N28-204-01', NULL, NULL, NULL, 'MON_4.00-4.50'),
('MON_4.00-4.50_15', 'N28-223-02', NULL, NULL, NULL, 'MON_4.00-4.50'),
('MON_4.00-4.50_16', 'N28-301-01', NULL, NULL, NULL, 'MON_4.00-4.50'),
('MON_4.00-4.50_17', 'N28-321-02', NULL, NULL, NULL, 'MON_4.00-4.50'),
('MON_4.00-4.50_18', 'N28-322-02', NULL, NULL, NULL, 'MON_4.00-4.50'),
('MON_4.00-4.50_19', 'N28-329-01', NULL, NULL, NULL, 'MON_4.00-4.50'),
('MON_4.00-4.50_2', 'Block P19-DK4', NULL, NULL, NULL, 'MON_4.00-4.50'),
('MON_4.00-4.50_20', 'N28-330-01', NULL, NULL, NULL, 'MON_4.00-4.50'),
('MON_4.00-4.50_21', 'N28-350-03', NULL, NULL, NULL, 'MON_4.00-4.50'),
('MON_4.00-4.50_22', 'N28-351-02', NULL, NULL, NULL, 'MON_4.00-4.50'),
('MON_4.00-4.50_23', 'N28-352-01', NULL, NULL, NULL, 'MON_4.00-4.50'),
('MON_4.00-4.50_24', 'N28-422-01', NULL, NULL, NULL, 'MON_4.00-4.50'),
('MON_4.00-4.50_25', 'N28-423-01', NULL, NULL, NULL, 'MON_4.00-4.50'),
('MON_4.00-4.50_26', 'N28-502-01', NULL, NULL, NULL, 'MON_4.00-4.50'),
('MON_4.00-4.50_27', 'N28-505-01', NULL, NULL, NULL, 'MON_4.00-4.50'),
('MON_4.00-4.50_28', 'N28-506-01', NULL, NULL, NULL, 'MON_4.00-4.50'),
('MON_4.00-4.50_29', 'N28-512-01', NULL, NULL, NULL, 'MON_4.00-4.50'),
('MON_4.00-4.50_3', 'Block P19-DK5', NULL, NULL, NULL, 'MON_4.00-4.50'),
('MON_4.00-4.50_30', 'N28-516-01', NULL, NULL, NULL, 'MON_4.00-4.50'),
('MON_4.00-4.50_31', 'N28-517-02', NULL, NULL, NULL, 'MON_4.00-4.50'),
('MON_4.00-4.50_32', 'N28-518-02', NULL, NULL, NULL, 'MON_4.00-4.50'),
('MON_4.00-4.50_33', 'N28-524-02', NULL, NULL, NULL, 'MON_4.00-4.50'),
('MON_4.00-4.50_34', 'N28-525-01', NULL, NULL, NULL, 'MON_4.00-4.50'),
('MON_4.00-4.50_35', 'N28-527-02', NULL, NULL, NULL, 'MON_4.00-4.50'),
('MON_4.00-4.50_36', 'N28a-01-01', NULL, NULL, NULL, 'MON_4.00-4.50'),
('MON_4.00-4.50_37', 'N28a-01-02', NULL, NULL, NULL, 'MON_4.00-4.50'),
('MON_4.00-4.50_38', 'N28a-01-04', NULL, NULL, NULL, 'MON_4.00-4.50'),
('MON_4.00-4.50_39', 'N28a-01-05', NULL, NULL, NULL, 'MON_4.00-4.50'),
('MON_4.00-4.50_4', 'Block P19-DK6', NULL, NULL, NULL, 'MON_4.00-4.50'),
('MON_4.00-4.50_40', 'N28a-01-07', NULL, NULL, NULL, 'MON_4.00-4.50'),
('MON_4.00-4.50_41', 'N28a-01-15', NULL, NULL, NULL, 'MON_4.00-4.50'),
('MON_4.00-4.50_42', 'N28a-01-16', NULL, NULL, NULL, 'MON_4.00-4.50'),
('MON_4.00-4.50_43', 'N28a-01-19', NULL, NULL, NULL, 'MON_4.00-4.50'),
('MON_4.00-4.50_44', 'N28a-01-20', NULL, NULL, NULL, 'MON_4.00-4.50'),
('MON_4.00-4.50_45', 'N28A-02-33', NULL, NULL, NULL, 'MON_4.00-4.50'),
('MON_4.00-4.50_46', 'N28A-02-34', NULL, NULL, NULL, 'MON_4.00-4.50'),
('MON_4.00-4.50_5', 'N28-105-01', NULL, NULL, NULL, 'MON_4.00-4.50'),
('MON_4.00-4.50_6', 'N28-106-01', NULL, NULL, NULL, 'MON_4.00-4.50'),
('MON_4.00-4.50_7', 'N28-107-01', NULL, NULL, NULL, 'MON_4.00-4.50'),
('MON_4.00-4.50_8', 'N28-108-01', NULL, NULL, NULL, 'MON_4.00-4.50'),
('MON_4.00-4.50_9', 'N28-111-01', NULL, NULL, NULL, 'MON_4.00-4.50'),
('MON_8.00-8.50_1', 'Block L50', NULL, NULL, NULL, 'MON_8.00-8.50'),
('MON_8.00-8.50_10', 'N28-112-02', NULL, NULL, NULL, 'MON_8.00-8.50'),
('MON_8.00-8.50_11', 'N28-116-02', NULL, NULL, NULL, 'MON_8.00-8.50'),
('MON_8.00-8.50_12', 'N28-202-01', NULL, NULL, NULL, 'MON_8.00-8.50'),
('MON_8.00-8.50_13', 'N28-203-01', NULL, NULL, NULL, 'MON_8.00-8.50'),
('MON_8.00-8.50_14', 'N28-204-01', NULL, NULL, NULL, 'MON_8.00-8.50'),
('MON_8.00-8.50_15', 'N28-223-02', NULL, NULL, NULL, 'MON_8.00-8.50'),
('MON_8.00-8.50_16', 'N28-301-01', NULL, NULL, NULL, 'MON_8.00-8.50'),
('MON_8.00-8.50_17', 'N28-321-02', NULL, NULL, NULL, 'MON_8.00-8.50'),
('MON_8.00-8.50_18', 'N28-322-02', NULL, NULL, NULL, 'MON_8.00-8.50'),
('MON_8.00-8.50_19', 'N28-329-01', NULL, NULL, NULL, 'MON_8.00-8.50'),
('MON_8.00-8.50_2', 'Block P19-DK4', NULL, NULL, NULL, 'MON_8.00-8.50'),
('MON_8.00-8.50_20', 'N28-330-01', NULL, NULL, NULL, 'MON_8.00-8.50'),
('MON_8.00-8.50_21', 'N28-350-03', NULL, NULL, NULL, 'MON_8.00-8.50'),
('MON_8.00-8.50_22', 'N28-351-02', NULL, NULL, NULL, 'MON_8.00-8.50'),
('MON_8.00-8.50_23', 'N28-352-01', NULL, NULL, NULL, 'MON_8.00-8.50'),
('MON_8.00-8.50_24', 'N28-422-01', NULL, NULL, NULL, 'MON_8.00-8.50'),
('MON_8.00-8.50_25', 'N28-423-01', NULL, NULL, NULL, 'MON_8.00-8.50'),
('MON_8.00-8.50_26', 'N28-502-01', NULL, NULL, NULL, 'MON_8.00-8.50'),
('MON_8.00-8.50_27', 'N28-505-01', NULL, NULL, NULL, 'MON_8.00-8.50'),
('MON_8.00-8.50_28', 'N28-506-01', NULL, NULL, NULL, 'MON_8.00-8.50'),
('MON_8.00-8.50_29', 'N28-512-01', NULL, NULL, NULL, 'MON_8.00-8.50'),
('MON_8.00-8.50_3', 'Block P19-DK5', NULL, NULL, NULL, 'MON_8.00-8.50'),
('MON_8.00-8.50_30', 'N28-516-01', NULL, NULL, NULL, 'MON_8.00-8.50'),
('MON_8.00-8.50_31', 'N28-517-02', NULL, NULL, NULL, 'MON_8.00-8.50'),
('MON_8.00-8.50_32', 'N28-518-02', NULL, NULL, NULL, 'MON_8.00-8.50'),
('MON_8.00-8.50_33', 'N28-524-02', NULL, NULL, NULL, 'MON_8.00-8.50'),
('MON_8.00-8.50_34', 'N28-525-01', NULL, NULL, NULL, 'MON_8.00-8.50'),
('MON_8.00-8.50_35', 'N28-527-02', NULL, NULL, NULL, 'MON_8.00-8.50'),
('MON_8.00-8.50_36', 'N28a-01-01', NULL, NULL, NULL, 'MON_8.00-8.50'),
('MON_8.00-8.50_37', 'N28a-01-02', NULL, NULL, NULL, 'MON_8.00-8.50'),
('MON_8.00-8.50_38', 'N28a-01-04', NULL, NULL, NULL, 'MON_8.00-8.50'),
('MON_8.00-8.50_39', 'N28a-01-05', NULL, NULL, NULL, 'MON_8.00-8.50'),
('MON_8.00-8.50_4', 'Block P19-DK6', NULL, NULL, NULL, 'MON_8.00-8.50'),
('MON_8.00-8.50_40', 'N28a-01-07', NULL, NULL, NULL, 'MON_8.00-8.50'),
('MON_8.00-8.50_41', 'N28a-01-15', NULL, NULL, NULL, 'MON_8.00-8.50'),
('MON_8.00-8.50_42', 'N28a-01-16', NULL, NULL, NULL, 'MON_8.00-8.50'),
('MON_8.00-8.50_43', 'N28a-01-19', NULL, NULL, NULL, 'MON_8.00-8.50'),
('MON_8.00-8.50_44', 'N28a-01-20', NULL, NULL, NULL, 'MON_8.00-8.50'),
('MON_8.00-8.50_45', 'N28A-02-33', NULL, NULL, NULL, 'MON_8.00-8.50'),
('MON_8.00-8.50_46', 'N28A-02-34', NULL, NULL, NULL, 'MON_8.00-8.50'),
('MON_8.00-8.50_5', 'N28-105-01', NULL, NULL, NULL, 'MON_8.00-8.50'),
('MON_8.00-8.50_6', 'N28-106-01', NULL, NULL, NULL, 'MON_8.00-8.50'),
('MON_8.00-8.50_7', 'N28-107-01', NULL, NULL, NULL, 'MON_8.00-8.50'),
('MON_8.00-8.50_8', 'N28-108-01', NULL, NULL, NULL, 'MON_8.00-8.50'),
('MON_8.00-8.50_9', 'N28-111-01', NULL, NULL, NULL, 'MON_8.00-8.50'),
('MON_9.00-9.50_1', 'Block L50', NULL, NULL, NULL, 'MON_9.00-9.50'),
('MON_9.00-9.50_10', 'N28-112-02', NULL, NULL, NULL, 'MON_9.00-9.50'),
('MON_9.00-9.50_11', 'N28-116-02', NULL, NULL, NULL, 'MON_9.00-9.50'),
('MON_9.00-9.50_12', 'N28-202-01', NULL, NULL, NULL, 'MON_9.00-9.50'),
('MON_9.00-9.50_13', 'N28-203-01', NULL, NULL, NULL, 'MON_9.00-9.50'),
('MON_9.00-9.50_14', 'N28-204-01', NULL, NULL, NULL, 'MON_9.00-9.50'),
('MON_9.00-9.50_15', 'N28-223-02', NULL, NULL, NULL, 'MON_9.00-9.50'),
('MON_9.00-9.50_16', 'N28-301-01', NULL, NULL, NULL, 'MON_9.00-9.50'),
('MON_9.00-9.50_17', 'N28-321-02', NULL, NULL, NULL, 'MON_9.00-9.50'),
('MON_9.00-9.50_18', 'N28-322-02', NULL, NULL, NULL, 'MON_9.00-9.50'),
('MON_9.00-9.50_19', 'N28-329-01', NULL, NULL, NULL, 'MON_9.00-9.50'),
('MON_9.00-9.50_2', 'Block P19-DK4', NULL, NULL, NULL, 'MON_9.00-9.50'),
('MON_9.00-9.50_20', 'N28-330-01', NULL, NULL, NULL, 'MON_9.00-9.50'),
('MON_9.00-9.50_21', 'N28-350-03', NULL, NULL, NULL, 'MON_9.00-9.50'),
('MON_9.00-9.50_22', 'N28-351-02', NULL, NULL, NULL, 'MON_9.00-9.50'),
('MON_9.00-9.50_23', 'N28-352-01', NULL, NULL, NULL, 'MON_9.00-9.50'),
('MON_9.00-9.50_24', 'N28-422-01', NULL, NULL, NULL, 'MON_9.00-9.50'),
('MON_9.00-9.50_25', 'N28-423-01', NULL, NULL, NULL, 'MON_9.00-9.50'),
('MON_9.00-9.50_26', 'N28-502-01', NULL, NULL, NULL, 'MON_9.00-9.50'),
('MON_9.00-9.50_27', 'N28-505-01', NULL, NULL, NULL, 'MON_9.00-9.50'),
('MON_9.00-9.50_28', 'N28-506-01', NULL, NULL, NULL, 'MON_9.00-9.50'),
('MON_9.00-9.50_29', 'N28-512-01', NULL, NULL, NULL, 'MON_9.00-9.50'),
('MON_9.00-9.50_3', 'Block P19-DK5', NULL, NULL, NULL, 'MON_9.00-9.50'),
('MON_9.00-9.50_30', 'N28-516-01', NULL, NULL, NULL, 'MON_9.00-9.50'),
('MON_9.00-9.50_31', 'N28-517-02', NULL, NULL, NULL, 'MON_9.00-9.50'),
('MON_9.00-9.50_32', 'N28-518-02', NULL, NULL, NULL, 'MON_9.00-9.50'),
('MON_9.00-9.50_33', 'N28-524-02', NULL, NULL, NULL, 'MON_9.00-9.50'),
('MON_9.00-9.50_34', 'N28-525-01', NULL, NULL, NULL, 'MON_9.00-9.50'),
('MON_9.00-9.50_35', 'N28-527-02', NULL, NULL, NULL, 'MON_9.00-9.50'),
('MON_9.00-9.50_36', 'N28a-01-01', NULL, NULL, NULL, 'MON_9.00-9.50'),
('MON_9.00-9.50_37', 'N28a-01-02', NULL, NULL, NULL, 'MON_9.00-9.50'),
('MON_9.00-9.50_38', 'N28a-01-04', NULL, NULL, NULL, 'MON_9.00-9.50'),
('MON_9.00-9.50_39', 'N28a-01-05', NULL, NULL, NULL, 'MON_9.00-9.50'),
('MON_9.00-9.50_4', 'Block P19-DK6', NULL, NULL, NULL, 'MON_9.00-9.50'),
('MON_9.00-9.50_40', 'N28a-01-07', NULL, NULL, NULL, 'MON_9.00-9.50'),
('MON_9.00-9.50_41', 'N28a-01-15', NULL, NULL, NULL, 'MON_9.00-9.50'),
('MON_9.00-9.50_42', 'N28a-01-16', NULL, NULL, NULL, 'MON_9.00-9.50'),
('MON_9.00-9.50_43', 'N28a-01-19', NULL, NULL, NULL, 'MON_9.00-9.50'),
('MON_9.00-9.50_44', 'N28a-01-20', NULL, NULL, NULL, 'MON_9.00-9.50'),
('MON_9.00-9.50_45', 'N28A-02-33', NULL, NULL, NULL, 'MON_9.00-9.50'),
('MON_9.00-9.50_46', 'N28A-02-34', NULL, NULL, NULL, 'MON_9.00-9.50'),
('MON_9.00-9.50_5', 'N28-105-01', NULL, NULL, NULL, 'MON_9.00-9.50'),
('MON_9.00-9.50_6', 'N28-106-01', NULL, NULL, NULL, 'MON_9.00-9.50'),
('MON_9.00-9.50_7', 'N28-107-01', NULL, NULL, NULL, 'MON_9.00-9.50'),
('MON_9.00-9.50_8', 'N28-108-01', NULL, NULL, NULL, 'MON_9.00-9.50'),
('MON_9.00-9.50_9', 'N28-111-01', NULL, NULL, NULL, 'MON_9.00-9.50'),
('SUN_10.00-10.50_1', 'Block L50', NULL, NULL, NULL, 'SUN_10.00-10.50'),
('SUN_10.00-10.50_10', 'N28-112-02', NULL, NULL, NULL, 'SUN_10.00-10.50'),
('SUN_10.00-10.50_11', 'N28-116-02', NULL, NULL, NULL, 'SUN_10.00-10.50'),
('SUN_10.00-10.50_12', 'N28-202-01', NULL, NULL, NULL, 'SUN_10.00-10.50'),
('SUN_10.00-10.50_13', 'N28-203-01', NULL, NULL, NULL, 'SUN_10.00-10.50'),
('SUN_10.00-10.50_14', 'N28-204-01', NULL, NULL, NULL, 'SUN_10.00-10.50'),
('SUN_10.00-10.50_15', 'N28-223-02', NULL, NULL, NULL, 'SUN_10.00-10.50'),
('SUN_10.00-10.50_16', 'N28-301-01', NULL, NULL, NULL, 'SUN_10.00-10.50'),
('SUN_10.00-10.50_17', 'N28-321-02', NULL, NULL, NULL, 'SUN_10.00-10.50'),
('SUN_10.00-10.50_18', 'N28-322-02', NULL, NULL, NULL, 'SUN_10.00-10.50'),
('SUN_10.00-10.50_19', 'N28-329-01', NULL, NULL, NULL, 'SUN_10.00-10.50'),
('SUN_10.00-10.50_2', 'Block P19-DK4', NULL, NULL, NULL, 'SUN_10.00-10.50'),
('SUN_10.00-10.50_20', 'N28-330-01', NULL, NULL, NULL, 'SUN_10.00-10.50'),
('SUN_10.00-10.50_21', 'N28-350-03', NULL, NULL, NULL, 'SUN_10.00-10.50'),
('SUN_10.00-10.50_22', 'N28-351-02', NULL, NULL, NULL, 'SUN_10.00-10.50'),
('SUN_10.00-10.50_23', 'N28-352-01', NULL, NULL, NULL, 'SUN_10.00-10.50'),
('SUN_10.00-10.50_24', 'N28-422-01', NULL, NULL, NULL, 'SUN_10.00-10.50'),
('SUN_10.00-10.50_25', 'N28-423-01', NULL, NULL, NULL, 'SUN_10.00-10.50'),
('SUN_10.00-10.50_26', 'N28-502-01', NULL, NULL, NULL, 'SUN_10.00-10.50'),
('SUN_10.00-10.50_27', 'N28-505-01', NULL, NULL, NULL, 'SUN_10.00-10.50'),
('SUN_10.00-10.50_28', 'N28-506-01', NULL, NULL, NULL, 'SUN_10.00-10.50'),
('SUN_10.00-10.50_29', 'N28-512-01', NULL, NULL, NULL, 'SUN_10.00-10.50'),
('SUN_10.00-10.50_3', 'Block P19-DK5', NULL, NULL, NULL, 'SUN_10.00-10.50'),
('SUN_10.00-10.50_30', 'N28-516-01', NULL, NULL, NULL, 'SUN_10.00-10.50'),
('SUN_10.00-10.50_31', 'N28-517-02', NULL, NULL, NULL, 'SUN_10.00-10.50'),
('SUN_10.00-10.50_32', 'N28-518-02', NULL, NULL, NULL, 'SUN_10.00-10.50'),
('SUN_10.00-10.50_33', 'N28-524-02', NULL, NULL, NULL, 'SUN_10.00-10.50'),
('SUN_10.00-10.50_34', 'N28-525-01', NULL, NULL, NULL, 'SUN_10.00-10.50'),
('SUN_10.00-10.50_35', 'N28-527-02', NULL, NULL, NULL, 'SUN_10.00-10.50'),
('SUN_10.00-10.50_36', 'N28a-01-01', NULL, NULL, NULL, 'SUN_10.00-10.50'),
('SUN_10.00-10.50_37', 'N28a-01-02', NULL, NULL, NULL, 'SUN_10.00-10.50'),
('SUN_10.00-10.50_38', 'N28a-01-04', NULL, NULL, NULL, 'SUN_10.00-10.50'),
('SUN_10.00-10.50_39', 'N28a-01-05', NULL, NULL, NULL, 'SUN_10.00-10.50'),
('SUN_10.00-10.50_4', 'Block P19-DK6', NULL, NULL, NULL, 'SUN_10.00-10.50'),
('SUN_10.00-10.50_40', 'N28a-01-07', NULL, NULL, NULL, 'SUN_10.00-10.50'),
('SUN_10.00-10.50_41', 'N28a-01-15', NULL, NULL, NULL, 'SUN_10.00-10.50'),
('SUN_10.00-10.50_42', 'N28a-01-16', NULL, NULL, NULL, 'SUN_10.00-10.50'),
('SUN_10.00-10.50_43', 'N28a-01-19', NULL, NULL, NULL, 'SUN_10.00-10.50'),
('SUN_10.00-10.50_44', 'N28a-01-20', NULL, NULL, NULL, 'SUN_10.00-10.50'),
('SUN_10.00-10.50_45', 'N28A-02-33', NULL, NULL, NULL, 'SUN_10.00-10.50'),
('SUN_10.00-10.50_46', 'N28A-02-34', NULL, NULL, NULL, 'SUN_10.00-10.50'),
('SUN_10.00-10.50_5', 'N28-105-01', NULL, NULL, NULL, 'SUN_10.00-10.50'),
('SUN_10.00-10.50_6', 'N28-106-01', NULL, NULL, NULL, 'SUN_10.00-10.50'),
('SUN_10.00-10.50_7', 'N28-107-01', NULL, NULL, NULL, 'SUN_10.00-10.50'),
('SUN_10.00-10.50_8', 'N28-108-01', NULL, NULL, NULL, 'SUN_10.00-10.50'),
('SUN_10.00-10.50_9', 'N28-111-01', NULL, NULL, NULL, 'SUN_10.00-10.50'),
('SUN_11.00-11.50_1', 'Block L50', NULL, NULL, NULL, 'SUN_11.00-11.50'),
('SUN_11.00-11.50_10', 'N28-112-02', NULL, NULL, NULL, 'SUN_11.00-11.50'),
('SUN_11.00-11.50_11', 'N28-116-02', NULL, NULL, NULL, 'SUN_11.00-11.50'),
('SUN_11.00-11.50_12', 'N28-202-01', NULL, NULL, NULL, 'SUN_11.00-11.50'),
('SUN_11.00-11.50_13', 'N28-203-01', NULL, NULL, NULL, 'SUN_11.00-11.50'),
('SUN_11.00-11.50_14', 'N28-204-01', NULL, NULL, NULL, 'SUN_11.00-11.50'),
('SUN_11.00-11.50_15', 'N28-223-02', NULL, NULL, NULL, 'SUN_11.00-11.50'),
('SUN_11.00-11.50_16', 'N28-301-01', NULL, NULL, NULL, 'SUN_11.00-11.50'),
('SUN_11.00-11.50_17', 'N28-321-02', NULL, NULL, NULL, 'SUN_11.00-11.50'),
('SUN_11.00-11.50_18', 'N28-322-02', NULL, NULL, NULL, 'SUN_11.00-11.50'),
('SUN_11.00-11.50_19', 'N28-329-01', NULL, NULL, NULL, 'SUN_11.00-11.50'),
('SUN_11.00-11.50_2', 'Block P19-DK4', NULL, NULL, NULL, 'SUN_11.00-11.50'),
('SUN_11.00-11.50_20', 'N28-330-01', NULL, NULL, NULL, 'SUN_11.00-11.50'),
('SUN_11.00-11.50_21', 'N28-350-03', NULL, NULL, NULL, 'SUN_11.00-11.50'),
('SUN_11.00-11.50_22', 'N28-351-02', NULL, NULL, NULL, 'SUN_11.00-11.50'),
('SUN_11.00-11.50_23', 'N28-352-01', NULL, NULL, NULL, 'SUN_11.00-11.50'),
('SUN_11.00-11.50_24', 'N28-422-01', NULL, NULL, NULL, 'SUN_11.00-11.50'),
('SUN_11.00-11.50_25', 'N28-423-01', NULL, NULL, NULL, 'SUN_11.00-11.50'),
('SUN_11.00-11.50_26', 'N28-502-01', NULL, NULL, NULL, 'SUN_11.00-11.50'),
('SUN_11.00-11.50_27', 'N28-505-01', NULL, NULL, NULL, 'SUN_11.00-11.50'),
('SUN_11.00-11.50_28', 'N28-506-01', NULL, NULL, NULL, 'SUN_11.00-11.50'),
('SUN_11.00-11.50_29', 'N28-512-01', NULL, NULL, NULL, 'SUN_11.00-11.50'),
('SUN_11.00-11.50_3', 'Block P19-DK5', NULL, NULL, NULL, 'SUN_11.00-11.50'),
('SUN_11.00-11.50_30', 'N28-516-01', NULL, NULL, NULL, 'SUN_11.00-11.50'),
('SUN_11.00-11.50_31', 'N28-517-02', NULL, NULL, NULL, 'SUN_11.00-11.50'),
('SUN_11.00-11.50_32', 'N28-518-02', NULL, NULL, NULL, 'SUN_11.00-11.50'),
('SUN_11.00-11.50_33', 'N28-524-02', NULL, NULL, NULL, 'SUN_11.00-11.50'),
('SUN_11.00-11.50_34', 'N28-525-01', NULL, NULL, NULL, 'SUN_11.00-11.50'),
('SUN_11.00-11.50_35', 'N28-527-02', NULL, NULL, NULL, 'SUN_11.00-11.50'),
('SUN_11.00-11.50_36', 'N28a-01-01', NULL, NULL, NULL, 'SUN_11.00-11.50'),
('SUN_11.00-11.50_37', 'N28a-01-02', NULL, NULL, NULL, 'SUN_11.00-11.50'),
('SUN_11.00-11.50_38', 'N28a-01-04', NULL, NULL, NULL, 'SUN_11.00-11.50'),
('SUN_11.00-11.50_39', 'N28a-01-05', NULL, NULL, NULL, 'SUN_11.00-11.50'),
('SUN_11.00-11.50_4', 'Block P19-DK6', NULL, NULL, NULL, 'SUN_11.00-11.50'),
('SUN_11.00-11.50_40', 'N28a-01-07', NULL, NULL, NULL, 'SUN_11.00-11.50'),
('SUN_11.00-11.50_41', 'N28a-01-15', NULL, NULL, NULL, 'SUN_11.00-11.50'),
('SUN_11.00-11.50_42', 'N28a-01-16', NULL, NULL, NULL, 'SUN_11.00-11.50'),
('SUN_11.00-11.50_43', 'N28a-01-19', NULL, NULL, NULL, 'SUN_11.00-11.50'),
('SUN_11.00-11.50_44', 'N28a-01-20', NULL, NULL, NULL, 'SUN_11.00-11.50'),
('SUN_11.00-11.50_45', 'N28A-02-33', NULL, NULL, NULL, 'SUN_11.00-11.50'),
('SUN_11.00-11.50_46', 'N28A-02-34', NULL, NULL, NULL, 'SUN_11.00-11.50'),
('SUN_11.00-11.50_5', 'N28-105-01', NULL, NULL, NULL, 'SUN_11.00-11.50'),
('SUN_11.00-11.50_6', 'N28-106-01', NULL, NULL, NULL, 'SUN_11.00-11.50'),
('SUN_11.00-11.50_7', 'N28-107-01', NULL, NULL, NULL, 'SUN_11.00-11.50'),
('SUN_11.00-11.50_8', 'N28-108-01', NULL, NULL, NULL, 'SUN_11.00-11.50'),
('SUN_11.00-11.50_9', 'N28-111-01', NULL, NULL, NULL, 'SUN_11.00-11.50'),
('SUN_12.00-12.50_1', 'Block L50', NULL, NULL, NULL, 'SUN_12.00-12.50'),
('SUN_12.00-12.50_10', 'N28-112-02', NULL, NULL, NULL, 'SUN_12.00-12.50'),
('SUN_12.00-12.50_11', 'N28-116-02', NULL, NULL, NULL, 'SUN_12.00-12.50'),
('SUN_12.00-12.50_12', 'N28-202-01', NULL, NULL, NULL, 'SUN_12.00-12.50'),
('SUN_12.00-12.50_13', 'N28-203-01', NULL, NULL, NULL, 'SUN_12.00-12.50'),
('SUN_12.00-12.50_14', 'N28-204-01', NULL, NULL, NULL, 'SUN_12.00-12.50'),
('SUN_12.00-12.50_15', 'N28-223-02', NULL, NULL, NULL, 'SUN_12.00-12.50'),
('SUN_12.00-12.50_16', 'N28-301-01', NULL, NULL, NULL, 'SUN_12.00-12.50'),
('SUN_12.00-12.50_17', 'N28-321-02', NULL, NULL, NULL, 'SUN_12.00-12.50'),
('SUN_12.00-12.50_18', 'N28-322-02', NULL, NULL, NULL, 'SUN_12.00-12.50'),
('SUN_12.00-12.50_19', 'N28-329-01', NULL, NULL, NULL, 'SUN_12.00-12.50'),
('SUN_12.00-12.50_2', 'Block P19-DK4', NULL, NULL, NULL, 'SUN_12.00-12.50'),
('SUN_12.00-12.50_20', 'N28-330-01', NULL, NULL, NULL, 'SUN_12.00-12.50'),
('SUN_12.00-12.50_21', 'N28-350-03', NULL, NULL, NULL, 'SUN_12.00-12.50'),
('SUN_12.00-12.50_22', 'N28-351-02', NULL, NULL, NULL, 'SUN_12.00-12.50'),
('SUN_12.00-12.50_23', 'N28-352-01', NULL, NULL, NULL, 'SUN_12.00-12.50'),
('SUN_12.00-12.50_24', 'N28-422-01', NULL, NULL, NULL, 'SUN_12.00-12.50'),
('SUN_12.00-12.50_25', 'N28-423-01', NULL, NULL, NULL, 'SUN_12.00-12.50'),
('SUN_12.00-12.50_26', 'N28-502-01', NULL, NULL, NULL, 'SUN_12.00-12.50'),
('SUN_12.00-12.50_27', 'N28-505-01', NULL, NULL, NULL, 'SUN_12.00-12.50'),
('SUN_12.00-12.50_28', 'N28-506-01', NULL, NULL, NULL, 'SUN_12.00-12.50'),
('SUN_12.00-12.50_29', 'N28-512-01', NULL, NULL, NULL, 'SUN_12.00-12.50'),
('SUN_12.00-12.50_3', 'Block P19-DK5', NULL, NULL, NULL, 'SUN_12.00-12.50'),
('SUN_12.00-12.50_30', 'N28-516-01', NULL, NULL, NULL, 'SUN_12.00-12.50'),
('SUN_12.00-12.50_31', 'N28-517-02', NULL, NULL, NULL, 'SUN_12.00-12.50'),
('SUN_12.00-12.50_32', 'N28-518-02', NULL, NULL, NULL, 'SUN_12.00-12.50'),
('SUN_12.00-12.50_33', 'N28-524-02', NULL, NULL, NULL, 'SUN_12.00-12.50'),
('SUN_12.00-12.50_34', 'N28-525-01', NULL, NULL, NULL, 'SUN_12.00-12.50'),
('SUN_12.00-12.50_35', 'N28-527-02', NULL, NULL, NULL, 'SUN_12.00-12.50'),
('SUN_12.00-12.50_36', 'N28a-01-01', NULL, NULL, NULL, 'SUN_12.00-12.50'),
('SUN_12.00-12.50_37', 'N28a-01-02', NULL, NULL, NULL, 'SUN_12.00-12.50'),
('SUN_12.00-12.50_38', 'N28a-01-04', NULL, NULL, NULL, 'SUN_12.00-12.50'),
('SUN_12.00-12.50_39', 'N28a-01-05', NULL, NULL, NULL, 'SUN_12.00-12.50'),
('SUN_12.00-12.50_4', 'Block P19-DK6', NULL, NULL, NULL, 'SUN_12.00-12.50'),
('SUN_12.00-12.50_40', 'N28a-01-07', NULL, NULL, NULL, 'SUN_12.00-12.50'),
('SUN_12.00-12.50_41', 'N28a-01-15', NULL, NULL, NULL, 'SUN_12.00-12.50'),
('SUN_12.00-12.50_42', 'N28a-01-16', NULL, NULL, NULL, 'SUN_12.00-12.50'),
('SUN_12.00-12.50_43', 'N28a-01-19', NULL, NULL, NULL, 'SUN_12.00-12.50'),
('SUN_12.00-12.50_44', 'N28a-01-20', NULL, NULL, NULL, 'SUN_12.00-12.50'),
('SUN_12.00-12.50_45', 'N28A-02-33', NULL, NULL, NULL, 'SUN_12.00-12.50'),
('SUN_12.00-12.50_46', 'N28A-02-34', NULL, NULL, NULL, 'SUN_12.00-12.50'),
('SUN_12.00-12.50_5', 'N28-105-01', NULL, NULL, NULL, 'SUN_12.00-12.50'),
('SUN_12.00-12.50_6', 'N28-106-01', NULL, NULL, NULL, 'SUN_12.00-12.50'),
('SUN_12.00-12.50_7', 'N28-107-01', NULL, NULL, NULL, 'SUN_12.00-12.50'),
('SUN_12.00-12.50_8', 'N28-108-01', NULL, NULL, NULL, 'SUN_12.00-12.50'),
('SUN_12.00-12.50_9', 'N28-111-01', NULL, NULL, NULL, 'SUN_12.00-12.50'),
('SUN_2.00-2.50_1', 'Block L50', NULL, NULL, NULL, 'SUN_2.00-2.50'),
('SUN_2.00-2.50_10', 'N28-112-02', NULL, NULL, NULL, 'SUN_2.00-2.50'),
('SUN_2.00-2.50_11', 'N28-116-02', NULL, NULL, NULL, 'SUN_2.00-2.50'),
('SUN_2.00-2.50_12', 'N28-202-01', NULL, NULL, NULL, 'SUN_2.00-2.50'),
('SUN_2.00-2.50_13', 'N28-203-01', NULL, NULL, NULL, 'SUN_2.00-2.50'),
('SUN_2.00-2.50_14', 'N28-204-01', NULL, NULL, NULL, 'SUN_2.00-2.50'),
('SUN_2.00-2.50_15', 'N28-223-02', NULL, NULL, NULL, 'SUN_2.00-2.50'),
('SUN_2.00-2.50_16', 'N28-301-01', NULL, NULL, NULL, 'SUN_2.00-2.50'),
('SUN_2.00-2.50_17', 'N28-321-02', NULL, NULL, NULL, 'SUN_2.00-2.50'),
('SUN_2.00-2.50_18', 'N28-322-02', NULL, NULL, NULL, 'SUN_2.00-2.50'),
('SUN_2.00-2.50_19', 'N28-329-01', NULL, NULL, NULL, 'SUN_2.00-2.50'),
('SUN_2.00-2.50_2', 'Block P19-DK4', NULL, NULL, NULL, 'SUN_2.00-2.50'),
('SUN_2.00-2.50_20', 'N28-330-01', NULL, NULL, NULL, 'SUN_2.00-2.50'),
('SUN_2.00-2.50_21', 'N28-350-03', NULL, NULL, NULL, 'SUN_2.00-2.50'),
('SUN_2.00-2.50_22', 'N28-351-02', NULL, NULL, NULL, 'SUN_2.00-2.50'),
('SUN_2.00-2.50_23', 'N28-352-01', NULL, NULL, NULL, 'SUN_2.00-2.50'),
('SUN_2.00-2.50_24', 'N28-422-01', NULL, NULL, NULL, 'SUN_2.00-2.50'),
('SUN_2.00-2.50_25', 'N28-423-01', NULL, NULL, NULL, 'SUN_2.00-2.50'),
('SUN_2.00-2.50_26', 'N28-502-01', NULL, NULL, NULL, 'SUN_2.00-2.50'),
('SUN_2.00-2.50_27', 'N28-505-01', NULL, NULL, NULL, 'SUN_2.00-2.50'),
('SUN_2.00-2.50_28', 'N28-506-01', NULL, NULL, NULL, 'SUN_2.00-2.50'),
('SUN_2.00-2.50_29', 'N28-512-01', NULL, NULL, NULL, 'SUN_2.00-2.50'),
('SUN_2.00-2.50_3', 'Block P19-DK5', NULL, NULL, NULL, 'SUN_2.00-2.50'),
('SUN_2.00-2.50_30', 'N28-516-01', NULL, NULL, NULL, 'SUN_2.00-2.50'),
('SUN_2.00-2.50_31', 'N28-517-02', NULL, NULL, NULL, 'SUN_2.00-2.50'),
('SUN_2.00-2.50_32', 'N28-518-02', NULL, NULL, NULL, 'SUN_2.00-2.50'),
('SUN_2.00-2.50_33', 'N28-524-02', NULL, NULL, NULL, 'SUN_2.00-2.50'),
('SUN_2.00-2.50_34', 'N28-525-01', NULL, NULL, NULL, 'SUN_2.00-2.50'),
('SUN_2.00-2.50_35', 'N28-527-02', NULL, NULL, NULL, 'SUN_2.00-2.50'),
('SUN_2.00-2.50_36', 'N28a-01-01', NULL, NULL, NULL, 'SUN_2.00-2.50'),
('SUN_2.00-2.50_37', 'N28a-01-02', NULL, NULL, NULL, 'SUN_2.00-2.50'),
('SUN_2.00-2.50_38', 'N28a-01-04', NULL, NULL, NULL, 'SUN_2.00-2.50'),
('SUN_2.00-2.50_39', 'N28a-01-05', NULL, NULL, NULL, 'SUN_2.00-2.50'),
('SUN_2.00-2.50_4', 'Block P19-DK6', NULL, NULL, NULL, 'SUN_2.00-2.50'),
('SUN_2.00-2.50_40', 'N28a-01-07', NULL, NULL, NULL, 'SUN_2.00-2.50'),
('SUN_2.00-2.50_41', 'N28a-01-15', NULL, NULL, NULL, 'SUN_2.00-2.50'),
('SUN_2.00-2.50_42', 'N28a-01-16', NULL, NULL, NULL, 'SUN_2.00-2.50'),
('SUN_2.00-2.50_43', 'N28a-01-19', NULL, NULL, NULL, 'SUN_2.00-2.50'),
('SUN_2.00-2.50_44', 'N28a-01-20', NULL, NULL, NULL, 'SUN_2.00-2.50'),
('SUN_2.00-2.50_45', 'N28A-02-33', NULL, NULL, NULL, 'SUN_2.00-2.50'),
('SUN_2.00-2.50_46', 'N28A-02-34', NULL, NULL, NULL, 'SUN_2.00-2.50'),
('SUN_2.00-2.50_5', 'N28-105-01', 'Y3/S1', 'LC001', 'SECJ3303_03', 'SUN_2.00-2.50'),
('SUN_2.00-2.50_6', 'N28-106-01', NULL, NULL, NULL, 'SUN_2.00-2.50'),
('SUN_2.00-2.50_7', 'N28-107-01', NULL, NULL, NULL, 'SUN_2.00-2.50'),
('SUN_2.00-2.50_8', 'N28-108-01', NULL, NULL, NULL, 'SUN_2.00-2.50'),
('SUN_2.00-2.50_9', 'N28-111-01', NULL, NULL, NULL, 'SUN_2.00-2.50'),
('SUN_3.00-3.50_1', 'Block L50', NULL, NULL, NULL, 'SUN_3.00-3.50'),
('SUN_3.00-3.50_10', 'N28-112-02', NULL, NULL, NULL, 'SUN_3.00-3.50'),
('SUN_3.00-3.50_11', 'N28-116-02', NULL, NULL, NULL, 'SUN_3.00-3.50'),
('SUN_3.00-3.50_12', 'N28-202-01', NULL, NULL, NULL, 'SUN_3.00-3.50'),
('SUN_3.00-3.50_13', 'N28-203-01', NULL, NULL, NULL, 'SUN_3.00-3.50'),
('SUN_3.00-3.50_14', 'N28-204-01', NULL, NULL, NULL, 'SUN_3.00-3.50'),
('SUN_3.00-3.50_15', 'N28-223-02', NULL, NULL, NULL, 'SUN_3.00-3.50'),
('SUN_3.00-3.50_16', 'N28-301-01', NULL, NULL, NULL, 'SUN_3.00-3.50'),
('SUN_3.00-3.50_17', 'N28-321-02', NULL, NULL, NULL, 'SUN_3.00-3.50'),
('SUN_3.00-3.50_18', 'N28-322-02', NULL, NULL, NULL, 'SUN_3.00-3.50'),
('SUN_3.00-3.50_19', 'N28-329-01', NULL, NULL, NULL, 'SUN_3.00-3.50'),
('SUN_3.00-3.50_2', 'Block P19-DK4', NULL, NULL, NULL, 'SUN_3.00-3.50'),
('SUN_3.00-3.50_20', 'N28-330-01', NULL, NULL, NULL, 'SUN_3.00-3.50'),
('SUN_3.00-3.50_21', 'N28-350-03', NULL, NULL, NULL, 'SUN_3.00-3.50'),
('SUN_3.00-3.50_22', 'N28-351-02', NULL, NULL, NULL, 'SUN_3.00-3.50'),
('SUN_3.00-3.50_23', 'N28-352-01', NULL, NULL, NULL, 'SUN_3.00-3.50'),
('SUN_3.00-3.50_24', 'N28-422-01', NULL, NULL, NULL, 'SUN_3.00-3.50'),
('SUN_3.00-3.50_25', 'N28-423-01', NULL, NULL, NULL, 'SUN_3.00-3.50'),
('SUN_3.00-3.50_26', 'N28-502-01', NULL, NULL, NULL, 'SUN_3.00-3.50'),
('SUN_3.00-3.50_27', 'N28-505-01', NULL, NULL, NULL, 'SUN_3.00-3.50'),
('SUN_3.00-3.50_28', 'N28-506-01', NULL, NULL, NULL, 'SUN_3.00-3.50'),
('SUN_3.00-3.50_29', 'N28-512-01', NULL, NULL, NULL, 'SUN_3.00-3.50'),
('SUN_3.00-3.50_3', 'Block P19-DK5', NULL, NULL, NULL, 'SUN_3.00-3.50'),
('SUN_3.00-3.50_30', 'N28-516-01', NULL, NULL, NULL, 'SUN_3.00-3.50'),
('SUN_3.00-3.50_31', 'N28-517-02', NULL, NULL, NULL, 'SUN_3.00-3.50'),
('SUN_3.00-3.50_32', 'N28-518-02', NULL, NULL, NULL, 'SUN_3.00-3.50'),
('SUN_3.00-3.50_33', 'N28-524-02', NULL, NULL, NULL, 'SUN_3.00-3.50'),
('SUN_3.00-3.50_34', 'N28-525-01', NULL, NULL, NULL, 'SUN_3.00-3.50'),
('SUN_3.00-3.50_35', 'N28-527-02', NULL, NULL, NULL, 'SUN_3.00-3.50'),
('SUN_3.00-3.50_36', 'N28a-01-01', NULL, NULL, NULL, 'SUN_3.00-3.50'),
('SUN_3.00-3.50_37', 'N28a-01-02', NULL, NULL, NULL, 'SUN_3.00-3.50'),
('SUN_3.00-3.50_38', 'N28a-01-04', NULL, NULL, NULL, 'SUN_3.00-3.50'),
('SUN_3.00-3.50_39', 'N28a-01-05', NULL, NULL, NULL, 'SUN_3.00-3.50'),
('SUN_3.00-3.50_4', 'Block P19-DK6', NULL, NULL, NULL, 'SUN_3.00-3.50'),
('SUN_3.00-3.50_40', 'N28a-01-07', NULL, NULL, NULL, 'SUN_3.00-3.50'),
('SUN_3.00-3.50_41', 'N28a-01-15', NULL, NULL, NULL, 'SUN_3.00-3.50'),
('SUN_3.00-3.50_42', 'N28a-01-16', NULL, NULL, NULL, 'SUN_3.00-3.50'),
('SUN_3.00-3.50_43', 'N28a-01-19', NULL, NULL, NULL, 'SUN_3.00-3.50'),
('SUN_3.00-3.50_44', 'N28a-01-20', NULL, NULL, NULL, 'SUN_3.00-3.50'),
('SUN_3.00-3.50_45', 'N28A-02-33', NULL, NULL, NULL, 'SUN_3.00-3.50'),
('SUN_3.00-3.50_46', 'N28A-02-34', NULL, NULL, NULL, 'SUN_3.00-3.50'),
('SUN_3.00-3.50_5', 'N28-105-01', 'Y3/S1', 'LC001', 'SECJ3303_03', 'SUN_3.00-3.50'),
('SUN_3.00-3.50_6', 'N28-106-01', NULL, NULL, NULL, 'SUN_3.00-3.50'),
('SUN_3.00-3.50_7', 'N28-107-01', NULL, NULL, NULL, 'SUN_3.00-3.50'),
('SUN_3.00-3.50_8', 'N28-108-01', NULL, NULL, NULL, 'SUN_3.00-3.50'),
('SUN_3.00-3.50_9', 'N28-111-01', NULL, NULL, NULL, 'SUN_3.00-3.50'),
('SUN_4.00-4.50_1', 'Block L50', NULL, NULL, NULL, 'SUN_4.00-4.50'),
('SUN_4.00-4.50_10', 'N28-112-02', NULL, NULL, NULL, 'SUN_4.00-4.50'),
('SUN_4.00-4.50_11', 'N28-116-02', NULL, NULL, NULL, 'SUN_4.00-4.50'),
('SUN_4.00-4.50_12', 'N28-202-01', NULL, NULL, NULL, 'SUN_4.00-4.50'),
('SUN_4.00-4.50_13', 'N28-203-01', NULL, NULL, NULL, 'SUN_4.00-4.50'),
('SUN_4.00-4.50_14', 'N28-204-01', NULL, NULL, NULL, 'SUN_4.00-4.50'),
('SUN_4.00-4.50_15', 'N28-223-02', NULL, NULL, NULL, 'SUN_4.00-4.50'),
('SUN_4.00-4.50_16', 'N28-301-01', NULL, NULL, NULL, 'SUN_4.00-4.50'),
('SUN_4.00-4.50_17', 'N28-321-02', NULL, NULL, NULL, 'SUN_4.00-4.50'),
('SUN_4.00-4.50_18', 'N28-322-02', NULL, NULL, NULL, 'SUN_4.00-4.50'),
('SUN_4.00-4.50_19', 'N28-329-01', NULL, NULL, NULL, 'SUN_4.00-4.50'),
('SUN_4.00-4.50_2', 'Block P19-DK4', NULL, NULL, NULL, 'SUN_4.00-4.50'),
('SUN_4.00-4.50_20', 'N28-330-01', NULL, NULL, NULL, 'SUN_4.00-4.50'),
('SUN_4.00-4.50_21', 'N28-350-03', NULL, NULL, NULL, 'SUN_4.00-4.50'),
('SUN_4.00-4.50_22', 'N28-351-02', NULL, NULL, NULL, 'SUN_4.00-4.50'),
('SUN_4.00-4.50_23', 'N28-352-01', NULL, NULL, NULL, 'SUN_4.00-4.50'),
('SUN_4.00-4.50_24', 'N28-422-01', NULL, NULL, NULL, 'SUN_4.00-4.50'),
('SUN_4.00-4.50_25', 'N28-423-01', NULL, NULL, NULL, 'SUN_4.00-4.50'),
('SUN_4.00-4.50_26', 'N28-502-01', NULL, NULL, NULL, 'SUN_4.00-4.50'),
('SUN_4.00-4.50_27', 'N28-505-01', NULL, NULL, NULL, 'SUN_4.00-4.50'),
('SUN_4.00-4.50_28', 'N28-506-01', NULL, NULL, NULL, 'SUN_4.00-4.50'),
('SUN_4.00-4.50_29', 'N28-512-01', NULL, NULL, NULL, 'SUN_4.00-4.50'),
('SUN_4.00-4.50_3', 'Block P19-DK5', NULL, NULL, NULL, 'SUN_4.00-4.50'),
('SUN_4.00-4.50_30', 'N28-516-01', NULL, NULL, NULL, 'SUN_4.00-4.50'),
('SUN_4.00-4.50_31', 'N28-517-02', NULL, NULL, NULL, 'SUN_4.00-4.50'),
('SUN_4.00-4.50_32', 'N28-518-02', NULL, NULL, NULL, 'SUN_4.00-4.50'),
('SUN_4.00-4.50_33', 'N28-524-02', NULL, NULL, NULL, 'SUN_4.00-4.50'),
('SUN_4.00-4.50_34', 'N28-525-01', NULL, NULL, NULL, 'SUN_4.00-4.50'),
('SUN_4.00-4.50_35', 'N28-527-02', NULL, NULL, NULL, 'SUN_4.00-4.50'),
('SUN_4.00-4.50_36', 'N28a-01-01', NULL, NULL, NULL, 'SUN_4.00-4.50'),
('SUN_4.00-4.50_37', 'N28a-01-02', NULL, NULL, NULL, 'SUN_4.00-4.50'),
('SUN_4.00-4.50_38', 'N28a-01-04', NULL, NULL, NULL, 'SUN_4.00-4.50'),
('SUN_4.00-4.50_39', 'N28a-01-05', NULL, NULL, NULL, 'SUN_4.00-4.50'),
('SUN_4.00-4.50_4', 'Block P19-DK6', NULL, NULL, NULL, 'SUN_4.00-4.50'),
('SUN_4.00-4.50_40', 'N28a-01-07', NULL, NULL, NULL, 'SUN_4.00-4.50'),
('SUN_4.00-4.50_41', 'N28a-01-15', NULL, NULL, NULL, 'SUN_4.00-4.50'),
('SUN_4.00-4.50_42', 'N28a-01-16', NULL, NULL, NULL, 'SUN_4.00-4.50'),
('SUN_4.00-4.50_43', 'N28a-01-19', NULL, NULL, NULL, 'SUN_4.00-4.50'),
('SUN_4.00-4.50_44', 'N28a-01-20', NULL, NULL, NULL, 'SUN_4.00-4.50'),
('SUN_4.00-4.50_45', 'N28A-02-33', NULL, NULL, NULL, 'SUN_4.00-4.50'),
('SUN_4.00-4.50_46', 'N28A-02-34', NULL, NULL, NULL, 'SUN_4.00-4.50'),
('SUN_4.00-4.50_5', 'N28-105-01', NULL, NULL, NULL, 'SUN_4.00-4.50'),
('SUN_4.00-4.50_6', 'N28-106-01', NULL, NULL, NULL, 'SUN_4.00-4.50'),
('SUN_4.00-4.50_7', 'N28-107-01', NULL, NULL, NULL, 'SUN_4.00-4.50'),
('SUN_4.00-4.50_8', 'N28-108-01', NULL, NULL, NULL, 'SUN_4.00-4.50'),
('SUN_4.00-4.50_9', 'N28-111-01', NULL, NULL, NULL, 'SUN_4.00-4.50'),
('SUN_8.00-8.50_1', 'Block L50', NULL, NULL, NULL, 'SUN_8.00-8.50'),
('SUN_8.00-8.50_10', 'N28-112-02', NULL, NULL, NULL, 'SUN_8.00-8.50'),
('SUN_8.00-8.50_11', 'N28-116-02', NULL, NULL, NULL, 'SUN_8.00-8.50'),
('SUN_8.00-8.50_12', 'N28-202-01', NULL, NULL, NULL, 'SUN_8.00-8.50'),
('SUN_8.00-8.50_13', 'N28-203-01', NULL, NULL, NULL, 'SUN_8.00-8.50'),
('SUN_8.00-8.50_14', 'N28-204-01', NULL, NULL, NULL, 'SUN_8.00-8.50'),
('SUN_8.00-8.50_15', 'N28-223-02', NULL, NULL, NULL, 'SUN_8.00-8.50'),
('SUN_8.00-8.50_16', 'N28-301-01', NULL, NULL, NULL, 'SUN_8.00-8.50'),
('SUN_8.00-8.50_17', 'N28-321-02', NULL, NULL, NULL, 'SUN_8.00-8.50'),
('SUN_8.00-8.50_18', 'N28-322-02', NULL, NULL, NULL, 'SUN_8.00-8.50'),
('SUN_8.00-8.50_19', 'N28-329-01', NULL, NULL, NULL, 'SUN_8.00-8.50'),
('SUN_8.00-8.50_2', 'Block P19-DK4', NULL, NULL, NULL, 'SUN_8.00-8.50'),
('SUN_8.00-8.50_20', 'N28-330-01', NULL, NULL, NULL, 'SUN_8.00-8.50'),
('SUN_8.00-8.50_21', 'N28-350-03', NULL, NULL, NULL, 'SUN_8.00-8.50'),
('SUN_8.00-8.50_22', 'N28-351-02', 'Y1/S1', 'LC011', 'SCSR1013_02', 'SUN_8.00-8.50'),
('SUN_8.00-8.50_23', 'N28-352-01', NULL, NULL, NULL, 'SUN_8.00-8.50'),
('SUN_8.00-8.50_24', 'N28-422-01', NULL, NULL, NULL, 'SUN_8.00-8.50'),
('SUN_8.00-8.50_25', 'N28-423-01', NULL, NULL, NULL, 'SUN_8.00-8.50'),
('SUN_8.00-8.50_26', 'N28-502-01', NULL, NULL, NULL, 'SUN_8.00-8.50'),
('SUN_8.00-8.50_27', 'N28-505-01', NULL, NULL, NULL, 'SUN_8.00-8.50'),
('SUN_8.00-8.50_28', 'N28-506-01', NULL, NULL, NULL, 'SUN_8.00-8.50'),
('SUN_8.00-8.50_29', 'N28-512-01', NULL, NULL, NULL, 'SUN_8.00-8.50'),
('SUN_8.00-8.50_3', 'Block P19-DK5', NULL, NULL, NULL, 'SUN_8.00-8.50'),
('SUN_8.00-8.50_30', 'N28-516-01', NULL, NULL, NULL, 'SUN_8.00-8.50'),
('SUN_8.00-8.50_31', 'N28-517-02', NULL, NULL, NULL, 'SUN_8.00-8.50'),
('SUN_8.00-8.50_32', 'N28-518-02', NULL, NULL, NULL, 'SUN_8.00-8.50'),
('SUN_8.00-8.50_33', 'N28-524-02', NULL, NULL, NULL, 'SUN_8.00-8.50'),
('SUN_8.00-8.50_34', 'N28-525-01', NULL, NULL, NULL, 'SUN_8.00-8.50'),
('SUN_8.00-8.50_35', 'N28-527-02', NULL, NULL, NULL, 'SUN_8.00-8.50'),
('SUN_8.00-8.50_36', 'N28a-01-01', NULL, NULL, NULL, 'SUN_8.00-8.50'),
('SUN_8.00-8.50_37', 'N28a-01-02', NULL, NULL, NULL, 'SUN_8.00-8.50'),
('SUN_8.00-8.50_38', 'N28a-01-04', NULL, NULL, NULL, 'SUN_8.00-8.50'),
('SUN_8.00-8.50_39', 'N28a-01-05', NULL, NULL, NULL, 'SUN_8.00-8.50'),
('SUN_8.00-8.50_4', 'Block P19-DK6', NULL, NULL, NULL, 'SUN_8.00-8.50'),
('SUN_8.00-8.50_40', 'N28a-01-07', NULL, NULL, NULL, 'SUN_8.00-8.50'),
('SUN_8.00-8.50_41', 'N28a-01-15', NULL, NULL, NULL, 'SUN_8.00-8.50'),
('SUN_8.00-8.50_42', 'N28a-01-16', NULL, NULL, NULL, 'SUN_8.00-8.50'),
('SUN_8.00-8.50_43', 'N28a-01-19', NULL, NULL, NULL, 'SUN_8.00-8.50'),
('SUN_8.00-8.50_44', 'N28a-01-20', NULL, NULL, NULL, 'SUN_8.00-8.50'),
('SUN_8.00-8.50_45', 'N28A-02-33', NULL, NULL, NULL, 'SUN_8.00-8.50'),
('SUN_8.00-8.50_46', 'N28A-02-34', NULL, NULL, NULL, 'SUN_8.00-8.50'),
('SUN_8.00-8.50_5', 'N28-105-01', NULL, NULL, NULL, 'SUN_8.00-8.50'),
('SUN_8.00-8.50_6', 'N28-106-01', NULL, NULL, NULL, 'SUN_8.00-8.50'),
('SUN_8.00-8.50_7', 'N28-107-01', NULL, NULL, NULL, 'SUN_8.00-8.50'),
('SUN_8.00-8.50_8', 'N28-108-01', NULL, NULL, NULL, 'SUN_8.00-8.50'),
('SUN_8.00-8.50_9', 'N28-111-01', NULL, NULL, NULL, 'SUN_8.00-8.50'),
('SUN_9.00-9.50_1', 'Block L50', NULL, NULL, NULL, 'SUN_9.00-9.50'),
('SUN_9.00-9.50_10', 'N28-112-02', NULL, NULL, NULL, 'SUN_9.00-9.50'),
('SUN_9.00-9.50_11', 'N28-116-02', NULL, NULL, NULL, 'SUN_9.00-9.50'),
('SUN_9.00-9.50_12', 'N28-202-01', NULL, NULL, NULL, 'SUN_9.00-9.50'),
('SUN_9.00-9.50_13', 'N28-203-01', NULL, NULL, NULL, 'SUN_9.00-9.50'),
('SUN_9.00-9.50_14', 'N28-204-01', NULL, NULL, NULL, 'SUN_9.00-9.50'),
('SUN_9.00-9.50_15', 'N28-223-02', NULL, NULL, NULL, 'SUN_9.00-9.50'),
('SUN_9.00-9.50_16', 'N28-301-01', NULL, NULL, NULL, 'SUN_9.00-9.50'),
('SUN_9.00-9.50_17', 'N28-321-02', NULL, NULL, NULL, 'SUN_9.00-9.50'),
('SUN_9.00-9.50_18', 'N28-322-02', NULL, NULL, NULL, 'SUN_9.00-9.50'),
('SUN_9.00-9.50_19', 'N28-329-01', NULL, NULL, NULL, 'SUN_9.00-9.50'),
('SUN_9.00-9.50_2', 'Block P19-DK4', NULL, NULL, NULL, 'SUN_9.00-9.50'),
('SUN_9.00-9.50_20', 'N28-330-01', NULL, NULL, NULL, 'SUN_9.00-9.50'),
('SUN_9.00-9.50_21', 'N28-350-03', NULL, NULL, NULL, 'SUN_9.00-9.50'),
('SUN_9.00-9.50_22', 'N28-351-02', 'Y1/S1', 'LC011', 'SCSR1013_02', 'SUN_9.00-9.50');
INSERT INTO `schedule` (`schedule_id`, `classroom_id`, `faculty_timetable_id`, `lecturer_id`, `section_id`, `time_slot_id`) VALUES
('SUN_9.00-9.50_23', 'N28-352-01', NULL, NULL, NULL, 'SUN_9.00-9.50'),
('SUN_9.00-9.50_24', 'N28-422-01', NULL, NULL, NULL, 'SUN_9.00-9.50'),
('SUN_9.00-9.50_25', 'N28-423-01', NULL, NULL, NULL, 'SUN_9.00-9.50'),
('SUN_9.00-9.50_26', 'N28-502-01', NULL, NULL, NULL, 'SUN_9.00-9.50'),
('SUN_9.00-9.50_27', 'N28-505-01', NULL, NULL, NULL, 'SUN_9.00-9.50'),
('SUN_9.00-9.50_28', 'N28-506-01', NULL, NULL, NULL, 'SUN_9.00-9.50'),
('SUN_9.00-9.50_29', 'N28-512-01', NULL, NULL, NULL, 'SUN_9.00-9.50'),
('SUN_9.00-9.50_3', 'Block P19-DK5', NULL, NULL, NULL, 'SUN_9.00-9.50'),
('SUN_9.00-9.50_30', 'N28-516-01', NULL, NULL, NULL, 'SUN_9.00-9.50'),
('SUN_9.00-9.50_31', 'N28-517-02', NULL, NULL, NULL, 'SUN_9.00-9.50'),
('SUN_9.00-9.50_32', 'N28-518-02', NULL, NULL, NULL, 'SUN_9.00-9.50'),
('SUN_9.00-9.50_33', 'N28-524-02', NULL, NULL, NULL, 'SUN_9.00-9.50'),
('SUN_9.00-9.50_34', 'N28-525-01', NULL, NULL, NULL, 'SUN_9.00-9.50'),
('SUN_9.00-9.50_35', 'N28-527-02', NULL, NULL, NULL, 'SUN_9.00-9.50'),
('SUN_9.00-9.50_36', 'N28a-01-01', NULL, NULL, NULL, 'SUN_9.00-9.50'),
('SUN_9.00-9.50_37', 'N28a-01-02', NULL, NULL, NULL, 'SUN_9.00-9.50'),
('SUN_9.00-9.50_38', 'N28a-01-04', NULL, NULL, NULL, 'SUN_9.00-9.50'),
('SUN_9.00-9.50_39', 'N28a-01-05', NULL, NULL, NULL, 'SUN_9.00-9.50'),
('SUN_9.00-9.50_4', 'Block P19-DK6', NULL, NULL, NULL, 'SUN_9.00-9.50'),
('SUN_9.00-9.50_40', 'N28a-01-07', NULL, NULL, NULL, 'SUN_9.00-9.50'),
('SUN_9.00-9.50_41', 'N28a-01-15', NULL, NULL, NULL, 'SUN_9.00-9.50'),
('SUN_9.00-9.50_42', 'N28a-01-16', NULL, NULL, NULL, 'SUN_9.00-9.50'),
('SUN_9.00-9.50_43', 'N28a-01-19', NULL, NULL, NULL, 'SUN_9.00-9.50'),
('SUN_9.00-9.50_44', 'N28a-01-20', NULL, NULL, NULL, 'SUN_9.00-9.50'),
('SUN_9.00-9.50_45', 'N28A-02-33', NULL, NULL, NULL, 'SUN_9.00-9.50'),
('SUN_9.00-9.50_46', 'N28A-02-34', NULL, NULL, NULL, 'SUN_9.00-9.50'),
('SUN_9.00-9.50_5', 'N28-105-01', NULL, NULL, NULL, 'SUN_9.00-9.50'),
('SUN_9.00-9.50_6', 'N28-106-01', NULL, NULL, NULL, 'SUN_9.00-9.50'),
('SUN_9.00-9.50_7', 'N28-107-01', NULL, NULL, NULL, 'SUN_9.00-9.50'),
('SUN_9.00-9.50_8', 'N28-108-01', NULL, NULL, NULL, 'SUN_9.00-9.50'),
('SUN_9.00-9.50_9', 'N28-111-01', NULL, NULL, NULL, 'SUN_9.00-9.50'),
('THU_10.00-10.50_1', 'Block L50', NULL, NULL, NULL, 'THU_10.00-10.50'),
('THU_10.00-10.50_10', 'N28-112-02', NULL, NULL, NULL, 'THU_10.00-10.50'),
('THU_10.00-10.50_11', 'N28-116-02', NULL, NULL, NULL, 'THU_10.00-10.50'),
('THU_10.00-10.50_12', 'N28-202-01', NULL, NULL, NULL, 'THU_10.00-10.50'),
('THU_10.00-10.50_13', 'N28-203-01', NULL, NULL, NULL, 'THU_10.00-10.50'),
('THU_10.00-10.50_14', 'N28-204-01', NULL, NULL, NULL, 'THU_10.00-10.50'),
('THU_10.00-10.50_15', 'N28-223-02', NULL, NULL, NULL, 'THU_10.00-10.50'),
('THU_10.00-10.50_16', 'N28-301-01', NULL, NULL, NULL, 'THU_10.00-10.50'),
('THU_10.00-10.50_17', 'N28-321-02', NULL, NULL, NULL, 'THU_10.00-10.50'),
('THU_10.00-10.50_18', 'N28-322-02', NULL, NULL, NULL, 'THU_10.00-10.50'),
('THU_10.00-10.50_19', 'N28-329-01', NULL, NULL, NULL, 'THU_10.00-10.50'),
('THU_10.00-10.50_2', 'Block P19-DK4', NULL, NULL, NULL, 'THU_10.00-10.50'),
('THU_10.00-10.50_20', 'N28-330-01', NULL, NULL, NULL, 'THU_10.00-10.50'),
('THU_10.00-10.50_21', 'N28-350-03', NULL, NULL, NULL, 'THU_10.00-10.50'),
('THU_10.00-10.50_22', 'N28-351-02', NULL, NULL, NULL, 'THU_10.00-10.50'),
('THU_10.00-10.50_23', 'N28-352-01', NULL, NULL, NULL, 'THU_10.00-10.50'),
('THU_10.00-10.50_24', 'N28-422-01', NULL, NULL, NULL, 'THU_10.00-10.50'),
('THU_10.00-10.50_25', 'N28-423-01', NULL, NULL, NULL, 'THU_10.00-10.50'),
('THU_10.00-10.50_26', 'N28-502-01', NULL, NULL, NULL, 'THU_10.00-10.50'),
('THU_10.00-10.50_27', 'N28-505-01', NULL, NULL, NULL, 'THU_10.00-10.50'),
('THU_10.00-10.50_28', 'N28-506-01', NULL, NULL, NULL, 'THU_10.00-10.50'),
('THU_10.00-10.50_29', 'N28-512-01', NULL, NULL, NULL, 'THU_10.00-10.50'),
('THU_10.00-10.50_3', 'Block P19-DK5', NULL, NULL, NULL, 'THU_10.00-10.50'),
('THU_10.00-10.50_30', 'N28-516-01', NULL, NULL, NULL, 'THU_10.00-10.50'),
('THU_10.00-10.50_31', 'N28-517-02', NULL, NULL, NULL, 'THU_10.00-10.50'),
('THU_10.00-10.50_32', 'N28-518-02', NULL, NULL, NULL, 'THU_10.00-10.50'),
('THU_10.00-10.50_33', 'N28-524-02', NULL, NULL, NULL, 'THU_10.00-10.50'),
('THU_10.00-10.50_34', 'N28-525-01', NULL, NULL, NULL, 'THU_10.00-10.50'),
('THU_10.00-10.50_35', 'N28-527-02', NULL, NULL, NULL, 'THU_10.00-10.50'),
('THU_10.00-10.50_36', 'N28a-01-01', NULL, NULL, NULL, 'THU_10.00-10.50'),
('THU_10.00-10.50_37', 'N28a-01-02', NULL, NULL, NULL, 'THU_10.00-10.50'),
('THU_10.00-10.50_38', 'N28a-01-04', NULL, NULL, NULL, 'THU_10.00-10.50'),
('THU_10.00-10.50_39', 'N28a-01-05', NULL, NULL, NULL, 'THU_10.00-10.50'),
('THU_10.00-10.50_4', 'Block P19-DK6', NULL, NULL, NULL, 'THU_10.00-10.50'),
('THU_10.00-10.50_40', 'N28a-01-07', NULL, NULL, NULL, 'THU_10.00-10.50'),
('THU_10.00-10.50_41', 'N28a-01-15', NULL, NULL, NULL, 'THU_10.00-10.50'),
('THU_10.00-10.50_42', 'N28a-01-16', NULL, NULL, NULL, 'THU_10.00-10.50'),
('THU_10.00-10.50_43', 'N28a-01-19', NULL, NULL, NULL, 'THU_10.00-10.50'),
('THU_10.00-10.50_44', 'N28a-01-20', NULL, NULL, NULL, 'THU_10.00-10.50'),
('THU_10.00-10.50_45', 'N28A-02-33', NULL, NULL, NULL, 'THU_10.00-10.50'),
('THU_10.00-10.50_46', 'N28A-02-34', NULL, NULL, NULL, 'THU_10.00-10.50'),
('THU_10.00-10.50_5', 'N28-105-01', NULL, NULL, NULL, 'THU_10.00-10.50'),
('THU_10.00-10.50_6', 'N28-106-01', NULL, NULL, NULL, 'THU_10.00-10.50'),
('THU_10.00-10.50_7', 'N28-107-01', NULL, NULL, NULL, 'THU_10.00-10.50'),
('THU_10.00-10.50_8', 'N28-108-01', NULL, NULL, NULL, 'THU_10.00-10.50'),
('THU_10.00-10.50_9', 'N28-111-01', NULL, NULL, NULL, 'THU_10.00-10.50'),
('THU_11.00-11.50_1', 'Block L50', NULL, NULL, NULL, 'THU_11.00-11.50'),
('THU_11.00-11.50_10', 'N28-112-02', NULL, NULL, NULL, 'THU_11.00-11.50'),
('THU_11.00-11.50_11', 'N28-116-02', NULL, NULL, NULL, 'THU_11.00-11.50'),
('THU_11.00-11.50_12', 'N28-202-01', NULL, NULL, NULL, 'THU_11.00-11.50'),
('THU_11.00-11.50_13', 'N28-203-01', NULL, NULL, NULL, 'THU_11.00-11.50'),
('THU_11.00-11.50_14', 'N28-204-01', NULL, NULL, NULL, 'THU_11.00-11.50'),
('THU_11.00-11.50_15', 'N28-223-02', NULL, NULL, NULL, 'THU_11.00-11.50'),
('THU_11.00-11.50_16', 'N28-301-01', NULL, NULL, NULL, 'THU_11.00-11.50'),
('THU_11.00-11.50_17', 'N28-321-02', NULL, NULL, NULL, 'THU_11.00-11.50'),
('THU_11.00-11.50_18', 'N28-322-02', NULL, NULL, NULL, 'THU_11.00-11.50'),
('THU_11.00-11.50_19', 'N28-329-01', NULL, NULL, NULL, 'THU_11.00-11.50'),
('THU_11.00-11.50_2', 'Block P19-DK4', NULL, NULL, NULL, 'THU_11.00-11.50'),
('THU_11.00-11.50_20', 'N28-330-01', NULL, NULL, NULL, 'THU_11.00-11.50'),
('THU_11.00-11.50_21', 'N28-350-03', NULL, NULL, NULL, 'THU_11.00-11.50'),
('THU_11.00-11.50_22', 'N28-351-02', NULL, NULL, NULL, 'THU_11.00-11.50'),
('THU_11.00-11.50_23', 'N28-352-01', NULL, NULL, NULL, 'THU_11.00-11.50'),
('THU_11.00-11.50_24', 'N28-422-01', NULL, NULL, NULL, 'THU_11.00-11.50'),
('THU_11.00-11.50_25', 'N28-423-01', NULL, NULL, NULL, 'THU_11.00-11.50'),
('THU_11.00-11.50_26', 'N28-502-01', NULL, NULL, NULL, 'THU_11.00-11.50'),
('THU_11.00-11.50_27', 'N28-505-01', NULL, NULL, NULL, 'THU_11.00-11.50'),
('THU_11.00-11.50_28', 'N28-506-01', NULL, NULL, NULL, 'THU_11.00-11.50'),
('THU_11.00-11.50_29', 'N28-512-01', NULL, NULL, NULL, 'THU_11.00-11.50'),
('THU_11.00-11.50_3', 'Block P19-DK5', NULL, NULL, NULL, 'THU_11.00-11.50'),
('THU_11.00-11.50_30', 'N28-516-01', 'Y3/S1', 'LC064', 'SECJ3303_04', 'THU_11.00-11.50'),
('THU_11.00-11.50_31', 'N28-517-02', NULL, NULL, NULL, 'THU_11.00-11.50'),
('THU_11.00-11.50_32', 'N28-518-02', NULL, NULL, NULL, 'THU_11.00-11.50'),
('THU_11.00-11.50_33', 'N28-524-02', NULL, NULL, NULL, 'THU_11.00-11.50'),
('THU_11.00-11.50_34', 'N28-525-01', NULL, NULL, NULL, 'THU_11.00-11.50'),
('THU_11.00-11.50_35', 'N28-527-02', NULL, NULL, NULL, 'THU_11.00-11.50'),
('THU_11.00-11.50_36', 'N28a-01-01', NULL, NULL, NULL, 'THU_11.00-11.50'),
('THU_11.00-11.50_37', 'N28a-01-02', NULL, NULL, NULL, 'THU_11.00-11.50'),
('THU_11.00-11.50_38', 'N28a-01-04', NULL, NULL, NULL, 'THU_11.00-11.50'),
('THU_11.00-11.50_39', 'N28a-01-05', NULL, NULL, NULL, 'THU_11.00-11.50'),
('THU_11.00-11.50_4', 'Block P19-DK6', NULL, NULL, NULL, 'THU_11.00-11.50'),
('THU_11.00-11.50_40', 'N28a-01-07', NULL, NULL, NULL, 'THU_11.00-11.50'),
('THU_11.00-11.50_41', 'N28a-01-15', NULL, NULL, NULL, 'THU_11.00-11.50'),
('THU_11.00-11.50_42', 'N28a-01-16', NULL, NULL, NULL, 'THU_11.00-11.50'),
('THU_11.00-11.50_43', 'N28a-01-19', NULL, NULL, NULL, 'THU_11.00-11.50'),
('THU_11.00-11.50_44', 'N28a-01-20', NULL, NULL, NULL, 'THU_11.00-11.50'),
('THU_11.00-11.50_45', 'N28A-02-33', NULL, NULL, NULL, 'THU_11.00-11.50'),
('THU_11.00-11.50_46', 'N28A-02-34', NULL, NULL, NULL, 'THU_11.00-11.50'),
('THU_11.00-11.50_5', 'N28-105-01', NULL, NULL, NULL, 'THU_11.00-11.50'),
('THU_11.00-11.50_6', 'N28-106-01', NULL, NULL, NULL, 'THU_11.00-11.50'),
('THU_11.00-11.50_7', 'N28-107-01', NULL, NULL, NULL, 'THU_11.00-11.50'),
('THU_11.00-11.50_8', 'N28-108-01', NULL, NULL, NULL, 'THU_11.00-11.50'),
('THU_11.00-11.50_9', 'N28-111-01', NULL, NULL, NULL, 'THU_11.00-11.50'),
('THU_12.00-12.50_1', 'Block L50', NULL, NULL, NULL, 'THU_12.00-12.50'),
('THU_12.00-12.50_10', 'N28-112-02', NULL, NULL, NULL, 'THU_12.00-12.50'),
('THU_12.00-12.50_11', 'N28-116-02', NULL, NULL, NULL, 'THU_12.00-12.50'),
('THU_12.00-12.50_12', 'N28-202-01', NULL, NULL, NULL, 'THU_12.00-12.50'),
('THU_12.00-12.50_13', 'N28-203-01', NULL, NULL, NULL, 'THU_12.00-12.50'),
('THU_12.00-12.50_14', 'N28-204-01', NULL, NULL, NULL, 'THU_12.00-12.50'),
('THU_12.00-12.50_15', 'N28-223-02', NULL, NULL, NULL, 'THU_12.00-12.50'),
('THU_12.00-12.50_16', 'N28-301-01', NULL, NULL, NULL, 'THU_12.00-12.50'),
('THU_12.00-12.50_17', 'N28-321-02', NULL, NULL, NULL, 'THU_12.00-12.50'),
('THU_12.00-12.50_18', 'N28-322-02', NULL, NULL, NULL, 'THU_12.00-12.50'),
('THU_12.00-12.50_19', 'N28-329-01', NULL, NULL, NULL, 'THU_12.00-12.50'),
('THU_12.00-12.50_2', 'Block P19-DK4', NULL, NULL, NULL, 'THU_12.00-12.50'),
('THU_12.00-12.50_20', 'N28-330-01', NULL, NULL, NULL, 'THU_12.00-12.50'),
('THU_12.00-12.50_21', 'N28-350-03', NULL, NULL, NULL, 'THU_12.00-12.50'),
('THU_12.00-12.50_22', 'N28-351-02', NULL, NULL, NULL, 'THU_12.00-12.50'),
('THU_12.00-12.50_23', 'N28-352-01', NULL, NULL, NULL, 'THU_12.00-12.50'),
('THU_12.00-12.50_24', 'N28-422-01', NULL, NULL, NULL, 'THU_12.00-12.50'),
('THU_12.00-12.50_25', 'N28-423-01', NULL, NULL, NULL, 'THU_12.00-12.50'),
('THU_12.00-12.50_26', 'N28-502-01', NULL, NULL, NULL, 'THU_12.00-12.50'),
('THU_12.00-12.50_27', 'N28-505-01', NULL, NULL, NULL, 'THU_12.00-12.50'),
('THU_12.00-12.50_28', 'N28-506-01', NULL, NULL, NULL, 'THU_12.00-12.50'),
('THU_12.00-12.50_29', 'N28-512-01', NULL, NULL, NULL, 'THU_12.00-12.50'),
('THU_12.00-12.50_3', 'Block P19-DK5', NULL, NULL, NULL, 'THU_12.00-12.50'),
('THU_12.00-12.50_30', 'N28-516-01', 'Y3/S1', 'LC064', 'SECJ3303_04', 'THU_12.00-12.50'),
('THU_12.00-12.50_31', 'N28-517-02', NULL, NULL, NULL, 'THU_12.00-12.50'),
('THU_12.00-12.50_32', 'N28-518-02', NULL, NULL, NULL, 'THU_12.00-12.50'),
('THU_12.00-12.50_33', 'N28-524-02', NULL, NULL, NULL, 'THU_12.00-12.50'),
('THU_12.00-12.50_34', 'N28-525-01', NULL, NULL, NULL, 'THU_12.00-12.50'),
('THU_12.00-12.50_35', 'N28-527-02', NULL, NULL, NULL, 'THU_12.00-12.50'),
('THU_12.00-12.50_36', 'N28a-01-01', NULL, NULL, NULL, 'THU_12.00-12.50'),
('THU_12.00-12.50_37', 'N28a-01-02', NULL, NULL, NULL, 'THU_12.00-12.50'),
('THU_12.00-12.50_38', 'N28a-01-04', NULL, NULL, NULL, 'THU_12.00-12.50'),
('THU_12.00-12.50_39', 'N28a-01-05', NULL, NULL, NULL, 'THU_12.00-12.50'),
('THU_12.00-12.50_4', 'Block P19-DK6', NULL, NULL, NULL, 'THU_12.00-12.50'),
('THU_12.00-12.50_40', 'N28a-01-07', NULL, NULL, NULL, 'THU_12.00-12.50'),
('THU_12.00-12.50_41', 'N28a-01-15', NULL, NULL, NULL, 'THU_12.00-12.50'),
('THU_12.00-12.50_42', 'N28a-01-16', NULL, NULL, NULL, 'THU_12.00-12.50'),
('THU_12.00-12.50_43', 'N28a-01-19', NULL, NULL, NULL, 'THU_12.00-12.50'),
('THU_12.00-12.50_44', 'N28a-01-20', NULL, NULL, NULL, 'THU_12.00-12.50'),
('THU_12.00-12.50_45', 'N28A-02-33', NULL, NULL, NULL, 'THU_12.00-12.50'),
('THU_12.00-12.50_46', 'N28A-02-34', NULL, NULL, NULL, 'THU_12.00-12.50'),
('THU_12.00-12.50_5', 'N28-105-01', NULL, NULL, NULL, 'THU_12.00-12.50'),
('THU_12.00-12.50_6', 'N28-106-01', NULL, NULL, NULL, 'THU_12.00-12.50'),
('THU_12.00-12.50_7', 'N28-107-01', NULL, NULL, NULL, 'THU_12.00-12.50'),
('THU_12.00-12.50_8', 'N28-108-01', NULL, NULL, NULL, 'THU_12.00-12.50'),
('THU_12.00-12.50_9', 'N28-111-01', NULL, NULL, NULL, 'THU_12.00-12.50'),
('THU_2.00-2.50_1', 'Block L50', NULL, NULL, NULL, 'THU_2.00-2.50'),
('THU_2.00-2.50_10', 'N28-112-02', NULL, NULL, NULL, 'THU_2.00-2.50'),
('THU_2.00-2.50_11', 'N28-116-02', NULL, NULL, NULL, 'THU_2.00-2.50'),
('THU_2.00-2.50_12', 'N28-202-01', NULL, NULL, NULL, 'THU_2.00-2.50'),
('THU_2.00-2.50_13', 'N28-203-01', NULL, NULL, NULL, 'THU_2.00-2.50'),
('THU_2.00-2.50_14', 'N28-204-01', NULL, NULL, NULL, 'THU_2.00-2.50'),
('THU_2.00-2.50_15', 'N28-223-02', NULL, NULL, NULL, 'THU_2.00-2.50'),
('THU_2.00-2.50_16', 'N28-301-01', NULL, NULL, NULL, 'THU_2.00-2.50'),
('THU_2.00-2.50_17', 'N28-321-02', NULL, NULL, NULL, 'THU_2.00-2.50'),
('THU_2.00-2.50_18', 'N28-322-02', NULL, NULL, NULL, 'THU_2.00-2.50'),
('THU_2.00-2.50_19', 'N28-329-01', NULL, NULL, NULL, 'THU_2.00-2.50'),
('THU_2.00-2.50_2', 'Block P19-DK4', NULL, NULL, NULL, 'THU_2.00-2.50'),
('THU_2.00-2.50_20', 'N28-330-01', NULL, NULL, NULL, 'THU_2.00-2.50'),
('THU_2.00-2.50_21', 'N28-350-03', NULL, NULL, NULL, 'THU_2.00-2.50'),
('THU_2.00-2.50_22', 'N28-351-02', NULL, NULL, NULL, 'THU_2.00-2.50'),
('THU_2.00-2.50_23', 'N28-352-01', NULL, NULL, NULL, 'THU_2.00-2.50'),
('THU_2.00-2.50_24', 'N28-422-01', NULL, NULL, NULL, 'THU_2.00-2.50'),
('THU_2.00-2.50_25', 'N28-423-01', NULL, NULL, NULL, 'THU_2.00-2.50'),
('THU_2.00-2.50_26', 'N28-502-01', NULL, NULL, NULL, 'THU_2.00-2.50'),
('THU_2.00-2.50_27', 'N28-505-01', NULL, NULL, NULL, 'THU_2.00-2.50'),
('THU_2.00-2.50_28', 'N28-506-01', NULL, NULL, NULL, 'THU_2.00-2.50'),
('THU_2.00-2.50_29', 'N28-512-01', NULL, NULL, NULL, 'THU_2.00-2.50'),
('THU_2.00-2.50_3', 'Block P19-DK5', NULL, NULL, NULL, 'THU_2.00-2.50'),
('THU_2.00-2.50_30', 'N28-516-01', NULL, NULL, NULL, 'THU_2.00-2.50'),
('THU_2.00-2.50_31', 'N28-517-02', NULL, NULL, NULL, 'THU_2.00-2.50'),
('THU_2.00-2.50_32', 'N28-518-02', NULL, NULL, NULL, 'THU_2.00-2.50'),
('THU_2.00-2.50_33', 'N28-524-02', NULL, NULL, NULL, 'THU_2.00-2.50'),
('THU_2.00-2.50_34', 'N28-525-01', NULL, NULL, NULL, 'THU_2.00-2.50'),
('THU_2.00-2.50_35', 'N28-527-02', NULL, NULL, NULL, 'THU_2.00-2.50'),
('THU_2.00-2.50_36', 'N28a-01-01', NULL, NULL, NULL, 'THU_2.00-2.50'),
('THU_2.00-2.50_37', 'N28a-01-02', NULL, NULL, NULL, 'THU_2.00-2.50'),
('THU_2.00-2.50_38', 'N28a-01-04', NULL, NULL, NULL, 'THU_2.00-2.50'),
('THU_2.00-2.50_39', 'N28a-01-05', NULL, NULL, NULL, 'THU_2.00-2.50'),
('THU_2.00-2.50_4', 'Block P19-DK6', NULL, NULL, NULL, 'THU_2.00-2.50'),
('THU_2.00-2.50_40', 'N28a-01-07', NULL, NULL, NULL, 'THU_2.00-2.50'),
('THU_2.00-2.50_41', 'N28a-01-15', NULL, NULL, NULL, 'THU_2.00-2.50'),
('THU_2.00-2.50_42', 'N28a-01-16', NULL, NULL, NULL, 'THU_2.00-2.50'),
('THU_2.00-2.50_43', 'N28a-01-19', NULL, NULL, NULL, 'THU_2.00-2.50'),
('THU_2.00-2.50_44', 'N28a-01-20', NULL, NULL, NULL, 'THU_2.00-2.50'),
('THU_2.00-2.50_45', 'N28A-02-33', NULL, NULL, NULL, 'THU_2.00-2.50'),
('THU_2.00-2.50_46', 'N28A-02-34', NULL, NULL, NULL, 'THU_2.00-2.50'),
('THU_2.00-2.50_5', 'N28-105-01', NULL, NULL, NULL, 'THU_2.00-2.50'),
('THU_2.00-2.50_6', 'N28-106-01', NULL, NULL, NULL, 'THU_2.00-2.50'),
('THU_2.00-2.50_7', 'N28-107-01', NULL, NULL, NULL, 'THU_2.00-2.50'),
('THU_2.00-2.50_8', 'N28-108-01', NULL, NULL, NULL, 'THU_2.00-2.50'),
('THU_2.00-2.50_9', 'N28-111-01', NULL, NULL, NULL, 'THU_2.00-2.50'),
('THU_3.00-3.50_1', 'Block L50', NULL, NULL, NULL, 'THU_3.00-3.50'),
('THU_3.00-3.50_10', 'N28-112-02', NULL, NULL, NULL, 'THU_3.00-3.50'),
('THU_3.00-3.50_11', 'N28-116-02', NULL, NULL, NULL, 'THU_3.00-3.50'),
('THU_3.00-3.50_12', 'N28-202-01', NULL, NULL, NULL, 'THU_3.00-3.50'),
('THU_3.00-3.50_13', 'N28-203-01', NULL, NULL, NULL, 'THU_3.00-3.50'),
('THU_3.00-3.50_14', 'N28-204-01', NULL, NULL, NULL, 'THU_3.00-3.50'),
('THU_3.00-3.50_15', 'N28-223-02', NULL, NULL, NULL, 'THU_3.00-3.50'),
('THU_3.00-3.50_16', 'N28-301-01', NULL, NULL, NULL, 'THU_3.00-3.50'),
('THU_3.00-3.50_17', 'N28-321-02', NULL, NULL, NULL, 'THU_3.00-3.50'),
('THU_3.00-3.50_18', 'N28-322-02', NULL, NULL, NULL, 'THU_3.00-3.50'),
('THU_3.00-3.50_19', 'N28-329-01', NULL, NULL, NULL, 'THU_3.00-3.50'),
('THU_3.00-3.50_2', 'Block P19-DK4', NULL, NULL, NULL, 'THU_3.00-3.50'),
('THU_3.00-3.50_20', 'N28-330-01', NULL, NULL, NULL, 'THU_3.00-3.50'),
('THU_3.00-3.50_21', 'N28-350-03', NULL, NULL, NULL, 'THU_3.00-3.50'),
('THU_3.00-3.50_22', 'N28-351-02', NULL, NULL, NULL, 'THU_3.00-3.50'),
('THU_3.00-3.50_23', 'N28-352-01', NULL, NULL, NULL, 'THU_3.00-3.50'),
('THU_3.00-3.50_24', 'N28-422-01', NULL, NULL, NULL, 'THU_3.00-3.50'),
('THU_3.00-3.50_25', 'N28-423-01', NULL, NULL, NULL, 'THU_3.00-3.50'),
('THU_3.00-3.50_26', 'N28-502-01', NULL, NULL, NULL, 'THU_3.00-3.50'),
('THU_3.00-3.50_27', 'N28-505-01', NULL, NULL, NULL, 'THU_3.00-3.50'),
('THU_3.00-3.50_28', 'N28-506-01', NULL, NULL, NULL, 'THU_3.00-3.50'),
('THU_3.00-3.50_29', 'N28-512-01', NULL, NULL, NULL, 'THU_3.00-3.50'),
('THU_3.00-3.50_3', 'Block P19-DK5', NULL, NULL, NULL, 'THU_3.00-3.50'),
('THU_3.00-3.50_30', 'N28-516-01', NULL, NULL, NULL, 'THU_3.00-3.50'),
('THU_3.00-3.50_31', 'N28-517-02', NULL, NULL, NULL, 'THU_3.00-3.50'),
('THU_3.00-3.50_32', 'N28-518-02', NULL, NULL, NULL, 'THU_3.00-3.50'),
('THU_3.00-3.50_33', 'N28-524-02', NULL, NULL, NULL, 'THU_3.00-3.50'),
('THU_3.00-3.50_34', 'N28-525-01', NULL, NULL, NULL, 'THU_3.00-3.50'),
('THU_3.00-3.50_35', 'N28-527-02', NULL, NULL, NULL, 'THU_3.00-3.50'),
('THU_3.00-3.50_36', 'N28a-01-01', NULL, NULL, NULL, 'THU_3.00-3.50'),
('THU_3.00-3.50_37', 'N28a-01-02', NULL, NULL, NULL, 'THU_3.00-3.50'),
('THU_3.00-3.50_38', 'N28a-01-04', NULL, NULL, NULL, 'THU_3.00-3.50'),
('THU_3.00-3.50_39', 'N28a-01-05', NULL, NULL, NULL, 'THU_3.00-3.50'),
('THU_3.00-3.50_4', 'Block P19-DK6', NULL, NULL, NULL, 'THU_3.00-3.50'),
('THU_3.00-3.50_40', 'N28a-01-07', NULL, NULL, NULL, 'THU_3.00-3.50'),
('THU_3.00-3.50_41', 'N28a-01-15', NULL, NULL, NULL, 'THU_3.00-3.50'),
('THU_3.00-3.50_42', 'N28a-01-16', NULL, NULL, NULL, 'THU_3.00-3.50'),
('THU_3.00-3.50_43', 'N28a-01-19', NULL, NULL, NULL, 'THU_3.00-3.50'),
('THU_3.00-3.50_44', 'N28a-01-20', NULL, NULL, NULL, 'THU_3.00-3.50'),
('THU_3.00-3.50_45', 'N28A-02-33', NULL, NULL, NULL, 'THU_3.00-3.50'),
('THU_3.00-3.50_46', 'N28A-02-34', NULL, NULL, NULL, 'THU_3.00-3.50'),
('THU_3.00-3.50_5', 'N28-105-01', NULL, NULL, NULL, 'THU_3.00-3.50'),
('THU_3.00-3.50_6', 'N28-106-01', NULL, NULL, NULL, 'THU_3.00-3.50'),
('THU_3.00-3.50_7', 'N28-107-01', NULL, NULL, NULL, 'THU_3.00-3.50'),
('THU_3.00-3.50_8', 'N28-108-01', NULL, NULL, NULL, 'THU_3.00-3.50'),
('THU_3.00-3.50_9', 'N28-111-01', NULL, NULL, NULL, 'THU_3.00-3.50'),
('THU_4.00-4.50_1', 'Block L50', NULL, NULL, NULL, 'THU_4.00-4.50'),
('THU_4.00-4.50_10', 'N28-112-02', NULL, NULL, NULL, 'THU_4.00-4.50'),
('THU_4.00-4.50_11', 'N28-116-02', NULL, NULL, NULL, 'THU_4.00-4.50'),
('THU_4.00-4.50_12', 'N28-202-01', NULL, NULL, NULL, 'THU_4.00-4.50'),
('THU_4.00-4.50_13', 'N28-203-01', NULL, NULL, NULL, 'THU_4.00-4.50'),
('THU_4.00-4.50_14', 'N28-204-01', NULL, NULL, NULL, 'THU_4.00-4.50'),
('THU_4.00-4.50_15', 'N28-223-02', NULL, NULL, NULL, 'THU_4.00-4.50'),
('THU_4.00-4.50_16', 'N28-301-01', NULL, NULL, NULL, 'THU_4.00-4.50'),
('THU_4.00-4.50_17', 'N28-321-02', NULL, NULL, NULL, 'THU_4.00-4.50'),
('THU_4.00-4.50_18', 'N28-322-02', NULL, NULL, NULL, 'THU_4.00-4.50'),
('THU_4.00-4.50_19', 'N28-329-01', NULL, NULL, NULL, 'THU_4.00-4.50'),
('THU_4.00-4.50_2', 'Block P19-DK4', NULL, NULL, NULL, 'THU_4.00-4.50'),
('THU_4.00-4.50_20', 'N28-330-01', NULL, NULL, NULL, 'THU_4.00-4.50'),
('THU_4.00-4.50_21', 'N28-350-03', NULL, NULL, NULL, 'THU_4.00-4.50'),
('THU_4.00-4.50_22', 'N28-351-02', NULL, NULL, NULL, 'THU_4.00-4.50'),
('THU_4.00-4.50_23', 'N28-352-01', NULL, NULL, NULL, 'THU_4.00-4.50'),
('THU_4.00-4.50_24', 'N28-422-01', NULL, NULL, NULL, 'THU_4.00-4.50'),
('THU_4.00-4.50_25', 'N28-423-01', NULL, NULL, NULL, 'THU_4.00-4.50'),
('THU_4.00-4.50_26', 'N28-502-01', NULL, NULL, NULL, 'THU_4.00-4.50'),
('THU_4.00-4.50_27', 'N28-505-01', NULL, NULL, NULL, 'THU_4.00-4.50'),
('THU_4.00-4.50_28', 'N28-506-01', NULL, NULL, NULL, 'THU_4.00-4.50'),
('THU_4.00-4.50_29', 'N28-512-01', NULL, NULL, NULL, 'THU_4.00-4.50'),
('THU_4.00-4.50_3', 'Block P19-DK5', NULL, NULL, NULL, 'THU_4.00-4.50'),
('THU_4.00-4.50_30', 'N28-516-01', NULL, NULL, NULL, 'THU_4.00-4.50'),
('THU_4.00-4.50_31', 'N28-517-02', NULL, NULL, NULL, 'THU_4.00-4.50'),
('THU_4.00-4.50_32', 'N28-518-02', NULL, NULL, NULL, 'THU_4.00-4.50'),
('THU_4.00-4.50_33', 'N28-524-02', NULL, NULL, NULL, 'THU_4.00-4.50'),
('THU_4.00-4.50_34', 'N28-525-01', NULL, NULL, NULL, 'THU_4.00-4.50'),
('THU_4.00-4.50_35', 'N28-527-02', NULL, NULL, NULL, 'THU_4.00-4.50'),
('THU_4.00-4.50_36', 'N28a-01-01', NULL, NULL, NULL, 'THU_4.00-4.50'),
('THU_4.00-4.50_37', 'N28a-01-02', NULL, NULL, NULL, 'THU_4.00-4.50'),
('THU_4.00-4.50_38', 'N28a-01-04', NULL, NULL, NULL, 'THU_4.00-4.50'),
('THU_4.00-4.50_39', 'N28a-01-05', NULL, NULL, NULL, 'THU_4.00-4.50'),
('THU_4.00-4.50_4', 'Block P19-DK6', NULL, NULL, NULL, 'THU_4.00-4.50'),
('THU_4.00-4.50_40', 'N28a-01-07', NULL, NULL, NULL, 'THU_4.00-4.50'),
('THU_4.00-4.50_41', 'N28a-01-15', NULL, NULL, NULL, 'THU_4.00-4.50'),
('THU_4.00-4.50_42', 'N28a-01-16', NULL, NULL, NULL, 'THU_4.00-4.50'),
('THU_4.00-4.50_43', 'N28a-01-19', NULL, NULL, NULL, 'THU_4.00-4.50'),
('THU_4.00-4.50_44', 'N28a-01-20', NULL, NULL, NULL, 'THU_4.00-4.50'),
('THU_4.00-4.50_45', 'N28A-02-33', NULL, NULL, NULL, 'THU_4.00-4.50'),
('THU_4.00-4.50_46', 'N28A-02-34', NULL, NULL, NULL, 'THU_4.00-4.50'),
('THU_4.00-4.50_5', 'N28-105-01', NULL, NULL, NULL, 'THU_4.00-4.50'),
('THU_4.00-4.50_6', 'N28-106-01', NULL, NULL, NULL, 'THU_4.00-4.50'),
('THU_4.00-4.50_7', 'N28-107-01', NULL, NULL, NULL, 'THU_4.00-4.50'),
('THU_4.00-4.50_8', 'N28-108-01', NULL, NULL, NULL, 'THU_4.00-4.50'),
('THU_4.00-4.50_9', 'N28-111-01', NULL, NULL, NULL, 'THU_4.00-4.50'),
('THU_8.00-8.50_1', 'Block L50', NULL, NULL, NULL, 'THU_8.00-8.50'),
('THU_8.00-8.50_10', 'N28-112-02', NULL, NULL, NULL, 'THU_8.00-8.50'),
('THU_8.00-8.50_11', 'N28-116-02', NULL, NULL, NULL, 'THU_8.00-8.50'),
('THU_8.00-8.50_12', 'N28-202-01', NULL, NULL, NULL, 'THU_8.00-8.50'),
('THU_8.00-8.50_13', 'N28-203-01', NULL, NULL, NULL, 'THU_8.00-8.50'),
('THU_8.00-8.50_14', 'N28-204-01', NULL, NULL, NULL, 'THU_8.00-8.50'),
('THU_8.00-8.50_15', 'N28-223-02', NULL, NULL, NULL, 'THU_8.00-8.50'),
('THU_8.00-8.50_16', 'N28-301-01', NULL, NULL, NULL, 'THU_8.00-8.50'),
('THU_8.00-8.50_17', 'N28-321-02', NULL, NULL, NULL, 'THU_8.00-8.50'),
('THU_8.00-8.50_18', 'N28-322-02', NULL, NULL, NULL, 'THU_8.00-8.50'),
('THU_8.00-8.50_19', 'N28-329-01', NULL, NULL, NULL, 'THU_8.00-8.50'),
('THU_8.00-8.50_2', 'Block P19-DK4', NULL, NULL, NULL, 'THU_8.00-8.50'),
('THU_8.00-8.50_20', 'N28-330-01', NULL, NULL, NULL, 'THU_8.00-8.50'),
('THU_8.00-8.50_21', 'N28-350-03', NULL, NULL, NULL, 'THU_8.00-8.50'),
('THU_8.00-8.50_22', 'N28-351-02', NULL, NULL, NULL, 'THU_8.00-8.50'),
('THU_8.00-8.50_23', 'N28-352-01', NULL, NULL, NULL, 'THU_8.00-8.50'),
('THU_8.00-8.50_24', 'N28-422-01', NULL, NULL, NULL, 'THU_8.00-8.50'),
('THU_8.00-8.50_25', 'N28-423-01', NULL, NULL, NULL, 'THU_8.00-8.50'),
('THU_8.00-8.50_26', 'N28-502-01', NULL, NULL, NULL, 'THU_8.00-8.50'),
('THU_8.00-8.50_27', 'N28-505-01', NULL, NULL, NULL, 'THU_8.00-8.50'),
('THU_8.00-8.50_28', 'N28-506-01', NULL, NULL, NULL, 'THU_8.00-8.50'),
('THU_8.00-8.50_29', 'N28-512-01', NULL, NULL, NULL, 'THU_8.00-8.50'),
('THU_8.00-8.50_3', 'Block P19-DK5', NULL, NULL, NULL, 'THU_8.00-8.50'),
('THU_8.00-8.50_30', 'N28-516-01', NULL, NULL, NULL, 'THU_8.00-8.50'),
('THU_8.00-8.50_31', 'N28-517-02', NULL, NULL, NULL, 'THU_8.00-8.50'),
('THU_8.00-8.50_32', 'N28-518-02', NULL, NULL, NULL, 'THU_8.00-8.50'),
('THU_8.00-8.50_33', 'N28-524-02', NULL, NULL, NULL, 'THU_8.00-8.50'),
('THU_8.00-8.50_34', 'N28-525-01', NULL, NULL, NULL, 'THU_8.00-8.50'),
('THU_8.00-8.50_35', 'N28-527-02', NULL, NULL, NULL, 'THU_8.00-8.50'),
('THU_8.00-8.50_36', 'N28a-01-01', NULL, NULL, NULL, 'THU_8.00-8.50'),
('THU_8.00-8.50_37', 'N28a-01-02', NULL, NULL, NULL, 'THU_8.00-8.50'),
('THU_8.00-8.50_38', 'N28a-01-04', NULL, NULL, NULL, 'THU_8.00-8.50'),
('THU_8.00-8.50_39', 'N28a-01-05', NULL, NULL, NULL, 'THU_8.00-8.50'),
('THU_8.00-8.50_4', 'Block P19-DK6', NULL, NULL, NULL, 'THU_8.00-8.50'),
('THU_8.00-8.50_40', 'N28a-01-07', NULL, NULL, NULL, 'THU_8.00-8.50'),
('THU_8.00-8.50_41', 'N28a-01-15', NULL, NULL, NULL, 'THU_8.00-8.50'),
('THU_8.00-8.50_42', 'N28a-01-16', NULL, NULL, NULL, 'THU_8.00-8.50'),
('THU_8.00-8.50_43', 'N28a-01-19', NULL, NULL, NULL, 'THU_8.00-8.50'),
('THU_8.00-8.50_44', 'N28a-01-20', NULL, NULL, NULL, 'THU_8.00-8.50'),
('THU_8.00-8.50_45', 'N28A-02-33', NULL, NULL, NULL, 'THU_8.00-8.50'),
('THU_8.00-8.50_46', 'N28A-02-34', NULL, NULL, NULL, 'THU_8.00-8.50'),
('THU_8.00-8.50_5', 'N28-105-01', NULL, NULL, NULL, 'THU_8.00-8.50'),
('THU_8.00-8.50_6', 'N28-106-01', NULL, NULL, NULL, 'THU_8.00-8.50'),
('THU_8.00-8.50_7', 'N28-107-01', NULL, NULL, NULL, 'THU_8.00-8.50'),
('THU_8.00-8.50_8', 'N28-108-01', NULL, NULL, NULL, 'THU_8.00-8.50'),
('THU_8.00-8.50_9', 'N28-111-01', NULL, NULL, NULL, 'THU_8.00-8.50'),
('THU_9.00-9.50_1', 'Block L50', NULL, NULL, NULL, 'THU_9.00-9.50'),
('THU_9.00-9.50_10', 'N28-112-02', NULL, NULL, NULL, 'THU_9.00-9.50'),
('THU_9.00-9.50_11', 'N28-116-02', NULL, NULL, NULL, 'THU_9.00-9.50'),
('THU_9.00-9.50_12', 'N28-202-01', NULL, NULL, NULL, 'THU_9.00-9.50'),
('THU_9.00-9.50_13', 'N28-203-01', NULL, NULL, NULL, 'THU_9.00-9.50'),
('THU_9.00-9.50_14', 'N28-204-01', NULL, NULL, NULL, 'THU_9.00-9.50'),
('THU_9.00-9.50_15', 'N28-223-02', NULL, NULL, NULL, 'THU_9.00-9.50'),
('THU_9.00-9.50_16', 'N28-301-01', NULL, NULL, NULL, 'THU_9.00-9.50'),
('THU_9.00-9.50_17', 'N28-321-02', NULL, NULL, NULL, 'THU_9.00-9.50'),
('THU_9.00-9.50_18', 'N28-322-02', NULL, NULL, NULL, 'THU_9.00-9.50'),
('THU_9.00-9.50_19', 'N28-329-01', NULL, NULL, NULL, 'THU_9.00-9.50'),
('THU_9.00-9.50_2', 'Block P19-DK4', NULL, NULL, NULL, 'THU_9.00-9.50'),
('THU_9.00-9.50_20', 'N28-330-01', NULL, NULL, NULL, 'THU_9.00-9.50'),
('THU_9.00-9.50_21', 'N28-350-03', NULL, NULL, NULL, 'THU_9.00-9.50'),
('THU_9.00-9.50_22', 'N28-351-02', NULL, NULL, NULL, 'THU_9.00-9.50'),
('THU_9.00-9.50_23', 'N28-352-01', NULL, NULL, NULL, 'THU_9.00-9.50'),
('THU_9.00-9.50_24', 'N28-422-01', NULL, NULL, NULL, 'THU_9.00-9.50'),
('THU_9.00-9.50_25', 'N28-423-01', NULL, NULL, NULL, 'THU_9.00-9.50'),
('THU_9.00-9.50_26', 'N28-502-01', NULL, NULL, NULL, 'THU_9.00-9.50'),
('THU_9.00-9.50_27', 'N28-505-01', NULL, NULL, NULL, 'THU_9.00-9.50'),
('THU_9.00-9.50_28', 'N28-506-01', NULL, NULL, NULL, 'THU_9.00-9.50'),
('THU_9.00-9.50_29', 'N28-512-01', NULL, NULL, NULL, 'THU_9.00-9.50'),
('THU_9.00-9.50_3', 'Block P19-DK5', NULL, NULL, NULL, 'THU_9.00-9.50'),
('THU_9.00-9.50_30', 'N28-516-01', NULL, NULL, NULL, 'THU_9.00-9.50'),
('THU_9.00-9.50_31', 'N28-517-02', NULL, NULL, NULL, 'THU_9.00-9.50'),
('THU_9.00-9.50_32', 'N28-518-02', NULL, NULL, NULL, 'THU_9.00-9.50'),
('THU_9.00-9.50_33', 'N28-524-02', NULL, NULL, NULL, 'THU_9.00-9.50'),
('THU_9.00-9.50_34', 'N28-525-01', NULL, NULL, NULL, 'THU_9.00-9.50'),
('THU_9.00-9.50_35', 'N28-527-02', NULL, NULL, NULL, 'THU_9.00-9.50'),
('THU_9.00-9.50_36', 'N28a-01-01', NULL, NULL, NULL, 'THU_9.00-9.50'),
('THU_9.00-9.50_37', 'N28a-01-02', NULL, NULL, NULL, 'THU_9.00-9.50'),
('THU_9.00-9.50_38', 'N28a-01-04', NULL, NULL, NULL, 'THU_9.00-9.50'),
('THU_9.00-9.50_39', 'N28a-01-05', NULL, NULL, NULL, 'THU_9.00-9.50'),
('THU_9.00-9.50_4', 'Block P19-DK6', NULL, NULL, NULL, 'THU_9.00-9.50'),
('THU_9.00-9.50_40', 'N28a-01-07', NULL, NULL, NULL, 'THU_9.00-9.50'),
('THU_9.00-9.50_41', 'N28a-01-15', NULL, NULL, NULL, 'THU_9.00-9.50'),
('THU_9.00-9.50_42', 'N28a-01-16', NULL, NULL, NULL, 'THU_9.00-9.50'),
('THU_9.00-9.50_43', 'N28a-01-19', NULL, NULL, NULL, 'THU_9.00-9.50'),
('THU_9.00-9.50_44', 'N28a-01-20', NULL, NULL, NULL, 'THU_9.00-9.50'),
('THU_9.00-9.50_45', 'N28A-02-33', NULL, NULL, NULL, 'THU_9.00-9.50'),
('THU_9.00-9.50_46', 'N28A-02-34', NULL, NULL, NULL, 'THU_9.00-9.50'),
('THU_9.00-9.50_5', 'N28-105-01', NULL, NULL, NULL, 'THU_9.00-9.50'),
('THU_9.00-9.50_6', 'N28-106-01', NULL, NULL, NULL, 'THU_9.00-9.50'),
('THU_9.00-9.50_7', 'N28-107-01', NULL, NULL, NULL, 'THU_9.00-9.50'),
('THU_9.00-9.50_8', 'N28-108-01', NULL, NULL, NULL, 'THU_9.00-9.50'),
('THU_9.00-9.50_9', 'N28-111-01', NULL, NULL, NULL, 'THU_9.00-9.50'),
('TUE_10.00-10.50_1', 'Block L50', NULL, NULL, NULL, 'TUE_10.00-10.50'),
('TUE_10.00-10.50_10', 'N28-112-02', NULL, NULL, NULL, 'TUE_10.00-10.50'),
('TUE_10.00-10.50_11', 'N28-116-02', NULL, NULL, NULL, 'TUE_10.00-10.50'),
('TUE_10.00-10.50_12', 'N28-202-01', NULL, NULL, NULL, 'TUE_10.00-10.50'),
('TUE_10.00-10.50_13', 'N28-203-01', NULL, NULL, NULL, 'TUE_10.00-10.50'),
('TUE_10.00-10.50_14', 'N28-204-01', NULL, NULL, NULL, 'TUE_10.00-10.50'),
('TUE_10.00-10.50_15', 'N28-223-02', NULL, NULL, NULL, 'TUE_10.00-10.50'),
('TUE_10.00-10.50_16', 'N28-301-01', NULL, NULL, NULL, 'TUE_10.00-10.50'),
('TUE_10.00-10.50_17', 'N28-321-02', NULL, NULL, NULL, 'TUE_10.00-10.50'),
('TUE_10.00-10.50_18', 'N28-322-02', NULL, NULL, NULL, 'TUE_10.00-10.50'),
('TUE_10.00-10.50_19', 'N28-329-01', NULL, NULL, NULL, 'TUE_10.00-10.50'),
('TUE_10.00-10.50_2', 'Block P19-DK4', NULL, NULL, NULL, 'TUE_10.00-10.50'),
('TUE_10.00-10.50_20', 'N28-330-01', NULL, NULL, NULL, 'TUE_10.00-10.50'),
('TUE_10.00-10.50_21', 'N28-350-03', NULL, NULL, NULL, 'TUE_10.00-10.50'),
('TUE_10.00-10.50_22', 'N28-351-02', NULL, NULL, NULL, 'TUE_10.00-10.50'),
('TUE_10.00-10.50_23', 'N28-352-01', NULL, NULL, NULL, 'TUE_10.00-10.50'),
('TUE_10.00-10.50_24', 'N28-422-01', NULL, NULL, NULL, 'TUE_10.00-10.50'),
('TUE_10.00-10.50_25', 'N28-423-01', NULL, NULL, NULL, 'TUE_10.00-10.50'),
('TUE_10.00-10.50_26', 'N28-502-01', 'Y3/S1', 'LC071', 'SECJ3553_01', 'TUE_10.00-10.50'),
('TUE_10.00-10.50_27', 'N28-505-01', NULL, NULL, NULL, 'TUE_10.00-10.50'),
('TUE_10.00-10.50_28', 'N28-506-01', NULL, NULL, NULL, 'TUE_10.00-10.50'),
('TUE_10.00-10.50_29', 'N28-512-01', NULL, NULL, NULL, 'TUE_10.00-10.50'),
('TUE_10.00-10.50_3', 'Block P19-DK5', NULL, NULL, NULL, 'TUE_10.00-10.50'),
('TUE_10.00-10.50_30', 'N28-516-01', 'Y3/S1', 'LC073', 'SECJ3553_02', 'TUE_10.00-10.50'),
('TUE_10.00-10.50_31', 'N28-517-02', NULL, NULL, NULL, 'TUE_10.00-10.50'),
('TUE_10.00-10.50_32', 'N28-518-02', NULL, NULL, NULL, 'TUE_10.00-10.50'),
('TUE_10.00-10.50_33', 'N28-524-02', NULL, NULL, NULL, 'TUE_10.00-10.50'),
('TUE_10.00-10.50_34', 'N28-525-01', NULL, NULL, NULL, 'TUE_10.00-10.50'),
('TUE_10.00-10.50_35', 'N28-527-02', NULL, NULL, NULL, 'TUE_10.00-10.50'),
('TUE_10.00-10.50_36', 'N28a-01-01', NULL, NULL, NULL, 'TUE_10.00-10.50'),
('TUE_10.00-10.50_37', 'N28a-01-02', NULL, NULL, NULL, 'TUE_10.00-10.50'),
('TUE_10.00-10.50_38', 'N28a-01-04', NULL, NULL, NULL, 'TUE_10.00-10.50'),
('TUE_10.00-10.50_39', 'N28a-01-05', NULL, NULL, NULL, 'TUE_10.00-10.50'),
('TUE_10.00-10.50_4', 'Block P19-DK6', NULL, NULL, NULL, 'TUE_10.00-10.50'),
('TUE_10.00-10.50_40', 'N28a-01-07', NULL, NULL, NULL, 'TUE_10.00-10.50'),
('TUE_10.00-10.50_41', 'N28a-01-15', NULL, NULL, NULL, 'TUE_10.00-10.50'),
('TUE_10.00-10.50_42', 'N28a-01-16', NULL, NULL, NULL, 'TUE_10.00-10.50'),
('TUE_10.00-10.50_43', 'N28a-01-19', NULL, NULL, NULL, 'TUE_10.00-10.50'),
('TUE_10.00-10.50_44', 'N28a-01-20', NULL, NULL, NULL, 'TUE_10.00-10.50'),
('TUE_10.00-10.50_45', 'N28A-02-33', NULL, NULL, NULL, 'TUE_10.00-10.50'),
('TUE_10.00-10.50_46', 'N28A-02-34', NULL, NULL, NULL, 'TUE_10.00-10.50'),
('TUE_10.00-10.50_5', 'N28-105-01', NULL, NULL, NULL, 'TUE_10.00-10.50'),
('TUE_10.00-10.50_6', 'N28-106-01', NULL, NULL, NULL, 'TUE_10.00-10.50'),
('TUE_10.00-10.50_7', 'N28-107-01', NULL, NULL, NULL, 'TUE_10.00-10.50'),
('TUE_10.00-10.50_8', 'N28-108-01', NULL, NULL, NULL, 'TUE_10.00-10.50'),
('TUE_10.00-10.50_9', 'N28-111-01', NULL, NULL, NULL, 'TUE_10.00-10.50'),
('TUE_11.00-11.50_1', 'Block L50', NULL, NULL, NULL, 'TUE_11.00-11.50'),
('TUE_11.00-11.50_10', 'N28-112-02', NULL, NULL, NULL, 'TUE_11.00-11.50'),
('TUE_11.00-11.50_11', 'N28-116-02', NULL, NULL, NULL, 'TUE_11.00-11.50'),
('TUE_11.00-11.50_12', 'N28-202-01', NULL, NULL, NULL, 'TUE_11.00-11.50'),
('TUE_11.00-11.50_13', 'N28-203-01', NULL, NULL, NULL, 'TUE_11.00-11.50'),
('TUE_11.00-11.50_14', 'N28-204-01', NULL, NULL, NULL, 'TUE_11.00-11.50'),
('TUE_11.00-11.50_15', 'N28-223-02', NULL, NULL, NULL, 'TUE_11.00-11.50'),
('TUE_11.00-11.50_16', 'N28-301-01', NULL, NULL, NULL, 'TUE_11.00-11.50'),
('TUE_11.00-11.50_17', 'N28-321-02', NULL, NULL, NULL, 'TUE_11.00-11.50'),
('TUE_11.00-11.50_18', 'N28-322-02', NULL, NULL, NULL, 'TUE_11.00-11.50'),
('TUE_11.00-11.50_19', 'N28-329-01', NULL, NULL, NULL, 'TUE_11.00-11.50'),
('TUE_11.00-11.50_2', 'Block P19-DK4', NULL, NULL, NULL, 'TUE_11.00-11.50'),
('TUE_11.00-11.50_20', 'N28-330-01', NULL, NULL, NULL, 'TUE_11.00-11.50'),
('TUE_11.00-11.50_21', 'N28-350-03', NULL, NULL, NULL, 'TUE_11.00-11.50'),
('TUE_11.00-11.50_22', 'N28-351-02', NULL, NULL, NULL, 'TUE_11.00-11.50'),
('TUE_11.00-11.50_23', 'N28-352-01', NULL, NULL, NULL, 'TUE_11.00-11.50'),
('TUE_11.00-11.50_24', 'N28-422-01', NULL, NULL, NULL, 'TUE_11.00-11.50'),
('TUE_11.00-11.50_25', 'N28-423-01', NULL, NULL, NULL, 'TUE_11.00-11.50'),
('TUE_11.00-11.50_26', 'N28-502-01', 'Y3/S1', 'LC071', 'SECJ3553_01', 'TUE_11.00-11.50'),
('TUE_11.00-11.50_27', 'N28-505-01', NULL, NULL, NULL, 'TUE_11.00-11.50'),
('TUE_11.00-11.50_28', 'N28-506-01', NULL, NULL, NULL, 'TUE_11.00-11.50'),
('TUE_11.00-11.50_29', 'N28-512-01', NULL, NULL, NULL, 'TUE_11.00-11.50'),
('TUE_11.00-11.50_3', 'Block P19-DK5', NULL, NULL, NULL, 'TUE_11.00-11.50'),
('TUE_11.00-11.50_30', 'N28-516-01', 'Y3/S1', 'LC073', 'SECJ3553_02', 'TUE_11.00-11.50'),
('TUE_11.00-11.50_31', 'N28-517-02', NULL, NULL, NULL, 'TUE_11.00-11.50'),
('TUE_11.00-11.50_32', 'N28-518-02', NULL, NULL, NULL, 'TUE_11.00-11.50'),
('TUE_11.00-11.50_33', 'N28-524-02', NULL, NULL, NULL, 'TUE_11.00-11.50'),
('TUE_11.00-11.50_34', 'N28-525-01', NULL, NULL, NULL, 'TUE_11.00-11.50'),
('TUE_11.00-11.50_35', 'N28-527-02', NULL, NULL, NULL, 'TUE_11.00-11.50'),
('TUE_11.00-11.50_36', 'N28a-01-01', NULL, NULL, NULL, 'TUE_11.00-11.50'),
('TUE_11.00-11.50_37', 'N28a-01-02', NULL, NULL, NULL, 'TUE_11.00-11.50'),
('TUE_11.00-11.50_38', 'N28a-01-04', NULL, NULL, NULL, 'TUE_11.00-11.50'),
('TUE_11.00-11.50_39', 'N28a-01-05', NULL, NULL, NULL, 'TUE_11.00-11.50'),
('TUE_11.00-11.50_4', 'Block P19-DK6', NULL, NULL, NULL, 'TUE_11.00-11.50'),
('TUE_11.00-11.50_40', 'N28a-01-07', NULL, NULL, NULL, 'TUE_11.00-11.50'),
('TUE_11.00-11.50_41', 'N28a-01-15', NULL, NULL, NULL, 'TUE_11.00-11.50'),
('TUE_11.00-11.50_42', 'N28a-01-16', NULL, NULL, NULL, 'TUE_11.00-11.50'),
('TUE_11.00-11.50_43', 'N28a-01-19', NULL, NULL, NULL, 'TUE_11.00-11.50'),
('TUE_11.00-11.50_44', 'N28a-01-20', NULL, NULL, NULL, 'TUE_11.00-11.50'),
('TUE_11.00-11.50_45', 'N28A-02-33', NULL, NULL, NULL, 'TUE_11.00-11.50'),
('TUE_11.00-11.50_46', 'N28A-02-34', NULL, NULL, NULL, 'TUE_11.00-11.50'),
('TUE_11.00-11.50_5', 'N28-105-01', NULL, NULL, NULL, 'TUE_11.00-11.50'),
('TUE_11.00-11.50_6', 'N28-106-01', NULL, NULL, NULL, 'TUE_11.00-11.50'),
('TUE_11.00-11.50_7', 'N28-107-01', NULL, NULL, NULL, 'TUE_11.00-11.50'),
('TUE_11.00-11.50_8', 'N28-108-01', NULL, NULL, NULL, 'TUE_11.00-11.50'),
('TUE_11.00-11.50_9', 'N28-111-01', NULL, NULL, NULL, 'TUE_11.00-11.50'),
('TUE_12.00-12.50_1', 'Block L50', NULL, NULL, NULL, 'TUE_12.00-12.50'),
('TUE_12.00-12.50_10', 'N28-112-02', NULL, NULL, NULL, 'TUE_12.00-12.50'),
('TUE_12.00-12.50_11', 'N28-116-02', NULL, NULL, NULL, 'TUE_12.00-12.50'),
('TUE_12.00-12.50_12', 'N28-202-01', NULL, NULL, NULL, 'TUE_12.00-12.50'),
('TUE_12.00-12.50_13', 'N28-203-01', NULL, NULL, NULL, 'TUE_12.00-12.50'),
('TUE_12.00-12.50_14', 'N28-204-01', NULL, NULL, NULL, 'TUE_12.00-12.50'),
('TUE_12.00-12.50_15', 'N28-223-02', NULL, NULL, NULL, 'TUE_12.00-12.50'),
('TUE_12.00-12.50_16', 'N28-301-01', NULL, NULL, NULL, 'TUE_12.00-12.50'),
('TUE_12.00-12.50_17', 'N28-321-02', NULL, NULL, NULL, 'TUE_12.00-12.50'),
('TUE_12.00-12.50_18', 'N28-322-02', NULL, NULL, NULL, 'TUE_12.00-12.50'),
('TUE_12.00-12.50_19', 'N28-329-01', NULL, NULL, NULL, 'TUE_12.00-12.50'),
('TUE_12.00-12.50_2', 'Block P19-DK4', NULL, NULL, NULL, 'TUE_12.00-12.50'),
('TUE_12.00-12.50_20', 'N28-330-01', NULL, NULL, NULL, 'TUE_12.00-12.50'),
('TUE_12.00-12.50_21', 'N28-350-03', NULL, NULL, NULL, 'TUE_12.00-12.50'),
('TUE_12.00-12.50_22', 'N28-351-02', NULL, NULL, NULL, 'TUE_12.00-12.50'),
('TUE_12.00-12.50_23', 'N28-352-01', NULL, NULL, NULL, 'TUE_12.00-12.50'),
('TUE_12.00-12.50_24', 'N28-422-01', NULL, NULL, NULL, 'TUE_12.00-12.50'),
('TUE_12.00-12.50_25', 'N28-423-01', NULL, NULL, NULL, 'TUE_12.00-12.50'),
('TUE_12.00-12.50_26', 'N28-502-01', NULL, NULL, NULL, 'TUE_12.00-12.50'),
('TUE_12.00-12.50_27', 'N28-505-01', NULL, NULL, NULL, 'TUE_12.00-12.50'),
('TUE_12.00-12.50_28', 'N28-506-01', NULL, NULL, NULL, 'TUE_12.00-12.50'),
('TUE_12.00-12.50_29', 'N28-512-01', NULL, NULL, NULL, 'TUE_12.00-12.50'),
('TUE_12.00-12.50_3', 'Block P19-DK5', NULL, NULL, NULL, 'TUE_12.00-12.50'),
('TUE_12.00-12.50_30', 'N28-516-01', NULL, NULL, NULL, 'TUE_12.00-12.50'),
('TUE_12.00-12.50_31', 'N28-517-02', NULL, NULL, NULL, 'TUE_12.00-12.50'),
('TUE_12.00-12.50_32', 'N28-518-02', NULL, NULL, NULL, 'TUE_12.00-12.50'),
('TUE_12.00-12.50_33', 'N28-524-02', NULL, NULL, NULL, 'TUE_12.00-12.50'),
('TUE_12.00-12.50_34', 'N28-525-01', NULL, NULL, NULL, 'TUE_12.00-12.50'),
('TUE_12.00-12.50_35', 'N28-527-02', NULL, NULL, NULL, 'TUE_12.00-12.50'),
('TUE_12.00-12.50_36', 'N28a-01-01', NULL, NULL, NULL, 'TUE_12.00-12.50'),
('TUE_12.00-12.50_37', 'N28a-01-02', NULL, NULL, NULL, 'TUE_12.00-12.50'),
('TUE_12.00-12.50_38', 'N28a-01-04', NULL, NULL, NULL, 'TUE_12.00-12.50'),
('TUE_12.00-12.50_39', 'N28a-01-05', NULL, NULL, NULL, 'TUE_12.00-12.50'),
('TUE_12.00-12.50_4', 'Block P19-DK6', NULL, NULL, NULL, 'TUE_12.00-12.50'),
('TUE_12.00-12.50_40', 'N28a-01-07', NULL, NULL, NULL, 'TUE_12.00-12.50'),
('TUE_12.00-12.50_41', 'N28a-01-15', NULL, NULL, NULL, 'TUE_12.00-12.50'),
('TUE_12.00-12.50_42', 'N28a-01-16', NULL, NULL, NULL, 'TUE_12.00-12.50'),
('TUE_12.00-12.50_43', 'N28a-01-19', NULL, NULL, NULL, 'TUE_12.00-12.50'),
('TUE_12.00-12.50_44', 'N28a-01-20', NULL, NULL, NULL, 'TUE_12.00-12.50'),
('TUE_12.00-12.50_45', 'N28A-02-33', NULL, NULL, NULL, 'TUE_12.00-12.50'),
('TUE_12.00-12.50_46', 'N28A-02-34', NULL, NULL, NULL, 'TUE_12.00-12.50'),
('TUE_12.00-12.50_5', 'N28-105-01', NULL, NULL, NULL, 'TUE_12.00-12.50'),
('TUE_12.00-12.50_6', 'N28-106-01', NULL, NULL, NULL, 'TUE_12.00-12.50'),
('TUE_12.00-12.50_7', 'N28-107-01', NULL, NULL, NULL, 'TUE_12.00-12.50'),
('TUE_12.00-12.50_8', 'N28-108-01', NULL, NULL, NULL, 'TUE_12.00-12.50'),
('TUE_12.00-12.50_9', 'N28-111-01', NULL, NULL, NULL, 'TUE_12.00-12.50'),
('TUE_2.00-2.50_1', 'Block L50', NULL, NULL, NULL, 'TUE_2.00-2.50'),
('TUE_2.00-2.50_10', 'N28-112-02', NULL, NULL, NULL, 'TUE_2.00-2.50'),
('TUE_2.00-2.50_11', 'N28-116-02', NULL, NULL, NULL, 'TUE_2.00-2.50'),
('TUE_2.00-2.50_12', 'N28-202-01', NULL, NULL, NULL, 'TUE_2.00-2.50'),
('TUE_2.00-2.50_13', 'N28-203-01', NULL, NULL, NULL, 'TUE_2.00-2.50'),
('TUE_2.00-2.50_14', 'N28-204-01', NULL, NULL, NULL, 'TUE_2.00-2.50'),
('TUE_2.00-2.50_15', 'N28-223-02', NULL, NULL, NULL, 'TUE_2.00-2.50'),
('TUE_2.00-2.50_16', 'N28-301-01', NULL, NULL, NULL, 'TUE_2.00-2.50'),
('TUE_2.00-2.50_17', 'N28-321-02', NULL, NULL, NULL, 'TUE_2.00-2.50'),
('TUE_2.00-2.50_18', 'N28-322-02', NULL, NULL, NULL, 'TUE_2.00-2.50'),
('TUE_2.00-2.50_19', 'N28-329-01', NULL, NULL, NULL, 'TUE_2.00-2.50'),
('TUE_2.00-2.50_2', 'Block P19-DK4', NULL, NULL, NULL, 'TUE_2.00-2.50'),
('TUE_2.00-2.50_20', 'N28-330-01', NULL, NULL, NULL, 'TUE_2.00-2.50'),
('TUE_2.00-2.50_21', 'N28-350-03', NULL, NULL, NULL, 'TUE_2.00-2.50'),
('TUE_2.00-2.50_22', 'N28-351-02', NULL, NULL, NULL, 'TUE_2.00-2.50'),
('TUE_2.00-2.50_23', 'N28-352-01', NULL, NULL, NULL, 'TUE_2.00-2.50'),
('TUE_2.00-2.50_24', 'N28-422-01', NULL, NULL, NULL, 'TUE_2.00-2.50'),
('TUE_2.00-2.50_25', 'N28-423-01', NULL, NULL, NULL, 'TUE_2.00-2.50'),
('TUE_2.00-2.50_26', 'N28-502-01', NULL, NULL, NULL, 'TUE_2.00-2.50'),
('TUE_2.00-2.50_27', 'N28-505-01', NULL, NULL, NULL, 'TUE_2.00-2.50'),
('TUE_2.00-2.50_28', 'N28-506-01', NULL, NULL, NULL, 'TUE_2.00-2.50'),
('TUE_2.00-2.50_29', 'N28-512-01', NULL, NULL, NULL, 'TUE_2.00-2.50'),
('TUE_2.00-2.50_3', 'Block P19-DK5', NULL, NULL, NULL, 'TUE_2.00-2.50'),
('TUE_2.00-2.50_30', 'N28-516-01', NULL, NULL, NULL, 'TUE_2.00-2.50'),
('TUE_2.00-2.50_31', 'N28-517-02', NULL, NULL, NULL, 'TUE_2.00-2.50'),
('TUE_2.00-2.50_32', 'N28-518-02', NULL, NULL, NULL, 'TUE_2.00-2.50'),
('TUE_2.00-2.50_33', 'N28-524-02', NULL, NULL, NULL, 'TUE_2.00-2.50'),
('TUE_2.00-2.50_34', 'N28-525-01', NULL, NULL, NULL, 'TUE_2.00-2.50'),
('TUE_2.00-2.50_35', 'N28-527-02', NULL, NULL, NULL, 'TUE_2.00-2.50'),
('TUE_2.00-2.50_36', 'N28a-01-01', NULL, NULL, NULL, 'TUE_2.00-2.50'),
('TUE_2.00-2.50_37', 'N28a-01-02', NULL, NULL, NULL, 'TUE_2.00-2.50'),
('TUE_2.00-2.50_38', 'N28a-01-04', NULL, NULL, NULL, 'TUE_2.00-2.50'),
('TUE_2.00-2.50_39', 'N28a-01-05', NULL, NULL, NULL, 'TUE_2.00-2.50'),
('TUE_2.00-2.50_4', 'Block P19-DK6', NULL, NULL, NULL, 'TUE_2.00-2.50'),
('TUE_2.00-2.50_40', 'N28a-01-07', NULL, NULL, NULL, 'TUE_2.00-2.50'),
('TUE_2.00-2.50_41', 'N28a-01-15', NULL, NULL, NULL, 'TUE_2.00-2.50'),
('TUE_2.00-2.50_42', 'N28a-01-16', NULL, NULL, NULL, 'TUE_2.00-2.50'),
('TUE_2.00-2.50_43', 'N28a-01-19', NULL, NULL, NULL, 'TUE_2.00-2.50'),
('TUE_2.00-2.50_44', 'N28a-01-20', NULL, NULL, NULL, 'TUE_2.00-2.50'),
('TUE_2.00-2.50_45', 'N28A-02-33', NULL, NULL, NULL, 'TUE_2.00-2.50'),
('TUE_2.00-2.50_46', 'N28A-02-34', NULL, NULL, NULL, 'TUE_2.00-2.50'),
('TUE_2.00-2.50_5', 'N28-105-01', NULL, NULL, NULL, 'TUE_2.00-2.50'),
('TUE_2.00-2.50_6', 'N28-106-01', NULL, NULL, NULL, 'TUE_2.00-2.50'),
('TUE_2.00-2.50_7', 'N28-107-01', NULL, NULL, NULL, 'TUE_2.00-2.50'),
('TUE_2.00-2.50_8', 'N28-108-01', NULL, NULL, NULL, 'TUE_2.00-2.50'),
('TUE_2.00-2.50_9', 'N28-111-01', NULL, NULL, NULL, 'TUE_2.00-2.50'),
('TUE_3.00-3.50_1', 'Block L50', NULL, NULL, NULL, 'TUE_3.00-3.50'),
('TUE_3.00-3.50_10', 'N28-112-02', NULL, NULL, NULL, 'TUE_3.00-3.50'),
('TUE_3.00-3.50_11', 'N28-116-02', NULL, NULL, NULL, 'TUE_3.00-3.50'),
('TUE_3.00-3.50_12', 'N28-202-01', NULL, NULL, NULL, 'TUE_3.00-3.50'),
('TUE_3.00-3.50_13', 'N28-203-01', NULL, NULL, NULL, 'TUE_3.00-3.50'),
('TUE_3.00-3.50_14', 'N28-204-01', NULL, NULL, NULL, 'TUE_3.00-3.50'),
('TUE_3.00-3.50_15', 'N28-223-02', NULL, NULL, NULL, 'TUE_3.00-3.50'),
('TUE_3.00-3.50_16', 'N28-301-01', NULL, NULL, NULL, 'TUE_3.00-3.50'),
('TUE_3.00-3.50_17', 'N28-321-02', NULL, NULL, NULL, 'TUE_3.00-3.50'),
('TUE_3.00-3.50_18', 'N28-322-02', NULL, NULL, NULL, 'TUE_3.00-3.50'),
('TUE_3.00-3.50_19', 'N28-329-01', NULL, NULL, NULL, 'TUE_3.00-3.50'),
('TUE_3.00-3.50_2', 'Block P19-DK4', NULL, NULL, NULL, 'TUE_3.00-3.50'),
('TUE_3.00-3.50_20', 'N28-330-01', NULL, NULL, NULL, 'TUE_3.00-3.50'),
('TUE_3.00-3.50_21', 'N28-350-03', NULL, NULL, NULL, 'TUE_3.00-3.50'),
('TUE_3.00-3.50_22', 'N28-351-02', NULL, NULL, NULL, 'TUE_3.00-3.50'),
('TUE_3.00-3.50_23', 'N28-352-01', NULL, NULL, NULL, 'TUE_3.00-3.50'),
('TUE_3.00-3.50_24', 'N28-422-01', NULL, NULL, NULL, 'TUE_3.00-3.50'),
('TUE_3.00-3.50_25', 'N28-423-01', NULL, NULL, NULL, 'TUE_3.00-3.50'),
('TUE_3.00-3.50_26', 'N28-502-01', NULL, NULL, NULL, 'TUE_3.00-3.50'),
('TUE_3.00-3.50_27', 'N28-505-01', NULL, NULL, NULL, 'TUE_3.00-3.50'),
('TUE_3.00-3.50_28', 'N28-506-01', NULL, NULL, NULL, 'TUE_3.00-3.50'),
('TUE_3.00-3.50_29', 'N28-512-01', NULL, NULL, NULL, 'TUE_3.00-3.50'),
('TUE_3.00-3.50_3', 'Block P19-DK5', NULL, NULL, NULL, 'TUE_3.00-3.50'),
('TUE_3.00-3.50_30', 'N28-516-01', NULL, NULL, NULL, 'TUE_3.00-3.50'),
('TUE_3.00-3.50_31', 'N28-517-02', NULL, NULL, NULL, 'TUE_3.00-3.50'),
('TUE_3.00-3.50_32', 'N28-518-02', NULL, NULL, NULL, 'TUE_3.00-3.50'),
('TUE_3.00-3.50_33', 'N28-524-02', NULL, NULL, NULL, 'TUE_3.00-3.50'),
('TUE_3.00-3.50_34', 'N28-525-01', NULL, NULL, NULL, 'TUE_3.00-3.50'),
('TUE_3.00-3.50_35', 'N28-527-02', NULL, NULL, NULL, 'TUE_3.00-3.50'),
('TUE_3.00-3.50_36', 'N28a-01-01', NULL, NULL, NULL, 'TUE_3.00-3.50'),
('TUE_3.00-3.50_37', 'N28a-01-02', NULL, NULL, NULL, 'TUE_3.00-3.50'),
('TUE_3.00-3.50_38', 'N28a-01-04', NULL, NULL, NULL, 'TUE_3.00-3.50'),
('TUE_3.00-3.50_39', 'N28a-01-05', NULL, NULL, NULL, 'TUE_3.00-3.50'),
('TUE_3.00-3.50_4', 'Block P19-DK6', NULL, NULL, NULL, 'TUE_3.00-3.50'),
('TUE_3.00-3.50_40', 'N28a-01-07', NULL, NULL, NULL, 'TUE_3.00-3.50'),
('TUE_3.00-3.50_41', 'N28a-01-15', NULL, NULL, NULL, 'TUE_3.00-3.50'),
('TUE_3.00-3.50_42', 'N28a-01-16', NULL, NULL, NULL, 'TUE_3.00-3.50'),
('TUE_3.00-3.50_43', 'N28a-01-19', NULL, NULL, NULL, 'TUE_3.00-3.50'),
('TUE_3.00-3.50_44', 'N28a-01-20', NULL, NULL, NULL, 'TUE_3.00-3.50'),
('TUE_3.00-3.50_45', 'N28A-02-33', NULL, NULL, NULL, 'TUE_3.00-3.50'),
('TUE_3.00-3.50_46', 'N28A-02-34', NULL, NULL, NULL, 'TUE_3.00-3.50'),
('TUE_3.00-3.50_5', 'N28-105-01', NULL, NULL, NULL, 'TUE_3.00-3.50'),
('TUE_3.00-3.50_6', 'N28-106-01', NULL, NULL, NULL, 'TUE_3.00-3.50'),
('TUE_3.00-3.50_7', 'N28-107-01', NULL, NULL, NULL, 'TUE_3.00-3.50'),
('TUE_3.00-3.50_8', 'N28-108-01', NULL, NULL, NULL, 'TUE_3.00-3.50'),
('TUE_3.00-3.50_9', 'N28-111-01', NULL, NULL, NULL, 'TUE_3.00-3.50'),
('TUE_4.00-4.50_1', 'Block L50', NULL, NULL, NULL, 'TUE_4.00-4.50'),
('TUE_4.00-4.50_10', 'N28-112-02', NULL, NULL, NULL, 'TUE_4.00-4.50'),
('TUE_4.00-4.50_11', 'N28-116-02', NULL, NULL, NULL, 'TUE_4.00-4.50'),
('TUE_4.00-4.50_12', 'N28-202-01', NULL, NULL, NULL, 'TUE_4.00-4.50'),
('TUE_4.00-4.50_13', 'N28-203-01', NULL, NULL, NULL, 'TUE_4.00-4.50'),
('TUE_4.00-4.50_14', 'N28-204-01', NULL, NULL, NULL, 'TUE_4.00-4.50'),
('TUE_4.00-4.50_15', 'N28-223-02', NULL, NULL, NULL, 'TUE_4.00-4.50'),
('TUE_4.00-4.50_16', 'N28-301-01', NULL, NULL, NULL, 'TUE_4.00-4.50'),
('TUE_4.00-4.50_17', 'N28-321-02', NULL, NULL, NULL, 'TUE_4.00-4.50'),
('TUE_4.00-4.50_18', 'N28-322-02', NULL, NULL, NULL, 'TUE_4.00-4.50'),
('TUE_4.00-4.50_19', 'N28-329-01', NULL, NULL, NULL, 'TUE_4.00-4.50'),
('TUE_4.00-4.50_2', 'Block P19-DK4', NULL, NULL, NULL, 'TUE_4.00-4.50'),
('TUE_4.00-4.50_20', 'N28-330-01', NULL, NULL, NULL, 'TUE_4.00-4.50'),
('TUE_4.00-4.50_21', 'N28-350-03', NULL, NULL, NULL, 'TUE_4.00-4.50'),
('TUE_4.00-4.50_22', 'N28-351-02', NULL, NULL, NULL, 'TUE_4.00-4.50'),
('TUE_4.00-4.50_23', 'N28-352-01', NULL, NULL, NULL, 'TUE_4.00-4.50'),
('TUE_4.00-4.50_24', 'N28-422-01', NULL, NULL, NULL, 'TUE_4.00-4.50'),
('TUE_4.00-4.50_25', 'N28-423-01', NULL, NULL, NULL, 'TUE_4.00-4.50'),
('TUE_4.00-4.50_26', 'N28-502-01', NULL, NULL, NULL, 'TUE_4.00-4.50'),
('TUE_4.00-4.50_27', 'N28-505-01', NULL, NULL, NULL, 'TUE_4.00-4.50'),
('TUE_4.00-4.50_28', 'N28-506-01', NULL, NULL, NULL, 'TUE_4.00-4.50'),
('TUE_4.00-4.50_29', 'N28-512-01', NULL, NULL, NULL, 'TUE_4.00-4.50'),
('TUE_4.00-4.50_3', 'Block P19-DK5', NULL, NULL, NULL, 'TUE_4.00-4.50'),
('TUE_4.00-4.50_30', 'N28-516-01', NULL, NULL, NULL, 'TUE_4.00-4.50'),
('TUE_4.00-4.50_31', 'N28-517-02', NULL, NULL, NULL, 'TUE_4.00-4.50'),
('TUE_4.00-4.50_32', 'N28-518-02', NULL, NULL, NULL, 'TUE_4.00-4.50'),
('TUE_4.00-4.50_33', 'N28-524-02', NULL, NULL, NULL, 'TUE_4.00-4.50'),
('TUE_4.00-4.50_34', 'N28-525-01', NULL, NULL, NULL, 'TUE_4.00-4.50'),
('TUE_4.00-4.50_35', 'N28-527-02', NULL, NULL, NULL, 'TUE_4.00-4.50'),
('TUE_4.00-4.50_36', 'N28a-01-01', NULL, NULL, NULL, 'TUE_4.00-4.50'),
('TUE_4.00-4.50_37', 'N28a-01-02', NULL, NULL, NULL, 'TUE_4.00-4.50'),
('TUE_4.00-4.50_38', 'N28a-01-04', NULL, NULL, NULL, 'TUE_4.00-4.50'),
('TUE_4.00-4.50_39', 'N28a-01-05', NULL, NULL, NULL, 'TUE_4.00-4.50'),
('TUE_4.00-4.50_4', 'Block P19-DK6', NULL, NULL, NULL, 'TUE_4.00-4.50'),
('TUE_4.00-4.50_40', 'N28a-01-07', NULL, NULL, NULL, 'TUE_4.00-4.50'),
('TUE_4.00-4.50_41', 'N28a-01-15', NULL, NULL, NULL, 'TUE_4.00-4.50'),
('TUE_4.00-4.50_42', 'N28a-01-16', NULL, NULL, NULL, 'TUE_4.00-4.50'),
('TUE_4.00-4.50_43', 'N28a-01-19', NULL, NULL, NULL, 'TUE_4.00-4.50'),
('TUE_4.00-4.50_44', 'N28a-01-20', NULL, NULL, NULL, 'TUE_4.00-4.50'),
('TUE_4.00-4.50_45', 'N28A-02-33', NULL, NULL, NULL, 'TUE_4.00-4.50'),
('TUE_4.00-4.50_46', 'N28A-02-34', NULL, NULL, NULL, 'TUE_4.00-4.50'),
('TUE_4.00-4.50_5', 'N28-105-01', NULL, NULL, NULL, 'TUE_4.00-4.50'),
('TUE_4.00-4.50_6', 'N28-106-01', NULL, NULL, NULL, 'TUE_4.00-4.50'),
('TUE_4.00-4.50_7', 'N28-107-01', NULL, NULL, NULL, 'TUE_4.00-4.50'),
('TUE_4.00-4.50_8', 'N28-108-01', NULL, NULL, NULL, 'TUE_4.00-4.50'),
('TUE_4.00-4.50_9', 'N28-111-01', NULL, NULL, NULL, 'TUE_4.00-4.50'),
('TUE_8.00-8.50_1', 'Block L50', NULL, NULL, NULL, 'TUE_8.00-8.50'),
('TUE_8.00-8.50_10', 'N28-112-02', NULL, NULL, NULL, 'TUE_8.00-8.50'),
('TUE_8.00-8.50_11', 'N28-116-02', NULL, NULL, NULL, 'TUE_8.00-8.50'),
('TUE_8.00-8.50_12', 'N28-202-01', NULL, NULL, NULL, 'TUE_8.00-8.50'),
('TUE_8.00-8.50_13', 'N28-203-01', NULL, NULL, NULL, 'TUE_8.00-8.50'),
('TUE_8.00-8.50_14', 'N28-204-01', NULL, NULL, NULL, 'TUE_8.00-8.50'),
('TUE_8.00-8.50_15', 'N28-223-02', NULL, NULL, NULL, 'TUE_8.00-8.50'),
('TUE_8.00-8.50_16', 'N28-301-01', NULL, NULL, NULL, 'TUE_8.00-8.50'),
('TUE_8.00-8.50_17', 'N28-321-02', NULL, NULL, NULL, 'TUE_8.00-8.50'),
('TUE_8.00-8.50_18', 'N28-322-02', NULL, NULL, NULL, 'TUE_8.00-8.50'),
('TUE_8.00-8.50_19', 'N28-329-01', NULL, NULL, NULL, 'TUE_8.00-8.50'),
('TUE_8.00-8.50_2', 'Block P19-DK4', NULL, NULL, NULL, 'TUE_8.00-8.50'),
('TUE_8.00-8.50_20', 'N28-330-01', NULL, NULL, NULL, 'TUE_8.00-8.50'),
('TUE_8.00-8.50_21', 'N28-350-03', NULL, NULL, NULL, 'TUE_8.00-8.50'),
('TUE_8.00-8.50_22', 'N28-351-02', NULL, NULL, NULL, 'TUE_8.00-8.50'),
('TUE_8.00-8.50_23', 'N28-352-01', NULL, NULL, NULL, 'TUE_8.00-8.50'),
('TUE_8.00-8.50_24', 'N28-422-01', NULL, NULL, NULL, 'TUE_8.00-8.50'),
('TUE_8.00-8.50_25', 'N28-423-01', NULL, NULL, NULL, 'TUE_8.00-8.50'),
('TUE_8.00-8.50_26', 'N28-502-01', NULL, NULL, NULL, 'TUE_8.00-8.50'),
('TUE_8.00-8.50_27', 'N28-505-01', NULL, NULL, NULL, 'TUE_8.00-8.50'),
('TUE_8.00-8.50_28', 'N28-506-01', NULL, NULL, NULL, 'TUE_8.00-8.50'),
('TUE_8.00-8.50_29', 'N28-512-01', NULL, NULL, NULL, 'TUE_8.00-8.50'),
('TUE_8.00-8.50_3', 'Block P19-DK5', NULL, NULL, NULL, 'TUE_8.00-8.50'),
('TUE_8.00-8.50_30', 'N28-516-01', NULL, NULL, NULL, 'TUE_8.00-8.50'),
('TUE_8.00-8.50_31', 'N28-517-02', NULL, NULL, NULL, 'TUE_8.00-8.50'),
('TUE_8.00-8.50_32', 'N28-518-02', NULL, NULL, NULL, 'TUE_8.00-8.50'),
('TUE_8.00-8.50_33', 'N28-524-02', NULL, NULL, NULL, 'TUE_8.00-8.50'),
('TUE_8.00-8.50_34', 'N28-525-01', NULL, NULL, NULL, 'TUE_8.00-8.50'),
('TUE_8.00-8.50_35', 'N28-527-02', NULL, NULL, NULL, 'TUE_8.00-8.50'),
('TUE_8.00-8.50_36', 'N28a-01-01', NULL, NULL, NULL, 'TUE_8.00-8.50');
INSERT INTO `schedule` (`schedule_id`, `classroom_id`, `faculty_timetable_id`, `lecturer_id`, `section_id`, `time_slot_id`) VALUES
('TUE_8.00-8.50_37', 'N28a-01-02', NULL, NULL, NULL, 'TUE_8.00-8.50'),
('TUE_8.00-8.50_38', 'N28a-01-04', NULL, NULL, NULL, 'TUE_8.00-8.50'),
('TUE_8.00-8.50_39', 'N28a-01-05', NULL, NULL, NULL, 'TUE_8.00-8.50'),
('TUE_8.00-8.50_4', 'Block P19-DK6', NULL, NULL, NULL, 'TUE_8.00-8.50'),
('TUE_8.00-8.50_40', 'N28a-01-07', NULL, NULL, NULL, 'TUE_8.00-8.50'),
('TUE_8.00-8.50_41', 'N28a-01-15', NULL, NULL, NULL, 'TUE_8.00-8.50'),
('TUE_8.00-8.50_42', 'N28a-01-16', NULL, NULL, NULL, 'TUE_8.00-8.50'),
('TUE_8.00-8.50_43', 'N28a-01-19', NULL, NULL, NULL, 'TUE_8.00-8.50'),
('TUE_8.00-8.50_44', 'N28a-01-20', NULL, NULL, NULL, 'TUE_8.00-8.50'),
('TUE_8.00-8.50_45', 'N28A-02-33', NULL, NULL, NULL, 'TUE_8.00-8.50'),
('TUE_8.00-8.50_46', 'N28A-02-34', NULL, NULL, NULL, 'TUE_8.00-8.50'),
('TUE_8.00-8.50_5', 'N28-105-01', NULL, NULL, NULL, 'TUE_8.00-8.50'),
('TUE_8.00-8.50_6', 'N28-106-01', NULL, NULL, NULL, 'TUE_8.00-8.50'),
('TUE_8.00-8.50_7', 'N28-107-01', NULL, NULL, NULL, 'TUE_8.00-8.50'),
('TUE_8.00-8.50_8', 'N28-108-01', NULL, NULL, NULL, 'TUE_8.00-8.50'),
('TUE_8.00-8.50_9', 'N28-111-01', NULL, NULL, NULL, 'TUE_8.00-8.50'),
('TUE_9.00-9.50_1', 'Block L50', NULL, NULL, NULL, 'TUE_9.00-9.50'),
('TUE_9.00-9.50_10', 'N28-112-02', NULL, NULL, NULL, 'TUE_9.00-9.50'),
('TUE_9.00-9.50_11', 'N28-116-02', NULL, NULL, NULL, 'TUE_9.00-9.50'),
('TUE_9.00-9.50_12', 'N28-202-01', NULL, NULL, NULL, 'TUE_9.00-9.50'),
('TUE_9.00-9.50_13', 'N28-203-01', NULL, NULL, NULL, 'TUE_9.00-9.50'),
('TUE_9.00-9.50_14', 'N28-204-01', NULL, NULL, NULL, 'TUE_9.00-9.50'),
('TUE_9.00-9.50_15', 'N28-223-02', NULL, NULL, NULL, 'TUE_9.00-9.50'),
('TUE_9.00-9.50_16', 'N28-301-01', NULL, NULL, NULL, 'TUE_9.00-9.50'),
('TUE_9.00-9.50_17', 'N28-321-02', NULL, NULL, NULL, 'TUE_9.00-9.50'),
('TUE_9.00-9.50_18', 'N28-322-02', NULL, NULL, NULL, 'TUE_9.00-9.50'),
('TUE_9.00-9.50_19', 'N28-329-01', NULL, NULL, NULL, 'TUE_9.00-9.50'),
('TUE_9.00-9.50_2', 'Block P19-DK4', NULL, NULL, NULL, 'TUE_9.00-9.50'),
('TUE_9.00-9.50_20', 'N28-330-01', NULL, NULL, NULL, 'TUE_9.00-9.50'),
('TUE_9.00-9.50_21', 'N28-350-03', NULL, NULL, NULL, 'TUE_9.00-9.50'),
('TUE_9.00-9.50_22', 'N28-351-02', NULL, NULL, NULL, 'TUE_9.00-9.50'),
('TUE_9.00-9.50_23', 'N28-352-01', NULL, NULL, NULL, 'TUE_9.00-9.50'),
('TUE_9.00-9.50_24', 'N28-422-01', NULL, NULL, NULL, 'TUE_9.00-9.50'),
('TUE_9.00-9.50_25', 'N28-423-01', NULL, NULL, NULL, 'TUE_9.00-9.50'),
('TUE_9.00-9.50_26', 'N28-502-01', NULL, NULL, NULL, 'TUE_9.00-9.50'),
('TUE_9.00-9.50_27', 'N28-505-01', NULL, NULL, NULL, 'TUE_9.00-9.50'),
('TUE_9.00-9.50_28', 'N28-506-01', NULL, NULL, NULL, 'TUE_9.00-9.50'),
('TUE_9.00-9.50_29', 'N28-512-01', NULL, NULL, NULL, 'TUE_9.00-9.50'),
('TUE_9.00-9.50_3', 'Block P19-DK5', NULL, NULL, NULL, 'TUE_9.00-9.50'),
('TUE_9.00-9.50_30', 'N28-516-01', NULL, NULL, NULL, 'TUE_9.00-9.50'),
('TUE_9.00-9.50_31', 'N28-517-02', NULL, NULL, NULL, 'TUE_9.00-9.50'),
('TUE_9.00-9.50_32', 'N28-518-02', NULL, NULL, NULL, 'TUE_9.00-9.50'),
('TUE_9.00-9.50_33', 'N28-524-02', NULL, NULL, NULL, 'TUE_9.00-9.50'),
('TUE_9.00-9.50_34', 'N28-525-01', NULL, NULL, NULL, 'TUE_9.00-9.50'),
('TUE_9.00-9.50_35', 'N28-527-02', NULL, NULL, NULL, 'TUE_9.00-9.50'),
('TUE_9.00-9.50_36', 'N28a-01-01', NULL, NULL, NULL, 'TUE_9.00-9.50'),
('TUE_9.00-9.50_37', 'N28a-01-02', NULL, NULL, NULL, 'TUE_9.00-9.50'),
('TUE_9.00-9.50_38', 'N28a-01-04', NULL, NULL, NULL, 'TUE_9.00-9.50'),
('TUE_9.00-9.50_39', 'N28a-01-05', NULL, NULL, NULL, 'TUE_9.00-9.50'),
('TUE_9.00-9.50_4', 'Block P19-DK6', NULL, NULL, NULL, 'TUE_9.00-9.50'),
('TUE_9.00-9.50_40', 'N28a-01-07', NULL, NULL, NULL, 'TUE_9.00-9.50'),
('TUE_9.00-9.50_41', 'N28a-01-15', NULL, NULL, NULL, 'TUE_9.00-9.50'),
('TUE_9.00-9.50_42', 'N28a-01-16', NULL, NULL, NULL, 'TUE_9.00-9.50'),
('TUE_9.00-9.50_43', 'N28a-01-19', NULL, NULL, NULL, 'TUE_9.00-9.50'),
('TUE_9.00-9.50_44', 'N28a-01-20', NULL, NULL, NULL, 'TUE_9.00-9.50'),
('TUE_9.00-9.50_45', 'N28A-02-33', NULL, NULL, NULL, 'TUE_9.00-9.50'),
('TUE_9.00-9.50_46', 'N28A-02-34', NULL, NULL, NULL, 'TUE_9.00-9.50'),
('TUE_9.00-9.50_5', 'N28-105-01', NULL, NULL, NULL, 'TUE_9.00-9.50'),
('TUE_9.00-9.50_6', 'N28-106-01', NULL, NULL, NULL, 'TUE_9.00-9.50'),
('TUE_9.00-9.50_7', 'N28-107-01', NULL, NULL, NULL, 'TUE_9.00-9.50'),
('TUE_9.00-9.50_8', 'N28-108-01', NULL, NULL, NULL, 'TUE_9.00-9.50'),
('TUE_9.00-9.50_9', 'N28-111-01', NULL, NULL, NULL, 'TUE_9.00-9.50'),
('WED_10.00-10.50_1', 'Block L50', NULL, NULL, NULL, 'WED_10.00-10.50'),
('WED_10.00-10.50_10', 'N28-112-02', NULL, NULL, NULL, 'WED_10.00-10.50'),
('WED_10.00-10.50_11', 'N28-116-02', NULL, NULL, NULL, 'WED_10.00-10.50'),
('WED_10.00-10.50_12', 'N28-202-01', NULL, NULL, NULL, 'WED_10.00-10.50'),
('WED_10.00-10.50_13', 'N28-203-01', NULL, NULL, NULL, 'WED_10.00-10.50'),
('WED_10.00-10.50_14', 'N28-204-01', NULL, NULL, NULL, 'WED_10.00-10.50'),
('WED_10.00-10.50_15', 'N28-223-02', NULL, NULL, NULL, 'WED_10.00-10.50'),
('WED_10.00-10.50_16', 'N28-301-01', NULL, NULL, NULL, 'WED_10.00-10.50'),
('WED_10.00-10.50_17', 'N28-321-02', NULL, NULL, NULL, 'WED_10.00-10.50'),
('WED_10.00-10.50_18', 'N28-322-02', NULL, NULL, NULL, 'WED_10.00-10.50'),
('WED_10.00-10.50_19', 'N28-329-01', NULL, NULL, NULL, 'WED_10.00-10.50'),
('WED_10.00-10.50_2', 'Block P19-DK4', NULL, NULL, NULL, 'WED_10.00-10.50'),
('WED_10.00-10.50_20', 'N28-330-01', NULL, NULL, NULL, 'WED_10.00-10.50'),
('WED_10.00-10.50_21', 'N28-350-03', NULL, NULL, NULL, 'WED_10.00-10.50'),
('WED_10.00-10.50_22', 'N28-351-02', NULL, NULL, NULL, 'WED_10.00-10.50'),
('WED_10.00-10.50_23', 'N28-352-01', NULL, NULL, NULL, 'WED_10.00-10.50'),
('WED_10.00-10.50_24', 'N28-422-01', NULL, NULL, NULL, 'WED_10.00-10.50'),
('WED_10.00-10.50_25', 'N28-423-01', NULL, NULL, NULL, 'WED_10.00-10.50'),
('WED_10.00-10.50_26', 'N28-502-01', NULL, NULL, NULL, 'WED_10.00-10.50'),
('WED_10.00-10.50_27', 'N28-505-01', NULL, NULL, NULL, 'WED_10.00-10.50'),
('WED_10.00-10.50_28', 'N28-506-01', NULL, NULL, NULL, 'WED_10.00-10.50'),
('WED_10.00-10.50_29', 'N28-512-01', NULL, NULL, NULL, 'WED_10.00-10.50'),
('WED_10.00-10.50_3', 'Block P19-DK5', NULL, NULL, NULL, 'WED_10.00-10.50'),
('WED_10.00-10.50_30', 'N28-516-01', NULL, NULL, NULL, 'WED_10.00-10.50'),
('WED_10.00-10.50_31', 'N28-517-02', NULL, NULL, NULL, 'WED_10.00-10.50'),
('WED_10.00-10.50_32', 'N28-518-02', NULL, NULL, NULL, 'WED_10.00-10.50'),
('WED_10.00-10.50_33', 'N28-524-02', NULL, NULL, NULL, 'WED_10.00-10.50'),
('WED_10.00-10.50_34', 'N28-525-01', NULL, NULL, NULL, 'WED_10.00-10.50'),
('WED_10.00-10.50_35', 'N28-527-02', NULL, NULL, NULL, 'WED_10.00-10.50'),
('WED_10.00-10.50_36', 'N28a-01-01', NULL, NULL, NULL, 'WED_10.00-10.50'),
('WED_10.00-10.50_37', 'N28a-01-02', NULL, NULL, NULL, 'WED_10.00-10.50'),
('WED_10.00-10.50_38', 'N28a-01-04', NULL, NULL, NULL, 'WED_10.00-10.50'),
('WED_10.00-10.50_39', 'N28a-01-05', NULL, NULL, NULL, 'WED_10.00-10.50'),
('WED_10.00-10.50_4', 'Block P19-DK6', NULL, NULL, NULL, 'WED_10.00-10.50'),
('WED_10.00-10.50_40', 'N28a-01-07', NULL, NULL, NULL, 'WED_10.00-10.50'),
('WED_10.00-10.50_41', 'N28a-01-15', NULL, NULL, NULL, 'WED_10.00-10.50'),
('WED_10.00-10.50_42', 'N28a-01-16', NULL, NULL, NULL, 'WED_10.00-10.50'),
('WED_10.00-10.50_43', 'N28a-01-19', NULL, NULL, NULL, 'WED_10.00-10.50'),
('WED_10.00-10.50_44', 'N28a-01-20', NULL, NULL, NULL, 'WED_10.00-10.50'),
('WED_10.00-10.50_45', 'N28A-02-33', NULL, NULL, NULL, 'WED_10.00-10.50'),
('WED_10.00-10.50_46', 'N28A-02-34', NULL, NULL, NULL, 'WED_10.00-10.50'),
('WED_10.00-10.50_5', 'N28-105-01', NULL, NULL, NULL, 'WED_10.00-10.50'),
('WED_10.00-10.50_6', 'N28-106-01', NULL, NULL, NULL, 'WED_10.00-10.50'),
('WED_10.00-10.50_7', 'N28-107-01', NULL, NULL, NULL, 'WED_10.00-10.50'),
('WED_10.00-10.50_8', 'N28-108-01', NULL, NULL, NULL, 'WED_10.00-10.50'),
('WED_10.00-10.50_9', 'N28-111-01', NULL, NULL, NULL, 'WED_10.00-10.50'),
('WED_11.00-11.50_1', 'Block L50', NULL, NULL, NULL, 'WED_11.00-11.50'),
('WED_11.00-11.50_10', 'N28-112-02', NULL, NULL, NULL, 'WED_11.00-11.50'),
('WED_11.00-11.50_11', 'N28-116-02', NULL, NULL, NULL, 'WED_11.00-11.50'),
('WED_11.00-11.50_12', 'N28-202-01', NULL, NULL, NULL, 'WED_11.00-11.50'),
('WED_11.00-11.50_13', 'N28-203-01', NULL, NULL, NULL, 'WED_11.00-11.50'),
('WED_11.00-11.50_14', 'N28-204-01', NULL, NULL, NULL, 'WED_11.00-11.50'),
('WED_11.00-11.50_15', 'N28-223-02', NULL, NULL, NULL, 'WED_11.00-11.50'),
('WED_11.00-11.50_16', 'N28-301-01', NULL, NULL, NULL, 'WED_11.00-11.50'),
('WED_11.00-11.50_17', 'N28-321-02', NULL, NULL, NULL, 'WED_11.00-11.50'),
('WED_11.00-11.50_18', 'N28-322-02', NULL, NULL, NULL, 'WED_11.00-11.50'),
('WED_11.00-11.50_19', 'N28-329-01', NULL, NULL, NULL, 'WED_11.00-11.50'),
('WED_11.00-11.50_2', 'Block P19-DK4', NULL, NULL, NULL, 'WED_11.00-11.50'),
('WED_11.00-11.50_20', 'N28-330-01', NULL, NULL, NULL, 'WED_11.00-11.50'),
('WED_11.00-11.50_21', 'N28-350-03', NULL, NULL, NULL, 'WED_11.00-11.50'),
('WED_11.00-11.50_22', 'N28-351-02', NULL, NULL, NULL, 'WED_11.00-11.50'),
('WED_11.00-11.50_23', 'N28-352-01', NULL, NULL, NULL, 'WED_11.00-11.50'),
('WED_11.00-11.50_24', 'N28-422-01', NULL, NULL, NULL, 'WED_11.00-11.50'),
('WED_11.00-11.50_25', 'N28-423-01', NULL, NULL, NULL, 'WED_11.00-11.50'),
('WED_11.00-11.50_26', 'N28-502-01', NULL, NULL, NULL, 'WED_11.00-11.50'),
('WED_11.00-11.50_27', 'N28-505-01', NULL, NULL, NULL, 'WED_11.00-11.50'),
('WED_11.00-11.50_28', 'N28-506-01', NULL, NULL, NULL, 'WED_11.00-11.50'),
('WED_11.00-11.50_29', 'N28-512-01', NULL, NULL, NULL, 'WED_11.00-11.50'),
('WED_11.00-11.50_3', 'Block P19-DK5', NULL, NULL, NULL, 'WED_11.00-11.50'),
('WED_11.00-11.50_30', 'N28-516-01', NULL, NULL, NULL, 'WED_11.00-11.50'),
('WED_11.00-11.50_31', 'N28-517-02', NULL, NULL, NULL, 'WED_11.00-11.50'),
('WED_11.00-11.50_32', 'N28-518-02', NULL, NULL, NULL, 'WED_11.00-11.50'),
('WED_11.00-11.50_33', 'N28-524-02', NULL, NULL, NULL, 'WED_11.00-11.50'),
('WED_11.00-11.50_34', 'N28-525-01', NULL, NULL, NULL, 'WED_11.00-11.50'),
('WED_11.00-11.50_35', 'N28-527-02', NULL, NULL, NULL, 'WED_11.00-11.50'),
('WED_11.00-11.50_36', 'N28a-01-01', NULL, NULL, NULL, 'WED_11.00-11.50'),
('WED_11.00-11.50_37', 'N28a-01-02', NULL, NULL, NULL, 'WED_11.00-11.50'),
('WED_11.00-11.50_38', 'N28a-01-04', NULL, NULL, NULL, 'WED_11.00-11.50'),
('WED_11.00-11.50_39', 'N28a-01-05', NULL, NULL, NULL, 'WED_11.00-11.50'),
('WED_11.00-11.50_4', 'Block P19-DK6', NULL, NULL, NULL, 'WED_11.00-11.50'),
('WED_11.00-11.50_40', 'N28a-01-07', NULL, NULL, NULL, 'WED_11.00-11.50'),
('WED_11.00-11.50_41', 'N28a-01-15', NULL, NULL, NULL, 'WED_11.00-11.50'),
('WED_11.00-11.50_42', 'N28a-01-16', NULL, NULL, NULL, 'WED_11.00-11.50'),
('WED_11.00-11.50_43', 'N28a-01-19', NULL, NULL, NULL, 'WED_11.00-11.50'),
('WED_11.00-11.50_44', 'N28a-01-20', NULL, NULL, NULL, 'WED_11.00-11.50'),
('WED_11.00-11.50_45', 'N28A-02-33', NULL, NULL, NULL, 'WED_11.00-11.50'),
('WED_11.00-11.50_46', 'N28A-02-34', NULL, NULL, NULL, 'WED_11.00-11.50'),
('WED_11.00-11.50_5', 'N28-105-01', NULL, NULL, NULL, 'WED_11.00-11.50'),
('WED_11.00-11.50_6', 'N28-106-01', NULL, NULL, NULL, 'WED_11.00-11.50'),
('WED_11.00-11.50_7', 'N28-107-01', NULL, NULL, NULL, 'WED_11.00-11.50'),
('WED_11.00-11.50_8', 'N28-108-01', NULL, NULL, NULL, 'WED_11.00-11.50'),
('WED_11.00-11.50_9', 'N28-111-01', NULL, NULL, NULL, 'WED_11.00-11.50'),
('WED_12.00-12.50_1', 'Block L50', NULL, NULL, NULL, 'WED_12.00-12.50'),
('WED_12.00-12.50_10', 'N28-112-02', NULL, NULL, NULL, 'WED_12.00-12.50'),
('WED_12.00-12.50_11', 'N28-116-02', NULL, NULL, NULL, 'WED_12.00-12.50'),
('WED_12.00-12.50_12', 'N28-202-01', NULL, NULL, NULL, 'WED_12.00-12.50'),
('WED_12.00-12.50_13', 'N28-203-01', NULL, NULL, NULL, 'WED_12.00-12.50'),
('WED_12.00-12.50_14', 'N28-204-01', NULL, NULL, NULL, 'WED_12.00-12.50'),
('WED_12.00-12.50_15', 'N28-223-02', NULL, NULL, NULL, 'WED_12.00-12.50'),
('WED_12.00-12.50_16', 'N28-301-01', NULL, NULL, NULL, 'WED_12.00-12.50'),
('WED_12.00-12.50_17', 'N28-321-02', NULL, NULL, NULL, 'WED_12.00-12.50'),
('WED_12.00-12.50_18', 'N28-322-02', NULL, NULL, NULL, 'WED_12.00-12.50'),
('WED_12.00-12.50_19', 'N28-329-01', NULL, NULL, NULL, 'WED_12.00-12.50'),
('WED_12.00-12.50_2', 'Block P19-DK4', NULL, NULL, NULL, 'WED_12.00-12.50'),
('WED_12.00-12.50_20', 'N28-330-01', NULL, NULL, NULL, 'WED_12.00-12.50'),
('WED_12.00-12.50_21', 'N28-350-03', NULL, NULL, NULL, 'WED_12.00-12.50'),
('WED_12.00-12.50_22', 'N28-351-02', NULL, NULL, NULL, 'WED_12.00-12.50'),
('WED_12.00-12.50_23', 'N28-352-01', NULL, NULL, NULL, 'WED_12.00-12.50'),
('WED_12.00-12.50_24', 'N28-422-01', NULL, NULL, NULL, 'WED_12.00-12.50'),
('WED_12.00-12.50_25', 'N28-423-01', NULL, NULL, NULL, 'WED_12.00-12.50'),
('WED_12.00-12.50_26', 'N28-502-01', NULL, NULL, NULL, 'WED_12.00-12.50'),
('WED_12.00-12.50_27', 'N28-505-01', NULL, NULL, NULL, 'WED_12.00-12.50'),
('WED_12.00-12.50_28', 'N28-506-01', NULL, NULL, NULL, 'WED_12.00-12.50'),
('WED_12.00-12.50_29', 'N28-512-01', NULL, NULL, NULL, 'WED_12.00-12.50'),
('WED_12.00-12.50_3', 'Block P19-DK5', NULL, NULL, NULL, 'WED_12.00-12.50'),
('WED_12.00-12.50_30', 'N28-516-01', NULL, NULL, NULL, 'WED_12.00-12.50'),
('WED_12.00-12.50_31', 'N28-517-02', NULL, NULL, NULL, 'WED_12.00-12.50'),
('WED_12.00-12.50_32', 'N28-518-02', NULL, NULL, NULL, 'WED_12.00-12.50'),
('WED_12.00-12.50_33', 'N28-524-02', NULL, NULL, NULL, 'WED_12.00-12.50'),
('WED_12.00-12.50_34', 'N28-525-01', NULL, NULL, NULL, 'WED_12.00-12.50'),
('WED_12.00-12.50_35', 'N28-527-02', NULL, NULL, NULL, 'WED_12.00-12.50'),
('WED_12.00-12.50_36', 'N28a-01-01', NULL, NULL, NULL, 'WED_12.00-12.50'),
('WED_12.00-12.50_37', 'N28a-01-02', NULL, NULL, NULL, 'WED_12.00-12.50'),
('WED_12.00-12.50_38', 'N28a-01-04', NULL, NULL, NULL, 'WED_12.00-12.50'),
('WED_12.00-12.50_39', 'N28a-01-05', NULL, NULL, NULL, 'WED_12.00-12.50'),
('WED_12.00-12.50_4', 'Block P19-DK6', NULL, NULL, NULL, 'WED_12.00-12.50'),
('WED_12.00-12.50_40', 'N28a-01-07', NULL, NULL, NULL, 'WED_12.00-12.50'),
('WED_12.00-12.50_41', 'N28a-01-15', NULL, NULL, NULL, 'WED_12.00-12.50'),
('WED_12.00-12.50_42', 'N28a-01-16', NULL, NULL, NULL, 'WED_12.00-12.50'),
('WED_12.00-12.50_43', 'N28a-01-19', NULL, NULL, NULL, 'WED_12.00-12.50'),
('WED_12.00-12.50_44', 'N28a-01-20', NULL, NULL, NULL, 'WED_12.00-12.50'),
('WED_12.00-12.50_45', 'N28A-02-33', NULL, NULL, NULL, 'WED_12.00-12.50'),
('WED_12.00-12.50_46', 'N28A-02-34', NULL, NULL, NULL, 'WED_12.00-12.50'),
('WED_12.00-12.50_5', 'N28-105-01', NULL, NULL, NULL, 'WED_12.00-12.50'),
('WED_12.00-12.50_6', 'N28-106-01', NULL, NULL, NULL, 'WED_12.00-12.50'),
('WED_12.00-12.50_7', 'N28-107-01', NULL, NULL, NULL, 'WED_12.00-12.50'),
('WED_12.00-12.50_8', 'N28-108-01', NULL, NULL, NULL, 'WED_12.00-12.50'),
('WED_12.00-12.50_9', 'N28-111-01', NULL, NULL, NULL, 'WED_12.00-12.50'),
('WED_2.00-2.50_1', 'Block L50', NULL, NULL, NULL, 'WED_2.00-2.50'),
('WED_2.00-2.50_10', 'N28-112-02', NULL, NULL, NULL, 'WED_2.00-2.50'),
('WED_2.00-2.50_11', 'N28-116-02', NULL, NULL, NULL, 'WED_2.00-2.50'),
('WED_2.00-2.50_12', 'N28-202-01', NULL, NULL, NULL, 'WED_2.00-2.50'),
('WED_2.00-2.50_13', 'N28-203-01', NULL, NULL, NULL, 'WED_2.00-2.50'),
('WED_2.00-2.50_14', 'N28-204-01', NULL, NULL, NULL, 'WED_2.00-2.50'),
('WED_2.00-2.50_15', 'N28-223-02', NULL, NULL, NULL, 'WED_2.00-2.50'),
('WED_2.00-2.50_16', 'N28-301-01', NULL, NULL, NULL, 'WED_2.00-2.50'),
('WED_2.00-2.50_17', 'N28-321-02', NULL, NULL, NULL, 'WED_2.00-2.50'),
('WED_2.00-2.50_18', 'N28-322-02', NULL, NULL, NULL, 'WED_2.00-2.50'),
('WED_2.00-2.50_19', 'N28-329-01', NULL, NULL, NULL, 'WED_2.00-2.50'),
('WED_2.00-2.50_2', 'Block P19-DK4', NULL, NULL, NULL, 'WED_2.00-2.50'),
('WED_2.00-2.50_20', 'N28-330-01', NULL, NULL, NULL, 'WED_2.00-2.50'),
('WED_2.00-2.50_21', 'N28-350-03', NULL, NULL, NULL, 'WED_2.00-2.50'),
('WED_2.00-2.50_22', 'N28-351-02', NULL, NULL, NULL, 'WED_2.00-2.50'),
('WED_2.00-2.50_23', 'N28-352-01', NULL, NULL, NULL, 'WED_2.00-2.50'),
('WED_2.00-2.50_24', 'N28-422-01', NULL, NULL, NULL, 'WED_2.00-2.50'),
('WED_2.00-2.50_25', 'N28-423-01', NULL, NULL, NULL, 'WED_2.00-2.50'),
('WED_2.00-2.50_26', 'N28-502-01', NULL, NULL, NULL, 'WED_2.00-2.50'),
('WED_2.00-2.50_27', 'N28-505-01', NULL, NULL, NULL, 'WED_2.00-2.50'),
('WED_2.00-2.50_28', 'N28-506-01', 'Y3/S1', 'LC004', 'SECJ3553_10', 'WED_2.00-2.50'),
('WED_2.00-2.50_29', 'N28-512-01', NULL, NULL, NULL, 'WED_2.00-2.50'),
('WED_2.00-2.50_3', 'Block P19-DK5', NULL, NULL, NULL, 'WED_2.00-2.50'),
('WED_2.00-2.50_30', 'N28-516-01', NULL, NULL, NULL, 'WED_2.00-2.50'),
('WED_2.00-2.50_31', 'N28-517-02', 'Y3/S1', 'LC076', 'SECJ3553_07', 'WED_2.00-2.50'),
('WED_2.00-2.50_32', 'N28-518-02', NULL, NULL, NULL, 'WED_2.00-2.50'),
('WED_2.00-2.50_33', 'N28-524-02', NULL, NULL, NULL, 'WED_2.00-2.50'),
('WED_2.00-2.50_34', 'N28-525-01', NULL, NULL, NULL, 'WED_2.00-2.50'),
('WED_2.00-2.50_35', 'N28-527-02', NULL, NULL, NULL, 'WED_2.00-2.50'),
('WED_2.00-2.50_36', 'N28a-01-01', NULL, NULL, NULL, 'WED_2.00-2.50'),
('WED_2.00-2.50_37', 'N28a-01-02', NULL, NULL, NULL, 'WED_2.00-2.50'),
('WED_2.00-2.50_38', 'N28a-01-04', NULL, NULL, NULL, 'WED_2.00-2.50'),
('WED_2.00-2.50_39', 'N28a-01-05', NULL, NULL, NULL, 'WED_2.00-2.50'),
('WED_2.00-2.50_4', 'Block P19-DK6', NULL, NULL, NULL, 'WED_2.00-2.50'),
('WED_2.00-2.50_40', 'N28a-01-07', NULL, NULL, NULL, 'WED_2.00-2.50'),
('WED_2.00-2.50_41', 'N28a-01-15', NULL, NULL, NULL, 'WED_2.00-2.50'),
('WED_2.00-2.50_42', 'N28a-01-16', NULL, NULL, NULL, 'WED_2.00-2.50'),
('WED_2.00-2.50_43', 'N28a-01-19', NULL, NULL, NULL, 'WED_2.00-2.50'),
('WED_2.00-2.50_44', 'N28a-01-20', NULL, NULL, NULL, 'WED_2.00-2.50'),
('WED_2.00-2.50_45', 'N28A-02-33', NULL, NULL, NULL, 'WED_2.00-2.50'),
('WED_2.00-2.50_46', 'N28A-02-34', NULL, NULL, NULL, 'WED_2.00-2.50'),
('WED_2.00-2.50_5', 'N28-105-01', NULL, NULL, NULL, 'WED_2.00-2.50'),
('WED_2.00-2.50_6', 'N28-106-01', NULL, NULL, NULL, 'WED_2.00-2.50'),
('WED_2.00-2.50_7', 'N28-107-01', NULL, NULL, NULL, 'WED_2.00-2.50'),
('WED_2.00-2.50_8', 'N28-108-01', NULL, NULL, NULL, 'WED_2.00-2.50'),
('WED_2.00-2.50_9', 'N28-111-01', NULL, NULL, NULL, 'WED_2.00-2.50'),
('WED_3.00-3.50_1', 'Block L50', NULL, NULL, NULL, 'WED_3.00-3.50'),
('WED_3.00-3.50_10', 'N28-112-02', NULL, NULL, NULL, 'WED_3.00-3.50'),
('WED_3.00-3.50_11', 'N28-116-02', NULL, NULL, NULL, 'WED_3.00-3.50'),
('WED_3.00-3.50_12', 'N28-202-01', NULL, NULL, NULL, 'WED_3.00-3.50'),
('WED_3.00-3.50_13', 'N28-203-01', NULL, NULL, NULL, 'WED_3.00-3.50'),
('WED_3.00-3.50_14', 'N28-204-01', NULL, NULL, NULL, 'WED_3.00-3.50'),
('WED_3.00-3.50_15', 'N28-223-02', NULL, NULL, NULL, 'WED_3.00-3.50'),
('WED_3.00-3.50_16', 'N28-301-01', NULL, NULL, NULL, 'WED_3.00-3.50'),
('WED_3.00-3.50_17', 'N28-321-02', NULL, NULL, NULL, 'WED_3.00-3.50'),
('WED_3.00-3.50_18', 'N28-322-02', NULL, NULL, NULL, 'WED_3.00-3.50'),
('WED_3.00-3.50_19', 'N28-329-01', NULL, NULL, NULL, 'WED_3.00-3.50'),
('WED_3.00-3.50_2', 'Block P19-DK4', NULL, NULL, NULL, 'WED_3.00-3.50'),
('WED_3.00-3.50_20', 'N28-330-01', NULL, NULL, NULL, 'WED_3.00-3.50'),
('WED_3.00-3.50_21', 'N28-350-03', NULL, NULL, NULL, 'WED_3.00-3.50'),
('WED_3.00-3.50_22', 'N28-351-02', NULL, NULL, NULL, 'WED_3.00-3.50'),
('WED_3.00-3.50_23', 'N28-352-01', NULL, NULL, NULL, 'WED_3.00-3.50'),
('WED_3.00-3.50_24', 'N28-422-01', NULL, NULL, NULL, 'WED_3.00-3.50'),
('WED_3.00-3.50_25', 'N28-423-01', NULL, NULL, NULL, 'WED_3.00-3.50'),
('WED_3.00-3.50_26', 'N28-502-01', NULL, NULL, NULL, 'WED_3.00-3.50'),
('WED_3.00-3.50_27', 'N28-505-01', NULL, NULL, NULL, 'WED_3.00-3.50'),
('WED_3.00-3.50_28', 'N28-506-01', 'Y3/S1', 'LC004', 'SECJ3553_10', 'WED_3.00-3.50'),
('WED_3.00-3.50_29', 'N28-512-01', NULL, NULL, NULL, 'WED_3.00-3.50'),
('WED_3.00-3.50_3', 'Block P19-DK5', NULL, NULL, NULL, 'WED_3.00-3.50'),
('WED_3.00-3.50_30', 'N28-516-01', NULL, NULL, NULL, 'WED_3.00-3.50'),
('WED_3.00-3.50_31', 'N28-517-02', 'Y3/S1', 'LC076', 'SECJ3553_07', 'WED_3.00-3.50'),
('WED_3.00-3.50_32', 'N28-518-02', NULL, NULL, NULL, 'WED_3.00-3.50'),
('WED_3.00-3.50_33', 'N28-524-02', NULL, NULL, NULL, 'WED_3.00-3.50'),
('WED_3.00-3.50_34', 'N28-525-01', NULL, NULL, NULL, 'WED_3.00-3.50'),
('WED_3.00-3.50_35', 'N28-527-02', NULL, NULL, NULL, 'WED_3.00-3.50'),
('WED_3.00-3.50_36', 'N28a-01-01', NULL, NULL, NULL, 'WED_3.00-3.50'),
('WED_3.00-3.50_37', 'N28a-01-02', NULL, NULL, NULL, 'WED_3.00-3.50'),
('WED_3.00-3.50_38', 'N28a-01-04', NULL, NULL, NULL, 'WED_3.00-3.50'),
('WED_3.00-3.50_39', 'N28a-01-05', NULL, NULL, NULL, 'WED_3.00-3.50'),
('WED_3.00-3.50_4', 'Block P19-DK6', NULL, NULL, NULL, 'WED_3.00-3.50'),
('WED_3.00-3.50_40', 'N28a-01-07', NULL, NULL, NULL, 'WED_3.00-3.50'),
('WED_3.00-3.50_41', 'N28a-01-15', NULL, NULL, NULL, 'WED_3.00-3.50'),
('WED_3.00-3.50_42', 'N28a-01-16', NULL, NULL, NULL, 'WED_3.00-3.50'),
('WED_3.00-3.50_43', 'N28a-01-19', NULL, NULL, NULL, 'WED_3.00-3.50'),
('WED_3.00-3.50_44', 'N28a-01-20', NULL, NULL, NULL, 'WED_3.00-3.50'),
('WED_3.00-3.50_45', 'N28A-02-33', NULL, NULL, NULL, 'WED_3.00-3.50'),
('WED_3.00-3.50_46', 'N28A-02-34', NULL, NULL, NULL, 'WED_3.00-3.50'),
('WED_3.00-3.50_5', 'N28-105-01', NULL, NULL, NULL, 'WED_3.00-3.50'),
('WED_3.00-3.50_6', 'N28-106-01', NULL, NULL, NULL, 'WED_3.00-3.50'),
('WED_3.00-3.50_7', 'N28-107-01', NULL, NULL, NULL, 'WED_3.00-3.50'),
('WED_3.00-3.50_8', 'N28-108-01', NULL, NULL, NULL, 'WED_3.00-3.50'),
('WED_3.00-3.50_9', 'N28-111-01', NULL, NULL, NULL, 'WED_3.00-3.50'),
('WED_4.00-4.50_1', 'Block L50', NULL, NULL, NULL, 'WED_4.00-4.50'),
('WED_4.00-4.50_10', 'N28-112-02', NULL, NULL, NULL, 'WED_4.00-4.50'),
('WED_4.00-4.50_11', 'N28-116-02', NULL, NULL, NULL, 'WED_4.00-4.50'),
('WED_4.00-4.50_12', 'N28-202-01', NULL, NULL, NULL, 'WED_4.00-4.50'),
('WED_4.00-4.50_13', 'N28-203-01', NULL, NULL, NULL, 'WED_4.00-4.50'),
('WED_4.00-4.50_14', 'N28-204-01', NULL, NULL, NULL, 'WED_4.00-4.50'),
('WED_4.00-4.50_15', 'N28-223-02', NULL, NULL, NULL, 'WED_4.00-4.50'),
('WED_4.00-4.50_16', 'N28-301-01', NULL, NULL, NULL, 'WED_4.00-4.50'),
('WED_4.00-4.50_17', 'N28-321-02', NULL, NULL, NULL, 'WED_4.00-4.50'),
('WED_4.00-4.50_18', 'N28-322-02', NULL, NULL, NULL, 'WED_4.00-4.50'),
('WED_4.00-4.50_19', 'N28-329-01', NULL, NULL, NULL, 'WED_4.00-4.50'),
('WED_4.00-4.50_2', 'Block P19-DK4', NULL, NULL, NULL, 'WED_4.00-4.50'),
('WED_4.00-4.50_20', 'N28-330-01', NULL, NULL, NULL, 'WED_4.00-4.50'),
('WED_4.00-4.50_21', 'N28-350-03', NULL, NULL, NULL, 'WED_4.00-4.50'),
('WED_4.00-4.50_22', 'N28-351-02', NULL, NULL, NULL, 'WED_4.00-4.50'),
('WED_4.00-4.50_23', 'N28-352-01', NULL, NULL, NULL, 'WED_4.00-4.50'),
('WED_4.00-4.50_24', 'N28-422-01', NULL, NULL, NULL, 'WED_4.00-4.50'),
('WED_4.00-4.50_25', 'N28-423-01', NULL, NULL, NULL, 'WED_4.00-4.50'),
('WED_4.00-4.50_26', 'N28-502-01', NULL, NULL, NULL, 'WED_4.00-4.50'),
('WED_4.00-4.50_27', 'N28-505-01', NULL, NULL, NULL, 'WED_4.00-4.50'),
('WED_4.00-4.50_28', 'N28-506-01', NULL, NULL, NULL, 'WED_4.00-4.50'),
('WED_4.00-4.50_29', 'N28-512-01', NULL, NULL, NULL, 'WED_4.00-4.50'),
('WED_4.00-4.50_3', 'Block P19-DK5', NULL, NULL, NULL, 'WED_4.00-4.50'),
('WED_4.00-4.50_30', 'N28-516-01', NULL, NULL, NULL, 'WED_4.00-4.50'),
('WED_4.00-4.50_31', 'N28-517-02', NULL, NULL, NULL, 'WED_4.00-4.50'),
('WED_4.00-4.50_32', 'N28-518-02', NULL, NULL, NULL, 'WED_4.00-4.50'),
('WED_4.00-4.50_33', 'N28-524-02', NULL, NULL, NULL, 'WED_4.00-4.50'),
('WED_4.00-4.50_34', 'N28-525-01', NULL, NULL, NULL, 'WED_4.00-4.50'),
('WED_4.00-4.50_35', 'N28-527-02', NULL, NULL, NULL, 'WED_4.00-4.50'),
('WED_4.00-4.50_36', 'N28a-01-01', NULL, NULL, NULL, 'WED_4.00-4.50'),
('WED_4.00-4.50_37', 'N28a-01-02', NULL, NULL, NULL, 'WED_4.00-4.50'),
('WED_4.00-4.50_38', 'N28a-01-04', NULL, NULL, NULL, 'WED_4.00-4.50'),
('WED_4.00-4.50_39', 'N28a-01-05', NULL, NULL, NULL, 'WED_4.00-4.50'),
('WED_4.00-4.50_4', 'Block P19-DK6', NULL, NULL, NULL, 'WED_4.00-4.50'),
('WED_4.00-4.50_40', 'N28a-01-07', NULL, NULL, NULL, 'WED_4.00-4.50'),
('WED_4.00-4.50_41', 'N28a-01-15', NULL, NULL, NULL, 'WED_4.00-4.50'),
('WED_4.00-4.50_42', 'N28a-01-16', NULL, NULL, NULL, 'WED_4.00-4.50'),
('WED_4.00-4.50_43', 'N28a-01-19', NULL, NULL, NULL, 'WED_4.00-4.50'),
('WED_4.00-4.50_44', 'N28a-01-20', NULL, NULL, NULL, 'WED_4.00-4.50'),
('WED_4.00-4.50_45', 'N28A-02-33', NULL, NULL, NULL, 'WED_4.00-4.50'),
('WED_4.00-4.50_46', 'N28A-02-34', NULL, NULL, NULL, 'WED_4.00-4.50'),
('WED_4.00-4.50_5', 'N28-105-01', NULL, NULL, NULL, 'WED_4.00-4.50'),
('WED_4.00-4.50_6', 'N28-106-01', NULL, NULL, NULL, 'WED_4.00-4.50'),
('WED_4.00-4.50_7', 'N28-107-01', NULL, NULL, NULL, 'WED_4.00-4.50'),
('WED_4.00-4.50_8', 'N28-108-01', NULL, NULL, NULL, 'WED_4.00-4.50'),
('WED_4.00-4.50_9', 'N28-111-01', NULL, NULL, NULL, 'WED_4.00-4.50'),
('WED_8.00-8.50_1', 'Block L50', NULL, NULL, NULL, 'WED_8.00-8.50'),
('WED_8.00-8.50_10', 'N28-112-02', NULL, NULL, NULL, 'WED_8.00-8.50'),
('WED_8.00-8.50_11', 'N28-116-02', NULL, NULL, NULL, 'WED_8.00-8.50'),
('WED_8.00-8.50_12', 'N28-202-01', NULL, NULL, NULL, 'WED_8.00-8.50'),
('WED_8.00-8.50_13', 'N28-203-01', NULL, NULL, NULL, 'WED_8.00-8.50'),
('WED_8.00-8.50_14', 'N28-204-01', NULL, NULL, NULL, 'WED_8.00-8.50'),
('WED_8.00-8.50_15', 'N28-223-02', NULL, NULL, NULL, 'WED_8.00-8.50'),
('WED_8.00-8.50_16', 'N28-301-01', NULL, NULL, NULL, 'WED_8.00-8.50'),
('WED_8.00-8.50_17', 'N28-321-02', NULL, NULL, NULL, 'WED_8.00-8.50'),
('WED_8.00-8.50_18', 'N28-322-02', NULL, NULL, NULL, 'WED_8.00-8.50'),
('WED_8.00-8.50_19', 'N28-329-01', NULL, NULL, NULL, 'WED_8.00-8.50'),
('WED_8.00-8.50_2', 'Block P19-DK4', NULL, NULL, NULL, 'WED_8.00-8.50'),
('WED_8.00-8.50_20', 'N28-330-01', NULL, NULL, NULL, 'WED_8.00-8.50'),
('WED_8.00-8.50_21', 'N28-350-03', NULL, NULL, NULL, 'WED_8.00-8.50'),
('WED_8.00-8.50_22', 'N28-351-02', NULL, NULL, NULL, 'WED_8.00-8.50'),
('WED_8.00-8.50_23', 'N28-352-01', NULL, NULL, NULL, 'WED_8.00-8.50'),
('WED_8.00-8.50_24', 'N28-422-01', NULL, NULL, NULL, 'WED_8.00-8.50'),
('WED_8.00-8.50_25', 'N28-423-01', NULL, NULL, NULL, 'WED_8.00-8.50'),
('WED_8.00-8.50_26', 'N28-502-01', NULL, NULL, NULL, 'WED_8.00-8.50'),
('WED_8.00-8.50_27', 'N28-505-01', NULL, NULL, NULL, 'WED_8.00-8.50'),
('WED_8.00-8.50_28', 'N28-506-01', NULL, NULL, NULL, 'WED_8.00-8.50'),
('WED_8.00-8.50_29', 'N28-512-01', NULL, NULL, NULL, 'WED_8.00-8.50'),
('WED_8.00-8.50_3', 'Block P19-DK5', NULL, NULL, NULL, 'WED_8.00-8.50'),
('WED_8.00-8.50_30', 'N28-516-01', 'Y3/S1', 'LC080', 'SECJ3104_01', 'WED_8.00-8.50'),
('WED_8.00-8.50_31', 'N28-517-02', NULL, NULL, NULL, 'WED_8.00-8.50'),
('WED_8.00-8.50_32', 'N28-518-02', NULL, NULL, NULL, 'WED_8.00-8.50'),
('WED_8.00-8.50_33', 'N28-524-02', NULL, NULL, NULL, 'WED_8.00-8.50'),
('WED_8.00-8.50_34', 'N28-525-01', NULL, NULL, NULL, 'WED_8.00-8.50'),
('WED_8.00-8.50_35', 'N28-527-02', NULL, NULL, NULL, 'WED_8.00-8.50'),
('WED_8.00-8.50_36', 'N28a-01-01', NULL, NULL, NULL, 'WED_8.00-8.50'),
('WED_8.00-8.50_37', 'N28a-01-02', NULL, NULL, NULL, 'WED_8.00-8.50'),
('WED_8.00-8.50_38', 'N28a-01-04', NULL, NULL, NULL, 'WED_8.00-8.50'),
('WED_8.00-8.50_39', 'N28a-01-05', NULL, NULL, NULL, 'WED_8.00-8.50'),
('WED_8.00-8.50_4', 'Block P19-DK6', NULL, NULL, NULL, 'WED_8.00-8.50'),
('WED_8.00-8.50_40', 'N28a-01-07', NULL, NULL, NULL, 'WED_8.00-8.50'),
('WED_8.00-8.50_41', 'N28a-01-15', NULL, NULL, NULL, 'WED_8.00-8.50'),
('WED_8.00-8.50_42', 'N28a-01-16', NULL, NULL, NULL, 'WED_8.00-8.50'),
('WED_8.00-8.50_43', 'N28a-01-19', NULL, NULL, NULL, 'WED_8.00-8.50'),
('WED_8.00-8.50_44', 'N28a-01-20', NULL, NULL, NULL, 'WED_8.00-8.50'),
('WED_8.00-8.50_45', 'N28A-02-33', NULL, NULL, NULL, 'WED_8.00-8.50'),
('WED_8.00-8.50_46', 'N28A-02-34', NULL, NULL, NULL, 'WED_8.00-8.50'),
('WED_8.00-8.50_5', 'N28-105-01', NULL, NULL, NULL, 'WED_8.00-8.50'),
('WED_8.00-8.50_6', 'N28-106-01', NULL, NULL, NULL, 'WED_8.00-8.50'),
('WED_8.00-8.50_7', 'N28-107-01', NULL, NULL, NULL, 'WED_8.00-8.50'),
('WED_8.00-8.50_8', 'N28-108-01', NULL, NULL, NULL, 'WED_8.00-8.50'),
('WED_8.00-8.50_9', 'N28-111-01', NULL, NULL, NULL, 'WED_8.00-8.50'),
('WED_9.00-9.50_1', 'Block L50', NULL, NULL, NULL, 'WED_9.00-9.50'),
('WED_9.00-9.50_10', 'N28-112-02', NULL, NULL, NULL, 'WED_9.00-9.50'),
('WED_9.00-9.50_11', 'N28-116-02', NULL, NULL, NULL, 'WED_9.00-9.50'),
('WED_9.00-9.50_12', 'N28-202-01', NULL, NULL, NULL, 'WED_9.00-9.50'),
('WED_9.00-9.50_13', 'N28-203-01', NULL, NULL, NULL, 'WED_9.00-9.50'),
('WED_9.00-9.50_14', 'N28-204-01', NULL, NULL, NULL, 'WED_9.00-9.50'),
('WED_9.00-9.50_15', 'N28-223-02', NULL, NULL, NULL, 'WED_9.00-9.50'),
('WED_9.00-9.50_16', 'N28-301-01', NULL, NULL, NULL, 'WED_9.00-9.50'),
('WED_9.00-9.50_17', 'N28-321-02', NULL, NULL, NULL, 'WED_9.00-9.50'),
('WED_9.00-9.50_18', 'N28-322-02', NULL, NULL, NULL, 'WED_9.00-9.50'),
('WED_9.00-9.50_19', 'N28-329-01', NULL, NULL, NULL, 'WED_9.00-9.50'),
('WED_9.00-9.50_2', 'Block P19-DK4', NULL, NULL, NULL, 'WED_9.00-9.50'),
('WED_9.00-9.50_20', 'N28-330-01', NULL, NULL, NULL, 'WED_9.00-9.50'),
('WED_9.00-9.50_21', 'N28-350-03', NULL, NULL, NULL, 'WED_9.00-9.50'),
('WED_9.00-9.50_22', 'N28-351-02', NULL, NULL, NULL, 'WED_9.00-9.50'),
('WED_9.00-9.50_23', 'N28-352-01', NULL, NULL, NULL, 'WED_9.00-9.50'),
('WED_9.00-9.50_24', 'N28-422-01', NULL, NULL, NULL, 'WED_9.00-9.50'),
('WED_9.00-9.50_25', 'N28-423-01', NULL, NULL, NULL, 'WED_9.00-9.50'),
('WED_9.00-9.50_26', 'N28-502-01', NULL, NULL, NULL, 'WED_9.00-9.50'),
('WED_9.00-9.50_27', 'N28-505-01', NULL, NULL, NULL, 'WED_9.00-9.50'),
('WED_9.00-9.50_28', 'N28-506-01', NULL, NULL, NULL, 'WED_9.00-9.50'),
('WED_9.00-9.50_29', 'N28-512-01', NULL, NULL, NULL, 'WED_9.00-9.50'),
('WED_9.00-9.50_3', 'Block P19-DK5', NULL, NULL, NULL, 'WED_9.00-9.50'),
('WED_9.00-9.50_30', 'N28-516-01', 'Y3/S1', 'LC080', 'SECJ3104_01', 'WED_9.00-9.50'),
('WED_9.00-9.50_31', 'N28-517-02', NULL, NULL, NULL, 'WED_9.00-9.50'),
('WED_9.00-9.50_32', 'N28-518-02', NULL, NULL, NULL, 'WED_9.00-9.50'),
('WED_9.00-9.50_33', 'N28-524-02', NULL, NULL, NULL, 'WED_9.00-9.50'),
('WED_9.00-9.50_34', 'N28-525-01', NULL, NULL, NULL, 'WED_9.00-9.50'),
('WED_9.00-9.50_35', 'N28-527-02', NULL, NULL, NULL, 'WED_9.00-9.50'),
('WED_9.00-9.50_36', 'N28a-01-01', NULL, NULL, NULL, 'WED_9.00-9.50'),
('WED_9.00-9.50_37', 'N28a-01-02', NULL, NULL, NULL, 'WED_9.00-9.50'),
('WED_9.00-9.50_38', 'N28a-01-04', NULL, NULL, NULL, 'WED_9.00-9.50'),
('WED_9.00-9.50_39', 'N28a-01-05', NULL, NULL, NULL, 'WED_9.00-9.50'),
('WED_9.00-9.50_4', 'Block P19-DK6', NULL, NULL, NULL, 'WED_9.00-9.50'),
('WED_9.00-9.50_40', 'N28a-01-07', NULL, NULL, NULL, 'WED_9.00-9.50'),
('WED_9.00-9.50_41', 'N28a-01-15', NULL, NULL, NULL, 'WED_9.00-9.50'),
('WED_9.00-9.50_42', 'N28a-01-16', NULL, NULL, NULL, 'WED_9.00-9.50'),
('WED_9.00-9.50_43', 'N28a-01-19', NULL, NULL, NULL, 'WED_9.00-9.50'),
('WED_9.00-9.50_44', 'N28a-01-20', NULL, NULL, NULL, 'WED_9.00-9.50'),
('WED_9.00-9.50_45', 'N28A-02-33', NULL, NULL, NULL, 'WED_9.00-9.50'),
('WED_9.00-9.50_46', 'N28A-02-34', NULL, NULL, NULL, 'WED_9.00-9.50'),
('WED_9.00-9.50_5', 'N28-105-01', NULL, NULL, NULL, 'WED_9.00-9.50'),
('WED_9.00-9.50_6', 'N28-106-01', NULL, NULL, NULL, 'WED_9.00-9.50'),
('WED_9.00-9.50_7', 'N28-107-01', NULL, NULL, NULL, 'WED_9.00-9.50'),
('WED_9.00-9.50_8', 'N28-108-01', NULL, NULL, NULL, 'WED_9.00-9.50'),
('WED_9.00-9.50_9', 'N28-111-01', NULL, NULL, NULL, 'WED_9.00-9.50');

-- --------------------------------------------------------

--
-- Table structure for table `section`
--

CREATE TABLE `section` (
  `section_id` varchar(255) NOT NULL,
  `capacity` int(11) NOT NULL,
  `program` varchar(255) NOT NULL,
  `section_name` varchar(255) NOT NULL,
  `course_code` varchar(255) NOT NULL
) ENGINE=InnoDB DEFAULT CHARSET=utf8mb4 COLLATE=utf8mb4_general_ci;

--
-- Dumping data for table `section`
--

INSERT INTO `section` (`section_id`, `capacity`, `program`, `section_name`, `course_code`) VALUES
('SCSE1013_01', 30, 'SCSEH', '01', 'SCSE1013'),
('SCSE1013_04', 30, 'SCSEH', '04', 'SCSE1013'),
('SCSR1013_01', 30, 'SCSEH', '01', 'SCSR1013'),
('SCSR1013_02', 30, 'SCSEH', '02', 'SCSR1013'),
('SCSR1013_03', 30, 'SCSEH', '03', 'SCSR1013'),
('SCSR1013_04', 30, 'SCSEH', '04', 'SCSR1013'),
('SCST1143_01', 40, 'SCSEH', '01', 'SCST1143'),
('SCST1143_02', 30, 'SCSEH', '02', 'SCST1143'),
('SCST1143_03', 30, 'SCSEH', '03', 'SCST1143'),
('SCST1143_04', 30, 'SCSEH', '04', 'SCST1143'),
('SEBB4173_01', 25, 'SCSEH', '01', 'SEBB4173'),
('SECB3103_02', 40, 'SECBH', '02', 'SECB3103'),
('SECB3104_01', 40, 'SECBH', '01', 'SECB3104'),
('SECB3203_01', 40, 'SECBH', '01', 'SECB3203'),
('SECD2523_01', 40, 'SECBH', '01', 'SECD2523'),
('SECD2523_02', 35, 'SECRH', '02', 'SECD2523'),
('SECD2523_03', 35, 'SECRH', '03', 'SECD2523'),
('SECD2523_04', 35, 'SECRH', '04', 'SECD2523'),
('SECD2523_05', 35, 'SECJH', '05', 'SECD2523'),
('SECD2523_06', 35, 'SECJH', '06', 'SECD2523'),
('SECD2523_07', 35, 'SECJH', '07', 'SECD2523'),
('SECD2523_08', 30, 'SCSEH', '08', 'SECD2523'),
('SECD2523_09', 30, 'SCSEH', '09', 'SECD2523'),
('SECD2523_10', 30, 'SCSEH', '10', 'SECD2523'),
('SECD3761_01', 60, 'SECJH', '01', 'SECD3761'),
('SECD3761_02', 45, 'ALL', '02', 'SECD3761'),
('SECI1013_01', 40, 'SECBH', '01', 'SECI1013'),
('SECI1013_02', 30, 'SECPH', '02', 'SECI1013'),
('SECI1013_03', 30, 'SECPH', '03', 'SECI1013'),
('SECI1013_04', 35, 'SECRH', '04', 'SECI1013'),
('SECI1013_05', 35, 'SECRH', '05', 'SECI1013'),
('SECI1013_06', 35, 'SECRH', '06', 'SECI1013'),
('SECI1013_07', 30, 'SECVH', '07', 'SECI1013'),
('SECI1013_08', 30, 'SECVH', '08', 'SECI1013'),
('SECI1013_09', 40, 'IDP', '09', 'SECI1013'),
('SECI1113_01', 30, 'SECBH/\r\nSECRH', '01', 'SECI1113'),
('SECJ1013_01', 40, 'SECBH', '01', 'SECJ1013'),
('SECJ1013_02', 30, 'SECPH', '02', 'SECJ1013'),
('SECJ1013_03', 30, 'SECPH', '03', 'SECJ1013'),
('SECJ1013_04', 35, 'SECRH', '04', 'SECJ1013'),
('SECJ1013_05', 35, 'SECRH', '05', 'SECJ1013'),
('SECJ1013_06', 35, 'SECRH', '06', 'SECJ1013'),
('SECJ1013_07', 25, 'SECVH', '07', 'SECJ1013'),
('SECJ1013_08', 25, 'SECVH', '08', 'SECJ1013'),
('SECJ1013_09', 26, 'IDP', '09', 'SECJ1013'),
('SECJ1023_01', 30, 'SECRH/\r\nSECJH', '01', 'SECJ1023'),
('SECJ1023_02', 30, 'ALL', '02', 'SECJ1023'),
('SECJ1023_03', 30, 'SECRH/\r\n SECVH', '03', 'SECJ1023'),
('SECJ2013_01', 35, 'SECBH', '01', 'SECJ2013'),
('SECJ2013_02', 35, 'SECPH', '02', 'SECJ2013'),
('SECJ2013_03', 35, 'SECPH', '03', 'SECJ2013'),
('SECJ2013_04', 35, 'SECRH', '04', 'SECJ2013'),
('SECJ2013_05', 35, 'SECRH', '05', 'SECJ2013'),
('SECJ2013_06', 35, 'SECRH /\r\n SECJH', '06', 'SECJ2013'),
('SECJ2013_07', 35, 'SECJH', '07', 'SECJ2013'),
('SECJ2013_08', 35, 'SECJH', '08', 'SECJ2013'),
('SECJ2013_09', 35, 'SECJH', '09', 'SECJ2013'),
('SECJ2013_10', 35, 'SECVH/\r\nSECJH', '10', 'SECJ2013'),
('SECJ2013_11', 35, 'SECVH/\r\nSECJH', '11', 'SECJ2013'),
('SECJ2203_01', 35, 'SECBH', '01', 'SECJ2203'),
('SECJ2203_02', 35, 'SECRH', '02', 'SECJ2203'),
('SECJ2203_03', 35, 'SECRH', '03', 'SECJ2203'),
('SECJ2203_04', 35, 'SECRH', '04', 'SECJ2203'),
('SECJ2203_05', 35, 'SECJH', '05', 'SECJ2203'),
('SECJ2203_06', 35, 'SECJH', '06', 'SECJ2203'),
('SECJ2203_07', 35, 'SECJH', '07', 'SECJ2203'),
('SECJ2203_08', 35, 'SECJH', '08', 'SECJ2203'),
('SECJ2203_09', 35, 'SECVH', '09', 'SECJ2203'),
('SECJ2203_10', 35, 'SECVH', '10', 'SECJ2203'),
('SECJ2203_11', 35, 'SECBH/\r\nSECRH', '11', 'SECJ2203'),
('SECJ3104_01', 35, 'SECJH', '01', 'SECJ3104'),
('SECJ3104_02', 35, 'SECJH', '02', 'SECJ3104'),
('SECJ3104_03', 35, 'SECJH', '03', 'SECJ3104'),
('SECJ3104_04', 35, 'SECJH', '04', 'SECJ3104'),
('SECJ3203_01', 40, 'ALL', '01', 'SECJ3203'),
('SECJ3203_02', 40, 'ALL', '02', 'SECJ3203'),
('SECJ3303_01', 30, 'SECJH', '01', 'SECJ3303'),
('SECJ3303_02', 30, 'SECJH', '02', 'SECJ3303'),
('SECJ3303_03', 30, 'SECJH', '03', 'SECJ3303'),
('SECJ3303_04', 30, 'SECJH', '04', 'SECJ3303'),
('SECJ3303_05', 30, 'SECJH', '05', 'SECJ3303'),
('SECJ3323_01', 30, 'SECJH', '01', 'SECJ3323'),
('SECJ3323_02', 30, 'SECJH', '02', 'SECJ3323'),
('SECJ3323_03', 30, 'SECJH', '03', 'SECJ3323'),
('SECJ3323_04', 30, 'SECJH', '04', 'SECJ3323'),
('SECJ3323_05', 30, 'SECJH', '05', 'SECJ3323'),
('SECJ3553_01', 35, 'SECBH', '01', 'SECJ3553'),
('SECJ3553_02', 35, 'SECPH', '02', 'SECJ3553'),
('SECJ3553_03', 35, 'SECPH', '03', 'SECJ3553'),
('SECJ3553_04', 35, 'SECRH', '04', 'SECJ3553'),
('SECJ3553_05', 35, 'SECRH', '05', 'SECJ3553'),
('SECJ3553_06', 35, 'SECRH', '06', 'SECJ3553'),
('SECJ3553_07', 35, 'SECJH', '07', 'SECJ3553'),
('SECJ3553_08', 35, 'SECJH', '08', 'SECJ3553'),
('SECJ3553_09', 35, 'SECJH', '09', 'SECJ3553'),
('SECJ3553_10', 35, 'SECJH', '10', 'SECJ3553'),
('SECJ3553_11', 30, 'SECVH', '11', 'SECJ3553'),
('SECJ3553_12', 30, 'SECVH', '12', 'SECJ3553'),
('SECJ3623_01', 30, 'SECVH', '01', 'SECJ3623'),
('SECP1103_01', 30, 'FKT', '01', 'SECP1103'),
('SECP1103_02', 30, 'FKT', '02', 'SECP1103'),
('SECP1513_01', 35, 'SCSEH', '01', 'SECP1513'),
('SECP1513_02', 35, 'SCSEH', '02', 'SECP1513'),
('SECP1513_03', 35, 'SCSEH', '03', 'SECP1513'),
('SECP1513_05', 35, 'SCSEH', '05', 'SECP1513'),
('SECP1513_06', 35, 'SCSEH', '06', 'SECP1513'),
('SECP1513_07', 35, 'SCSEH', '07', 'SECP1513'),
('SECP1513_08', 35, 'SCSEH', '08', 'SECP1513'),
('SECP1513_09', 35, 'SCSEH', '09', 'SECP1513'),
('SECP2523_01', 30, 'SCSEH', '01', 'SECP2523'),
('SECP2523_02', 30, 'SCSEH', '02', 'SECP2523'),
('SECP2753_EB1', 40, 'ALL', 'EB1', 'SECP2753'),
('SECP3204_01', 30, 'SECPH', '01', 'SECP3204'),
('SECP3204_02', 30, 'SECPH', '02', 'SECP3204'),
('SECP3223_01', 40, 'SECPH', '01', 'SECP3223'),
('SECP3223_02', 40, 'SECPH', '02', 'SECP3223'),
('SECP3723_01', 40, 'SECPH', '01', 'SECP3723'),
('SECP3723_02', 40, 'SECPH', '02', 'SECP3723'),
('SECP3744_01', 40, 'SECPH', '01', 'SECP3744'),
('SECP3744_02', 40, 'SECPH', '02', 'SECP3744'),
('SECR1013_01', 40, 'SECBH', '01', 'SECR1013'),
('SECR1013_02', 30, 'SECPH', '02', 'SECR1013'),
('SECR1013_03', 30, 'SECPH', '03', 'SECR1013'),
('SECR1013_04', 35, 'SECRH', '04', 'SECR1013'),
('SECR1013_05', 35, 'SECRH', '05', 'SECR1013'),
('SECR1013_06', 35, 'SECRH', '06', 'SECR1013'),
('SECR1013_07', 25, 'SECVH', '07', 'SECR1013'),
('SECR1013_08', 25, 'SECVH', '08', 'SECR1013'),
('SECR1013_09', 30, 'IDP', '09', 'SECR1013'),
('SECR1213_01', 40, 'SECBH', '01', 'SECR1213'),
('SECR1213_02', 40, 'SECPH', '02', 'SECR1213'),
('SECR1213_03', 40, 'SECRH', '03', 'SECR1213'),
('SECR1213_04', 40, 'SECRH', '04', 'SECR1213'),
('SECR1213_05', 40, 'SECRH', '05', 'SECR1213'),
('SECR1213_06', 40, 'SECJH', '06', 'SECR1213'),
('SECR1213_07', 40, 'SECJH', '07', 'SECR1213'),
('SECR1213_08', 40, 'SECJH', '08', 'SECR1213'),
('SECR1213_09', 40, 'SECJH', '09', 'SECR1213'),
('SECR1213_10', 40, 'SECVH', '10', 'SECR1213'),
('SECR1213_11', 40, 'SECVH', '11', 'SECR1213'),
('SECR1213_12', 35, 'SECPH', '12', 'SECR1213'),
('SECR2043_01', 35, 'SECJH/\r\nSECVH', '01', 'SECR2043'),
('SECR2043_03', 30, 'FKE', '03', 'SECR2043'),
('SECR3104_01', 30, 'SECRH', '01', 'SECR3104'),
('SECR3104_02', 30, 'SECRH', '02', 'SECR3104'),
('SECR3104_03', 30, 'SECRH', '03', 'SECR3104'),
('SECR3242_01', 28, 'SECRH', '01', 'SECR3242'),
('SECR3242_02', 28, 'SECRH', '02', 'SECR3242'),
('SECR3242_03', 28, 'SECRH', '03', 'SECR3242'),
('SECR3242_04', 28, 'SECRH', '04', 'SECR3242'),
('SECR3443_01', 35, 'SECRH', '01', 'SECR3443'),
('SECR3443_02', 35, 'SECRH', '02', 'SECR3443'),
('SECR3443_03', 35, 'SECRH', '03', 'SECR3443'),
('SECR3941_01', 28, 'SECRH', '01', 'SECR3941'),
('SECR3941_02', 28, 'SECRH', '02', 'SECR3941'),
('SECR3941_03', 28, 'SECRH', '03', 'SECR3941'),
('SECR3941_04', 28, 'SECRH', '04', 'SECR3941'),
('SECV1113_01', 12, 'SECVH', '01', 'SECV1113'),
('SECV2113_01', 40, 'SECBH', '01', 'SECV2113'),
('SECV2113_02', 30, 'SECRH', '02', 'SECV2113'),
('SECV2113_03', 30, 'SECRH /\r\n SECBH', '03', 'SECV2113'),
('SECV2113_04', 30, 'SECRH', '04', 'SECV2113'),
('SECV2113_05', 30, 'SECJH', '05', 'SECV2113'),
('SECV2113_06', 30, 'SECJH', '06', 'SECV2113'),
('SECV2113_07', 30, 'SECJH', '07', 'SECV2113'),
('SECV2113_08', 30, 'SECJH', '08', 'SECV2113'),
('SECV2113_09', 30, 'SECVH', '09', 'SECV2113'),
('SECV2113_10', 30, 'SECVH', '10', 'SECV2113'),
('SECV2113_EB1', 40, 'ALL', 'EB1', 'SECV2113'),
('SECV2113_EB2', 40, 'ALL', 'EB2', 'SECV2113'),
('SECV3104_01', 30, 'SECVH', '01', 'SECV3104'),
('SECV3104_02', 30, 'SECVH', '02', 'SECV3104'),
('SECV3113_01', 30, 'SECVH', '01', 'SECV3113'),
('SECV3113_02', 30, 'SECVH', '02', 'SECV3113'),
('SECV3213_01', 30, 'SECVH', '01', 'SECV3213'),
('SECV3213_02', 30, 'SECVH', '02', 'SECV3213');

-- --------------------------------------------------------

--
-- Table structure for table `staff`
--

CREATE TABLE `staff` (
  `staff_id` varchar(255) NOT NULL,
  `email` varchar(255) NOT NULL,
  `faculty` varchar(255) NOT NULL,
  `name` varchar(255) NOT NULL,
  `office` varchar(255) NOT NULL
) ENGINE=InnoDB DEFAULT CHARSET=utf8mb4 COLLATE=utf8mb4_general_ci;

--
-- Dumping data for table `staff`
--

INSERT INTO `staff` (`staff_id`, `email`, `faculty`, `name`, `office`) VALUES
('FC0001', 'siti@utm.my', 'Faculty of Computing', 'SITI', 'N28a - 305'),
('FC0002', 'ali@utm.my', 'Faculty of Computing', 'ALI', 'N28a - 346'),
('FC0003', 'kwek@utm.my', 'Faculty of Computing', 'JC KWEK', 'N28a - 348');

-- --------------------------------------------------------

--
-- Table structure for table `student`
--

CREATE TABLE `student` (
  `matric_no` varchar(255) NOT NULL,
  `email` varchar(255) NOT NULL,
  `faculty` varchar(255) NOT NULL,
  `location` varchar(255) NOT NULL,
  `name` varchar(255) NOT NULL,
  `phone_num` varchar(255) NOT NULL,
  `program` varchar(255) NOT NULL,
  `semester` int(11) NOT NULL,
  `year` int(11) NOT NULL
) ENGINE=InnoDB DEFAULT CHARSET=utf8mb4 COLLATE=utf8mb4_general_ci;

--
-- Dumping data for table `student`
--

INSERT INTO `student` (`matric_no`, `email`, `faculty`, `location`, `name`, `phone_num`, `program`, `semester`, `year`) VALUES
('A21EC0001', 'aida@graduate.utm.my', 'Faculty of Computing', 'Skudai, Johor', 'Aida Nabiha', '0125486985', 'Software Engineering', 1, 4),
('A22EC0067', 'leowhong@graduate.utm.my', 'Faculty of Computing', 'Skudai, Johor', 'Leow Yan Hong', '0125669966', 'Software Engineering', 1, 3),
('A22EC0069', 'limze@graduate.utm.my', 'Faculty of Computing', 'Pontian, Johor', 'LIM MING ZE', '0123456789', 'Software Engineering', 1, 3),
('A22EC0099', 'ohxuan@graduate.utm.my', 'Faculty of Computing', 'Skudai, Johor', 'OH KAI XUAN', '0109683633', 'Software Engineering', 1, 3),
('A23EC0001', 'kuantong@graduate.utm.my', 'Faculty of Computing', 'Muar, Johor', 'Kuan Ji Tong', '0123654589', 'Software Engineering', 1, 2),
('A240001', 'afiq@graduate.utm.my', 'Faculty of Computing', 'Skudai, Johor', 'Mohammad Afiq Zafran', '0128546985', 'Data Engineering', 1, 1);

-- --------------------------------------------------------

--
-- Table structure for table `time_slot`
--

CREATE TABLE `time_slot` (
  `time_slot_id` varchar(255) NOT NULL,
  `day` varchar(255) NOT NULL,
  `time` varchar(255) NOT NULL,
  `end_time` double NOT NULL,
  `start_time` double NOT NULL
) ENGINE=InnoDB DEFAULT CHARSET=utf8mb4 COLLATE=utf8mb4_general_ci;

--
-- Dumping data for table `time_slot`
--

INSERT INTO `time_slot` (`time_slot_id`, `day`, `time`, `end_time`, `start_time`) VALUES
('FRI_10.00-10.50', 'FRIDAY', '10.00-10.50', 10.5, 10),
('FRI_11.00-11.50', 'FRIDAY', '11.00-11.50', 11.5, 11),
('FRI_12.00-12.50', 'FRIDAY', '12.00-12.50', 12.5, 12),
('FRI_2.00-2.50', 'FRIDAY', '2.00-2.50', 2.5, 2),
('FRI_3.00-3.50', 'FRIDAY', '3.00-3.50', 3.5, 3),
('FRI_4.00-4.50', 'FRIDAY', '4.00-4.50', 4.5, 4),
('FRI_5.00-5.50', 'FRIDAY', '5.00-5.50', 5.5, 5),
('FRI_6.00-6.50', 'FRIDAY', '6.00-6.50', 6.5, 6),
('FRI_8.00-8.50', 'FRIDAY', '8.00-8.50', 8.5, 8),
('FRI_9.00-9.50', 'FRIDAY', '9.00-9.50', 9.5, 9),
('MON_10.00-10.50', 'MONDAY', '10.00-10.50', 10.5, 10),
('MON_11.00-11.50', 'MONDAY', '11.00-11.50', 11.5, 11),
('MON_12.00-12.50', 'MONDAY', '12.00-12.50', 12.5, 12),
('MON_2.00-2.50', 'MONDAY', '2.00-2.50', 2.5, 2),
('MON_3.00-3.50', 'MONDAY', '3.00-3.50', 3.5, 3),
('MON_4.00-4.50', 'MONDAY', '4.00-4.50', 4.5, 4),
('MON_5.00-5.50', 'MONDAY', '5.00-5.50', 5.5, 5),
('MON_6.00-6.50', 'MONDAY', '6.00-6.50', 6.5, 6),
('MON_8.00-8.50', 'MONDAY', '8.00-8.50', 8.5, 8),
('MON_9.00-9.50', 'MONDAY', '9.00-9.50', 9.5, 9),
('SUN_10.00-10.50', 'SUNDAY', '10.00-10.50', 10.5, 10),
('SUN_11.00-11.50', 'SUNDAY', '11.00-11.50', 11.5, 11),
('SUN_12.00-12.50', 'SUNDAY', '12.00-12.50', 12.5, 12),
('SUN_2.00-2.50', 'SUNDAY', '2.00-2.50', 2.5, 2),
('SUN_3.00-3.50', 'SUNDAY', '3.00-3.50', 3.5, 3),
('SUN_4.00-4.50', 'SUNDAY', '4.00-4.50', 4.5, 4),
('SUN_5.00-5.50', 'SUNDAY', '5.00-5.50', 5.5, 5),
('SUN_6.00-6.50', 'SUNDAY', '6.00-6.50', 6.5, 6),
('SUN_8.00-8.50', 'SUNDAY', '8.00-8.50', 8.5, 8),
('SUN_9.00-9.50', 'SUNDAY', '9.00-9.50', 9.5, 9),
('THU_10.00-10.50', 'THURSDAY', '10.00-10.50', 10.5, 10),
('THU_11.00-11.50', 'THURSDAY', '11.00-11.50', 11.5, 11),
('THU_12.00-12.50', 'THURSDAY', '12.00-12.50', 12.5, 12),
('THU_2.00-2.50', 'THURSDAY', '2.00-2.50', 2.5, 2),
('THU_3.00-3.50', 'THURSDAY', '3.00-3.50', 3.5, 3),
('THU_4.00-4.50', 'THURSDAY', '4.00-4.50', 4.5, 4),
('THU_5.00-5.50', 'THURSDAY', '5.00-5.50', 5.5, 5),
('THU_6.00-6.50', 'THURSDAY', '6.00-6.50', 6.5, 6),
('THU_8.00-8.50', 'THURSDAY', '8.00-8.50', 8.5, 8),
('THU_9.00-9.50', 'THURSDAY', '9.00-9.50', 9.5, 9),
('TUE_10.00-10.50', 'TUESDAY', '10.00-10.50', 10.5, 10),
('TUE_11.00-11.50', 'TUESDAY', '11.00-11.50', 11.5, 11),
('TUE_12.00-12.50', 'TUESDAY', '12.00-12.50', 12.5, 12),
('TUE_2.00-2.50', 'TUESDAY', '2.00-2.50', 2.5, 2),
('TUE_3.00-3.50', 'TUESDAY', '3.00-3.50', 3.5, 3),
('TUE_4.00-4.50', 'TUESDAY', '4.00-4.50', 4.5, 4),
('TUE_5.00-5.50', 'TUESDAY', '5.00-5.50', 5.5, 5),
('TUE_6.00-6.50', 'TUESDAY', '6.00-6.50', 6.5, 6),
('TUE_8.00-8.50', 'TUESDAY', '8.00-8.50', 8.5, 8),
('TUE_9.00-9.50', 'TUESDAY', '9.00-9.50', 9.5, 9),
('WED_10.00-10.50', 'WEDNESDAY', '10.00-10.50', 10.5, 10),
('WED_11.00-11.50', 'WEDNESDAY', '11.00-11.50', 11.5, 11),
('WED_12.00-12.50', 'WEDNESDAY', '12.00-12.50', 12.5, 12),
('WED_2.00-2.50', 'WEDNESDAY', '2.00-2.50', 2.5, 2),
('WED_3.00-3.50', 'WEDNESDAY', '3.00-3.50', 3.5, 3),
('WED_4.00-4.50', 'WEDNESDAY', '4.00-4.50', 4.5, 4),
('WED_5.00-5.50', 'WEDNESDAY', '5.00-5.50', 5.5, 5),
('WED_6.00-6.50', 'WEDNESDAY', '6.00-6.50', 6.5, 6),
('WED_8.00-8.50', 'WEDNESDAY', '8.00-8.50', 8.5, 8),
('WED_9.00-9.50', 'WEDNESDAY', '9.00-9.50', 9.5, 9);

--
-- Indexes for dumped tables
--

--
-- Indexes for table `authority`
--
ALTER TABLE `authority`
  ADD PRIMARY KEY (`id`);

--
-- Indexes for table `classroom`
--
ALTER TABLE `classroom`
  ADD PRIMARY KEY (`classroom_id`);

--
-- Indexes for table `course`
--
ALTER TABLE `course`
  ADD PRIMARY KEY (`course_code`);

--
-- Indexes for table `faculty_timetable`
--
ALTER TABLE `faculty_timetable`
  ADD PRIMARY KEY (`faculty_timetable_id`);

--
-- Indexes for table `lecturer`
--
ALTER TABLE `lecturer`
  ADD PRIMARY KEY (`lecturer_id`);

--
-- Indexes for table `login`
--
ALTER TABLE `login`
  ADD PRIMARY KEY (`username`);

--
-- Indexes for table `published_schedule`
--
ALTER TABLE `published_schedule`
  ADD PRIMARY KEY (`schedule_id`),
  ADD KEY `FKswkdn8fc79x3ivsbb77rqp3uj` (`classroom_id`),
  ADD KEY `FKjp39sjrmeaxqa987mftu6scce` (`faculty_timetable_id`),
  ADD KEY `FKmq1ol38cnvp6iawvppr3ljr5e` (`lecturer_id`),
  ADD KEY `FKfhp41k75nj1bbrnidy35t7oq` (`section_id`),
  ADD KEY `FKfvbhvqkky2csb4319a37dut61` (`time_slot_id`);

--
-- Indexes for table `schedule`
--
ALTER TABLE `schedule`
  ADD PRIMARY KEY (`schedule_id`),
  ADD KEY `FKspegywv3sqtea4v57fo8yd4gs` (`classroom_id`),
  ADD KEY `FK8k1l9kjrex28stsktw5cy8r9k` (`faculty_timetable_id`),
  ADD KEY `FKdo0os4mi50u1t4lbpyv050707` (`lecturer_id`),
  ADD KEY `FKfrx6dyaer8jpt2i3lsxdlrdb5` (`section_id`),
  ADD KEY `FKetuitjit6c0fdtou4stv8rcrw` (`time_slot_id`);

--
-- Indexes for table `section`
--
ALTER TABLE `section`
  ADD PRIMARY KEY (`section_id`),
  ADD KEY `FKs1he2oaab98kmhxp6jkbnoeti` (`course_code`);

--
-- Indexes for table `staff`
--
ALTER TABLE `staff`
  ADD PRIMARY KEY (`staff_id`);

--
-- Indexes for table `student`
--
ALTER TABLE `student`
  ADD PRIMARY KEY (`matric_no`);

--
-- Indexes for table `time_slot`
--
ALTER TABLE `time_slot`
  ADD PRIMARY KEY (`time_slot_id`);

--
-- AUTO_INCREMENT for dumped tables
--

--
-- AUTO_INCREMENT for table `authority`
--
ALTER TABLE `authority`
  MODIFY `id` bigint(20) NOT NULL AUTO_INCREMENT, AUTO_INCREMENT=10;

--
-- Constraints for dumped tables
--

--
-- Constraints for table `published_schedule`
--
ALTER TABLE `published_schedule`
  ADD CONSTRAINT `FKfhp41k75nj1bbrnidy35t7oq` FOREIGN KEY (`section_id`) REFERENCES `section` (`section_id`),
  ADD CONSTRAINT `FKfvbhvqkky2csb4319a37dut61` FOREIGN KEY (`time_slot_id`) REFERENCES `time_slot` (`time_slot_id`),
  ADD CONSTRAINT `FKjp39sjrmeaxqa987mftu6scce` FOREIGN KEY (`faculty_timetable_id`) REFERENCES `faculty_timetable` (`faculty_timetable_id`),
  ADD CONSTRAINT `FKmq1ol38cnvp6iawvppr3ljr5e` FOREIGN KEY (`lecturer_id`) REFERENCES `lecturer` (`lecturer_id`),
  ADD CONSTRAINT `FKswkdn8fc79x3ivsbb77rqp3uj` FOREIGN KEY (`classroom_id`) REFERENCES `classroom` (`classroom_id`);

--
-- Constraints for table `schedule`
--
ALTER TABLE `schedule`
  ADD CONSTRAINT `FK8k1l9kjrex28stsktw5cy8r9k` FOREIGN KEY (`faculty_timetable_id`) REFERENCES `faculty_timetable` (`faculty_timetable_id`),
  ADD CONSTRAINT `FKdo0os4mi50u1t4lbpyv050707` FOREIGN KEY (`lecturer_id`) REFERENCES `lecturer` (`lecturer_id`),
  ADD CONSTRAINT `FKetuitjit6c0fdtou4stv8rcrw` FOREIGN KEY (`time_slot_id`) REFERENCES `time_slot` (`time_slot_id`),
  ADD CONSTRAINT `FKfrx6dyaer8jpt2i3lsxdlrdb5` FOREIGN KEY (`section_id`) REFERENCES `section` (`section_id`),
  ADD CONSTRAINT `FKspegywv3sqtea4v57fo8yd4gs` FOREIGN KEY (`classroom_id`) REFERENCES `classroom` (`classroom_id`);

--
-- Constraints for table `section`
--
ALTER TABLE `section`
  ADD CONSTRAINT `FKs1he2oaab98kmhxp6jkbnoeti` FOREIGN KEY (`course_code`) REFERENCES `course` (`course_code`);
COMMIT;

/*!40101 SET CHARACTER_SET_CLIENT=@OLD_CHARACTER_SET_CLIENT */;
/*!40101 SET CHARACTER_SET_RESULTS=@OLD_CHARACTER_SET_RESULTS */;
/*!40101 SET COLLATION_CONNECTION=@OLD_COLLATION_CONNECTION */;
